Smiles,Prediction (Blocker),Actual,label,InChIKey,InChIKey_14,Source,Compound_ID,PMID
CC(C)COC1=C(C=C(C=N1)C2=CC(=C(C=C2F)C3=NNC(=N3)S(=O)(=O)NC4CC4)F)Cl,True,True,1,HKTBYIOKLBPJIO-UHFFFAOYSA-N,HKTBYIOKLBPJIO,PubChem,145963182,29709252
CS(=O)(=O)NC(=O)C1=C(C=C(C(=C1)C2CC2)OC[C@H]3CCCN(C3)CC4=C(C=C(C=C4)F)Cl)F,True,True,1,GFVCFLPKZWOAQW-HNNXBMFYSA-N,GFVCFLPKZWOAQW,PubChem,118110601,6331
Nc1nc(N)c(-c2cc(Cl)cc(Cl)c2Cl)c(CF)n1,False,True,,QEDNOUAODRFJQN-UHFFFAOYSA-N,QEDNOUAODRFJQN,eval_set_nav_60,CHEMBL448556,
CS(=O)(=O)NC(=O)C1=C(C=C(C(=C1)C2CC2)OCC3CN(C3)[C@H](C4=CC=CC=C4)C5=CC=CC=N5)F,True,True,1,UTAOYMGDFRTJNO-AREMUKBSSA-N,UTAOYMGDFRTJNO,PubChem,118120686,6331
O=C1c2cc(-c3ccc(CC(F)(F)F)cc3)ccc2OCCN1Cc1ncccn1,True,True,1,SWBURNZMILBBGD-UHFFFAOYSA-N,SWBURNZMILBBGD,data_nav_dev,CHEMBL3939418,
CS(=O)(=O)NC(=O)c1cnc(OCC23CC4CC(CC(C4)C2)C3)c(C2CC2)c1,True,True,1,BUESNIBYXCBZNE-UHFFFAOYSA-N,BUESNIBYXCBZNE,data_nav_dev,CHEMBL3657834,
COCCC1=C(C=CC(=C1)C(F)(F)F)[C@H]2CCOC3=C2C=CC(=C3)S(=O)(=O)NC4=NC=NC=C4,False,False,0,IQQDFYOJQNMXMF-LJQANCHMSA-N,IQQDFYOJQNMXMF,PubChem,126668819,6331
CC(C)(C)c1ccc2[nH]c(C(C)(C)N)nc2c1,True,True,1,CCGUDUAICHRNSB-UHFFFAOYSA-N,CCGUDUAICHRNSB,data_nav_dev,CHEMBL4466809,
C[C@H](Nc1cc(F)c(S(=O)(=O)Nc2cscn2)cc1Cl)c1cc(F)ccc1F,True,False,,KLWKJFRXLGLTIH-VIFPVBQESA-N,KLWKJFRXLGLTIH,eval_set_nav_60,CHEMBL4580996,
CC1=NC(=C(C=C1)F)CN2CC[C@@H](C2)N(C)C3=CC(=C(C=C3C)S(=O)(=O)NC4=CSC=N4)F,False,False,0,GQBIUYQZBTXKCI-INIZCTEOSA-N,GQBIUYQZBTXKCI,PubChem,132141490,6331
COC1=CC=CC=C1N2C=NC(=C2N)C(=O)NC3=CC=C(C=C3)Cl,False,False,0,QRHWRVOGYSGMTL-UHFFFAOYSA-N,QRHWRVOGYSGMTL,PubChem,139268656,6331
CN1C(=O)CN(Cc2ccccc2)C(=O)c2cc(-c3ccc(C(F)(F)F)cc3)ccc21,False,True,,LBHUBBRMFWBZLH-UHFFFAOYSA-N,LBHUBBRMFWBZLH,eval_set_nav_70,CHEMBL3955021,
C1COC2=C([C@H]1C3=C(C=C(C=C3)C(F)(F)F)CCCCF)C=CC(=C2)S(=O)(=O)NC4=NC=CC=N4,True,True,1,RVFFHAQSQFHDKW-HXUWFJFHSA-N,RVFFHAQSQFHDKW,PubChem,135193624,6331
COC1=CC=C(C=C1)C2=CC=CC=C2N3CCN(CC3)C[C@H](COC4=CC=C(C=C4)C5=CN6C=CC=CC6=N5)O,True,True,1,UMIUFZIZERXHBB-HHHXNRCGSA-N,UMIUFZIZERXHBB,PubChem,162674732,32442850
CC(C)COC1=C(C=C(C=N1)C2=NN(C3=C2C=CC(=C3)C(=O)NS(=O)(=O)C4CC4)C)Cl,False,True,1,GGGNZWFRACLHHE-UHFFFAOYSA-N,GGGNZWFRACLHHE,PubChem,155566527,30576602
COc1cc(C(F)(F)F)ccc1-c1ncnc2cc(S(=O)(=O)Nc3nccs3)ccc12,False,False,0,VSUDRCZPHWUXEW-UHFFFAOYSA-N,VSUDRCZPHWUXEW,CUPID,CUPID,
COc1ncc(Cl)cc1N1CCOc2cc(S(=O)(=O)Nc3nccs3)ccc21,True,True,1,SDBDKYZLXVUCFR-UHFFFAOYSA-N,SDBDKYZLXVUCFR,data_nav_dev,CHEMBL3890100,
C1CC1C2=CC(=C(C=C2OCC3(CCN(CC3)CC4=C(C(=CC(=C4)C(F)(F)F)Cl)F)F)F)C(=O)NS(=O)(=O)C5CC5,True,True,1,QIQDHFDWFWPFKT-UHFFFAOYSA-N,QIQDHFDWFWPFKT,PubChem,118120449,6331
NCc1noc(-c2nn(Cc3ccccc3)c3ccccc23)n1,False,True,,VUXLKOATKUTQHW-UHFFFAOYSA-N,VUXLKOATKUTQHW,eval_set_nav_70,CHEMBL512079,
CC1(CCN(CC1)C2=NC=C(C(=C2)C(F)(F)F)Cl)COC3=CC(=C(C=C3C4CC4)C(=O)NS(=O)(=O)C5CC5)F,True,True,1,DBQDFEJHUOPISY-UHFFFAOYSA-N,DBQDFEJHUOPISY,PubChem,118120529,6331
N=C(N)NCCC[C@@H]1NC(=O)[C@H]2CSSC[C@@H]3NC(=O)[C@@H](N)CSSC[C@H](NC(=O)[C@H](CCCNC(=N)N)NC(=O)[C@H](CO)NC(=O)[C@H](Cc4c[nH]cn4)NC(=O)[C@H](CC(=O)O)NC1=O)C(=O)N[C@H](C(=O)O)CSSC[C@H](NC(=O)[C@H](CC(N)=O)NC3=O)C(=O)N[C@@H](CO)C(=O)N[C@@H](CO)C(=O)N[C@@H](CCCCN)C(=O)N[C@@H](Cc1c[nH]c3ccccc13)C(=O)N2,True,False,,RBQRPVYHDUYUMZ-HXUJBDNLSA-N,RBQRPVYHDUYUMZ,eval_set_nav_60,CHEMBL4524078,
COc1cc(C2CC2)ccc1-c1nccc2c1CCN(S(=O)(=O)Nc1ncns1)C2,True,True,1,ZNNMREUPBBMXRK-UHFFFAOYSA-N,ZNNMREUPBBMXRK,data_nav_dev,CHEMBL3683230,
Cn1cc(-c2ccc(C(F)(F)F)cc2-c2ccn(C3CNC3)n2)c2ccc(S(=O)(=O)Nc3ncns3)cc21,True,True,,RJDYTEIIPSCEMA-UHFFFAOYSA-N,RJDYTEIIPSCEMA,eval_set_nav_70,CHEMBL3704413,
O=C(NS(=O)(=O)N1CCC1)c1cc(C2CC2)c(OCC23CC4(F)CC(F)(CC(F)(C4)C2)C3)cc1F,True,True,1,LXEBABFPSLDVID-UHFFFAOYSA-N,LXEBABFPSLDVID,data_nav_dev,CHEMBL3658000,
CNCCN(C)C1=C(C=CC(=C1)F)NC2=CC(=C(C=C2Cl)S(=O)(=O)NC3=CC=CC=N3)F,False,False,0,WKMYZURBBBOQKI-UHFFFAOYSA-N,WKMYZURBBBOQKI,PubChem,129135889,6331
CN1CCN(CC1)C2=C(C=CC(=C2)OC(F)(F)F)NC3=CC(=C(C=C3Cl)S(=O)(=O)NC4=CSC=N4)F,False,False,0,FNPORSLWKWJIJE-UHFFFAOYSA-N,FNPORSLWKWJIJE,PubChem,135325368,6331
CC(C)(C)OC(=O)N1CC(C1)COC2=CC(=C(C=C2C3CC3)C(=O)NS(=O)(=O)C)F,True,True,1,ISWVMFZMELKMAQ-UHFFFAOYSA-N,ISWVMFZMELKMAQ,PubChem,118120415,6331
O=C(c1ncc[nH]1)N1CCOc2ccc(-c3ccc(C(F)(F)F)cc3)cc2C1,True,True,,HLRLFPZLTDEYLD-UHFFFAOYSA-N,HLRLFPZLTDEYLD,eval_set_nav_70,CHEMBL3899278,
CN1C2=C(C=CC(=C2)C3=C(C(=CC=C3)F)OCC(C(F)(F)F)(F)F)C(=N1)N,False,False,0,KKHUHDWUJQBCCS-UHFFFAOYSA-N,KKHUHDWUJQBCCS,PubChem,122574532,6331
C1CC(CCC1CNC2=CC(=C(C=C2Cl)S(=O)(=O)NC3=NC=CS3)F)O,True,True,1,RVDMLRAYMNKJCP-UHFFFAOYSA-N,RVDMLRAYMNKJCP,PubChem,134477139,28818462
O=S(=O)(Nc1nccs1)c1ccc2c(c1)OCCN2c1ccc(Cl)c(C(F)(F)F)c1,True,True,1,CXTXHKHJPVBDLZ-UHFFFAOYSA-N,CXTXHKHJPVBDLZ,data_nav_dev,CHEMBL3925263,
Cc1cn(-c2ccc(-c3cn(CC(=O)Nc4cccc(Cl)c4Cl)nn3)cc2F)cn1,False,False,0,PRSMZNFUKBHAIS-UHFFFAOYSA-N,PRSMZNFUKBHAIS,CUPID,CUPID,
C1=CC(=CC(=C1)C(=O)NC2=CC=CC(=C2C3=C(C=CC=N3)Cl)C(F)(F)F)C4=C(C=CC=N4)C(F)(F)F,True,True,1,WRIZTMCLCILPFZ-UHFFFAOYSA-N,WRIZTMCLCILPFZ,PubChem,137651460,28684121
CN(C)CC(c1ccc(O)cc1)C1(O)CCCCC1,False,False,0,KYYIDSXMWOZKMP-UHFFFAOYSA-N,KYYIDSXMWOZKMP,CUPID,CUPID,
CS(=O)(=O)NC(=O)C1=C(C=C(C(=C1)C2CC2)OCC3(CCN(CC3)CC4=C(C(=CC(=C4)C(F)(F)F)Cl)F)C#N)F,True,True,1,PXIOSRRDENCWDU-UHFFFAOYSA-N,PXIOSRRDENCWDU,PubChem,118120602,6331
C1=CC(=CC=C1NC2=NC=NC(=N2)N)OC3=CC=C(C=C3)Cl,True,True,1,JSPXITPXMRLRIW-UHFFFAOYSA-N,JSPXITPXMRLRIW,PubChem,2730286,22306122
CCCCNC1=CC=C(C=C1)C(=O)OCCN(C)C,False,True,1,GKCBAIGFKIBETG-UHFFFAOYSA-N,GKCBAIGFKIBETG,PubChem,5411,29037948
Cc1nnc2ccc(-c3ccc(OC(F)(F)F)cc3)cn12,True,True,,WRRDEJWTTVWCNI-UHFFFAOYSA-N,WRRDEJWTTVWCNI,eval_set_nav_70,CHEMBL3809921,
CC1=CC(=CN=C1CO)C2=C3C[C@@H](COC3=CC=C2)NC(=O)C4=CN=C(C=C4)OCCOCC(F)(F)F,True,True,1,ZFXRHMDWEZEBTB-IBGZPJMESA-N,ZFXRHMDWEZEBTB,PubChem,70695046,22832315
O=C(C1CC(F)(F)C1)N1CCOc2ccc(-c3ccc(OC(F)(F)F)cc3)cc2C1,False,True,,NKVQCSLWBYQOCB-UHFFFAOYSA-N,NKVQCSLWBYQOCB,eval_set_nav_70,CHEMBL3911554,
C1CCC(CC1)N2CCN(CC2)C(=O)C3=CC=C(O3)C4=CC=C(C=C4)Cl,True,True,1,OWKCSDFZMUWPDJ-UHFFFAOYSA-N,OWKCSDFZMUWPDJ,PubChem,44585595,18501613
CCS(=O)(=O)NC(=O)C1=CC(=C(C=C1)C2=CC(=C(N=C2)OC3=C(C=C(C=C3C)Cl)Cl)Cl)OC,True,True,1,MLRCOMSZIJSMGF-UHFFFAOYSA-N,MLRCOMSZIJSMGF,PubChem,122422550,6331
COc1cc(OC)cc(-c2cn(C)c3cc(S(=O)(=O)Nc4ncns4)ccc23)c1,True,True,1,HKYTVKDPAPFIHX-UHFFFAOYSA-N,HKYTVKDPAPFIHX,data_nav_dev,71259729,71259729
Cn1ccnc1C(=O)N1CCOc2ccc(-c3ccc(C(F)(F)F)cc3)cc2C1,True,True,,TXSQHPAXNKLDSO-UHFFFAOYSA-N,TXSQHPAXNKLDSO,eval_set_nav_70,CHEMBL3902055,
COCc1onc(-c2c(Cl)cccc2Cl)c1NC(=O)OCc1ccccc1Cl,False,False,0,JOLDGUMJUYYBCM-UHFFFAOYSA-N,JOLDGUMJUYYBCM,CUPID,CUPID,
COc1cc(C(F)(F)F)ccc1-c1cnnc2cc(S(=O)(=O)Nc3nccs3)ccc12,False,False,0,JHDUSWAQVMLCAK-UHFFFAOYSA-N,JHDUSWAQVMLCAK,CUPID,CUPID,
CC1(CCN(CC1)CC2=C(C=C(C=C2)F)C(F)(F)F)COC3=CC(=C(C=C3C4CC4)C(=O)NS(=O)(=O)C)F,True,True,1,OHBBONZPZRTSGV-UHFFFAOYSA-N,OHBBONZPZRTSGV,PubChem,118111137,6331
Cn1cc(-c2cnn(C3CC3)c2)c2ccc(S(=O)(=O)Nc3ncns3)cc21,True,True,,BUZQYWYNCQKZIN-UHFFFAOYSA-N,BUZQYWYNCQKZIN,eval_set_nav_70,CHEMBL3704445,
COc1cc(-c2cc(F)cc(F)c2)ccc1-c1ncnc2cc(S(=O)(=O)Nc3nncs3)ccc12,False,False,0,HYYBWTFTRGQGEK-UHFFFAOYSA-N,HYYBWTFTRGQGEK,CUPID,CUPID,
O=S(=O)(Nc1nccs1)c1ccc2c(c1)OCCN2Cc1c[nH]c2cccnc12,True,True,,WXQPDHSUBSNERV-UHFFFAOYSA-N,WXQPDHSUBSNERV,eval_set_nav_70,,89761577
O=C1c2cc(-c3ccc(OC(F)(F)F)cc3)ccc2OCCN1Cc1ccc(F)c(F)c1,True,True,1,DEFRKAOIZOQCCJ-UHFFFAOYSA-N,DEFRKAOIZOQCCJ,data_nav_dev,CHEMBL3970035,
CC(C)(C)N1CCC[C@H](C1)OC2=CC(=C(C=C2C3CC3)C(=O)N)F,True,True,1,QUPHWLXFBKJNLP-CYBMUJFWSA-N,QUPHWLXFBKJNLP,PubChem,118120697,6331
C1=CC(=CC(=C1)C(=O)NC2=CC=CC(=C2C3=CN=CC=C3)C(F)(F)F)C4=C(C=CC=N4)C(F)(F)F,True,True,1,BGEXEHUFMGIZSJ-UHFFFAOYSA-N,BGEXEHUFMGIZSJ,PubChem,137649283,28684121
COc1ncc(-c2nc(C(=O)N=C(N)N)c(N)nc2N)cn1,False,False,0,XFGYFQDKMRBURI-UHFFFAOYSA-N,XFGYFQDKMRBURI,CUPID,CUPID,
COc1cccc(-c2ccc(-c3nccc4cc(S(=O)(=O)Nc5ccncn5)ccc34)c(OC)c2)c1,False,False,0,MULYVGMMJVMQFZ-UHFFFAOYSA-N,MULYVGMMJVMQFZ,CUPID,CUPID,
Cn1cc(C2CCCCC2)c2cc(F)c(C(=O)NS(=O)(=O)C3CC3)cc21,True,True,,ACCWQRXHODRNFI-UHFFFAOYSA-N,ACCWQRXHODRNFI,eval_set_nav_70,,155538732
CS(=O)(=O)NC(=O)C1=C(C=C(C(=C1)C2CC2)OCC3CN(C3)[C@@H](C4=CC=CC=C4)C5=CC(=CC(=C5)Cl)Cl)F,True,True,1,AGUMLPYUAXPZOR-MHZLTWQESA-N,AGUMLPYUAXPZOR,PubChem,118110748,6331
COCCN1CCN(c2cc3c(Nc4ccc(C)cc4F)c(C(N)=O)nnc3cc2OC)CC1,False,False,0,RCPJYIPGRPCJFQ-UHFFFAOYSA-N,RCPJYIPGRPCJFQ,CUPID,CUPID,
CCN([C@H]1CCN(C1)CC2=CC=CC(=C2)C)C3=C(C=C(C=C3)S(=O)(=O)NC4=NC=NS4)Cl,False,False,0,UPJXEWCQPSMPFR-SFHVURJKSA-N,UPJXEWCQPSMPFR,PubChem,132141425,6331
Fc1ccc(C(CCCNCCc2ccccc2)c2ccc(F)cc2)cc1,True,True,1,UCEVHIATVNSYMI-UHFFFAOYSA-N,UCEVHIATVNSYMI,data_nav_dev,CHEMBL3098430,
CCn1c(-c2cnc(C)nc2)nc2c(-c3cnc4c(c3)C(C)(NCC(C)(C)F)C(=O)N4)ncnc21,False,False,0,YYXYTTPRFNUTKT-UHFFFAOYSA-N,YYXYTTPRFNUTKT,CUPID,CUPID,
O=C(NCc1ccc(OC(F)(F)F)cc1)C1c2ccccc2C(=O)N1CCC1CCOCC1,False,False,0,LWAACTJZSQSIBS-UHFFFAOYSA-N,LWAACTJZSQSIBS,data_nav_dev,CHEMBL2164397,
Cn1cnc(Cn2nc3ccc(-c4ccc(OC(F)(F)F)cc4)cn3c2=O)n1,True,True,,PKMGMZYOIJAWBK-UHFFFAOYSA-N,PKMGMZYOIJAWBK,eval_set_nav_70,CHEMBL3809560,
CCS(=O)(=O)NC(=O)C1=C(C=C(C(=C1)C2CC2)OCC3CCN(CC3)[C@@H](COC)C4=C(C=C(C=C4)Cl)Cl)F,True,True,1,IKDXHRATCNECAM-VWLOTQADSA-N,IKDXHRATCNECAM,PubChem,118110749,6331
CON=C1CCC2(C)C(C1)CC(N1CCCC(N)C1)C2Oc1ccc(C#N)cc1,False,False,0,VJSJQQNZCOIINF-UHFFFAOYSA-N,VJSJQQNZCOIINF,CUPID,CUPID,
C1CN(CCC1OC2=NC=NC3=C2C=CN3CC4=C(C(=CC=C4)Cl)F)CC5=CC=CC=N5,True,True,1,ORHZOFKXBXVQCM-UHFFFAOYSA-N,ORHZOFKXBXVQCM,PubChem,70693674,22318156
C1CC1S(=O)(=O)NC(=O)C2=CC(=C(C=C2F)OCC3CCN(CC3)CC4=CC(=CC(=C4)Cl)OC(F)(F)F)Cl,True,True,1,VOGXZTHYVIFHTJ-UHFFFAOYSA-N,VOGXZTHYVIFHTJ,PubChem,118120497,6331
C1=CC(=CC(=C1)Cl)OC2=CC=C(C=C2)NC3=NC=CC(=N3)N,True,True,1,GXLQUCURFBINPN-UHFFFAOYSA-N,GXLQUCURFBINPN,PubChem,70693647,22306122
O=S(=O)(Nc1ncns1)c1ccc2c(c1)OCC(c1ccccc1)N2c1ccc(C(F)(F)F)cc1,True,True,,RPOHHODXGPCIOK-UHFFFAOYSA-N,RPOHHODXGPCIOK,eval_set_nav_60,,71712048
CS(=O)(=O)NC(=O)C1=C(C=C(C(=C1)C2CC2)OCC3CCN(CC3)S(=O)(=O)C4=CC(=C(C=C4)Br)Cl)F,True,True,1,RAMYNPHHIXANPH-UHFFFAOYSA-N,RAMYNPHHIXANPH,PubChem,118120184,6331
CC1(c2ccccc2)CCCN(C(=O)NCc2ccc(-c3ccccn3)cc2)C1,True,True,,JQJWBTBQHCLTMC-UHFFFAOYSA-N,JQJWBTBQHCLTMC,eval_set_nav_70,,46883510
Cc1c(C2CCN(C(=O)NC3CC3c3ccccc3)CC2)o[nH]c1=O,True,True,1,GQPZWGHDZGLONB-UHFFFAOYSA-N,GQPZWGHDZGLONB,data_nav_dev,45269948,45269948
CN([C@H]1CCN(C1)CC2=NC(=CC=C2)Br)C3=CC(=C(C=C3Cl)S(=O)(=O)NC4=CSC=N4)F,True,False,0,MRCDRWKJKXYPPV-AWEZNQCLSA-N,MRCDRWKJKXYPPV,PubChem,132141591,6331
C1CC1C2=CC(=C(C=C2CN3CCC(CC3)OC4=CC(=C(C=C4)Cl)Cl)F)C(=O)NS(=O)(=O)C5CC5,True,True,1,ODTVLWVECQNUSX-UHFFFAOYSA-N,ODTVLWVECQNUSX,PubChem,118110887,6331
C1COCCC1NC2=CC(=C(C=C2Cl)S(=O)(=O)NC3=NC=CS3)F,True,True,1,FWAKXWHXMNSHGM-UHFFFAOYSA-N,FWAKXWHXMNSHGM,PubChem,137636856,28818462
CS(=O)(=O)c1ccc2c(c1)CCC1(CCN(C(=O)Cc3ccc(Cl)cc3Cl)CC1)O2,True,True,,RTSHWIRSEUIDML-UHFFFAOYSA-N,RTSHWIRSEUIDML,eval_set_nav_60,CHEMBL497829,
O=C1c2cc(-c3ccc(C4CC4)cc3)ccc2OCCN1Cc1ncccn1,True,True,1,GAWAEEHCJNODHR-UHFFFAOYSA-N,GAWAEEHCJNODHR,data_nav_dev,CHEMBL3930773,
CC1=NC(=CO1)C2=C(C=CC(=C2)C(F)(F)F)[C@@H]3CCOC4=C3C=CC(=C4)S(=O)(=O)NC5=NN=CC=C5,False,False,0,UPTAXZJGAITAKS-SFHVURJKSA-N,UPTAXZJGAITAKS,PubChem,126650400,6331
CC1=CC(=CC=C1)C(=O)N2CCC3(CC2)C4=CC=CN4C5=C(N3)C=C(C=C5)OC,True,True,1,HNEFBEDRUBCBPJ-UHFFFAOYSA-N,HNEFBEDRUBCBPJ,PubChem,53025901,25113934
CN(C)C1=C(C=CC(=C1)C(=O)N2CCC3(CC2)C4=CC=CN4C5=C(N3)C=C(C=C5)OC(F)F)OC,True,True,1,QWEHIZAOKREMOE-UHFFFAOYSA-N,QWEHIZAOKREMOE,PubChem,118714772,25288187
COC1=C(C=C(C(=C1)C2=CC(=CC=C2)F)Cl)C3=NC=CC4=CC(=C(C=C43)F)S(=O)(=O)NC5=NOC=C5,True,False,0,KOLQEMHICHJBIM-UHFFFAOYSA-N,KOLQEMHICHJBIM,PubChem,117740260,6331
CC1(C(=O)N2CCOc3ccc(-c4ccc(OC(F)(F)F)cc4)cc3C2)CC1,True,True,,RLWSGJTXZQUQLN-UHFFFAOYSA-N,RLWSGJTXZQUQLN,eval_set_nav_70,CHEMBL3976117,
COCCCC1=C(C=CC(=C1)C(F)(F)F)[C@H]2CCOC3=C2C=CC(=C3)S(=O)(=O)NC4=NC=NC=C4,True,True,1,UOTNRDAWNWUHGV-HXUWFJFHSA-N,UOTNRDAWNWUHGV,PubChem,126668815,6331
O=C(NS(=O)(=O)C1CC1)c1cc(Cl)c(OCCC2CCC3(CCN(Cc4ccsc4)CC3)C2)cc1F,False,False,0,KCYQMNUPNUZCDA-UHFFFAOYSA-N,KCYQMNUPNUZCDA,CUPID,CUPID,
CC1(CCCN(C1)C(=O)NCC2=CC=C(C=C2)C3=CC(=CC=C3)Cl)C4=CC=CC=C4,True,True,1,SFAHBRRRIPXYTB-UHFFFAOYSA-N,SFAHBRRRIPXYTB,PubChem,46883509,19682899
CC1=CN=C(C=N1)C2=C(C=CC(=C2CCNC(=O)C3=CN=C(C=C3)COCC(F)(F)F)F)F,True,True,1,KIUXNJQZXKKJTD-UHFFFAOYSA-N,KIUXNJQZXKKJTD,PubChem,71451085,22939696
Cl.Cl.Nc1nc2c(s1)C[C@@H](NC(=O)[C@@H]1CCCN1)CC2,False,False,,QTKCIOLFYDHNAJ-VZIDAPDWSA-N,QTKCIOLFYDHNAJ,eval_set_nav_70,CHEMBL3085868,
C1C[C@H](CN(C1)CC2=CC(=C(C=C2)Cl)Cl)OC3=CC(=C(C=C3C4CC4)C(=O)NS(=O)(=O)N5CCC5)F,True,True,1,SNRRDPDZYDUBBS-GOSISDBHSA-N,SNRRDPDZYDUBBS,PubChem,118120458,6331
CNC(=O)c1c(-c2ccc(F)cc2)oc2cc(N(C)S(C)(=O)=O)c(-c3ccc4ncn5c6cccc(F)c6cc5c4n3)cc12,False,False,0,QUQQSAYJYFXNAN-UHFFFAOYSA-N,QUQQSAYJYFXNAN,CUPID,CUPID,
O=[N+]([O-])c1ccc(-c2ccc3nnc(C(F)(F)F)n3c2)cc1,True,True,,QFLBDPRBRBLTMC-UHFFFAOYSA-N,QFLBDPRBRBLTMC,eval_set_nav_70,CHEMBL3810029,
FC(F)(F)c1nnc2ccc(-c3ccc(Cl)cc3Cl)cn12,True,True,,VPHPSGABKOYERE-UHFFFAOYSA-N,VPHPSGABKOYERE,eval_set_nav_60,CHEMBL3809139,
CCCN[C@@H](C)c1c(-c2cc(C)cc(C)c2)[nH]c2ccc(C(C)(C)C(=O)N3C4CCC3CC4)cc12,True,True,1,CHORXNDLHAFLCJ-ANYOXOOPSA-N,CHORXNDLHAFLCJ,data_nav_dev,CHEMBL1643712,
CC1=NC=C(C=C1)C2=C(C=CC(=C2)C(F)(F)F)[C@H]3CCOC4=C3C=CC(=C4)S(=O)(=O)NC5=NC(=CC=C5)F,True,True,1,BCWBNSSZRLWCHD-OAQYLSRUSA-N,BCWBNSSZRLWCHD,PubChem,126668526,32368909
C1CN(CCC1OC2=NC=NC3=C2C=CN3CC4=CC=CC=C4)CC5=CC=CC=C5,True,True,1,BAOSULLFFBZYSX-UHFFFAOYSA-N,BAOSULLFFBZYSX,PubChem,70689473,22318156
CNCCCN1C2=CC=CC=C2CCC3=CC=CC=C31,True,True,1,HCYAFALTSJYZDH-UHFFFAOYSA-N,HCYAFALTSJYZDH,PubChem,2995,21300721
C[C@@H]1CN(CCN1[C@H](C)C2=CC(=CC(=C2)Cl)Cl)CC3=CC(=C(C=C3C4CC4)C(=O)N)F,True,True,1,JZQURVBEWWCEHW-HUUCEWRRSA-N,JZQURVBEWWCEHW,PubChem,118120731,6331
CC1=CC(=C(C=C1C2=CC(=C(N=C2)OC3=C(C=C(C=C3Cl)F)F)Cl)F)C(=O)NS(=O)(=O)C,True,True,1,FTOCXEGUCFSPQX-UHFFFAOYSA-N,FTOCXEGUCFSPQX,PubChem,122422470,6331
CN([C@@H]1CCN(C1)CC2=CC=CC=C2)C3=C(C=C(C=C3)S(=O)(=O)NC4=NC=NS4)Cl,False,False,0,HWZPSRQCMSIPIQ-MRXNPFEDSA-N,HWZPSRQCMSIPIQ,PubChem,132142372,6331
C[C@@]12C[C@@H]3CN=C(N[C@@]3([C@@](O1)(CC2=O)O)C)N,False,False,0,FHGWEHGBCSMDMW-LFRFXUESSA-N,FHGWEHGBCSMDMW,PubChem,162660578,32896120
CC1=C(N(C2=C1C(=NC=N2)OC3CCN(CC3)CC4=CSC=N4)CC5=CC=CC=C5)C,True,True,1,AKEOVDDAHTWBGN-UHFFFAOYSA-N,AKEOVDDAHTWBGN,PubChem,70695774,22318156
COC1=CC2=C(C=C1)N3C=CC=C3C4(N2)CCN(CC4)C(=O)C5=CC=CC=C5OC,True,True,1,MFKQUSDXSZFIBR-UHFFFAOYSA-N,MFKQUSDXSZFIBR,PubChem,53025909,25113934
C1CN(C(=O)N1)CCOC2=NN(C3=C2C=C(C=C3)F)C4=CC=CC=C4F,True,True,1,CNIKHLHYNGKNJM-UHFFFAOYSA-N,CNIKHLHYNGKNJM,PubChem,127047645,27015369
C1CN(CCN1[C@H](C2=CC=CC=C2)C(=O)NCC3=CC=CC=C3)C(=O)C4=C(N=CC(=C4)F)Cl,True,True,1,AUTJOPRJESGHDP-JOCHJYFZSA-N,AUTJOPRJESGHDP,PubChem,145987154,30108793
C1CNC[C@H](C1C2=CC(=C(C=C2)Cl)Cl)COC3=CC(=C(C=C3F)S(=O)(=O)NC4=NC=NS4)F,False,False,0,JVNFXYUGRQQZML-UEWDXFNNSA-N,JVNFXYUGRQQZML,PubChem,117625346,6331
COCCCOC1=C(C=CC(=C1)C(F)(F)F)[C@H]2CCOC3=C2C=CC(=C3)S(=O)(=O)NC4=NC(=CC=C4)F,True,True,1,QOFPFEIFBBRZJP-GOSISDBHSA-N,QOFPFEIFBBRZJP,PubChem,126649874,6331
C1C2CN(CC1N2C(=O)C3=C(C=CC(=C3)F)Cl)[C@H](C4=CC=CC=C4)C(=O)NCC5=CC=CC=C5,True,True,1,MJFJLDQHFLELII-XUNZJTMSSA-N,MJFJLDQHFLELII,PubChem,145978986,30108793
CN[C@@H]1CC[C@H](N2CC[C@H](Nc3ncnc4ccc(C(F)(F)F)cc34)C2=O)[C@H](NC(C)=O)C1,False,False,0,XAEGFERQJKCQQO-FDPIWHGQSA-N,XAEGFERQJKCQQO,data_nav_dev,CHEMBL4760098,
CN1CCN(c2cc(C(F)(F)F)ccc2N2CCOc3cc(S(=O)(=O)Nc4nccs4)ccc32)CC1,True,True,1,NDLBOYOWPCRMAR-UHFFFAOYSA-N,NDLBOYOWPCRMAR,data_nav_dev,CHEMBL3900428,
CCN(CC)C(=O)CCC1(c2ccccc2)CCCN(C(=O)Nc2ccc(Cl)cc2)C1,True,True,1,YWSWCOZFNGPLJG-UHFFFAOYSA-N,YWSWCOZFNGPLJG,data_nav_dev,CHEMBL1078628,
C1=CC=C(C(=C1)OC2=CC=C(C=C2)NC3=NC=CC(=N3)N)Cl,True,True,1,MRPYQYRDAONMAU-UHFFFAOYSA-N,MRPYQYRDAONMAU,PubChem,70681040,22306122
CN(C)C1=C(C=CC(=C1)C(=O)N2CCC3(CC2)C4=CC=CN4C5=CC(=C(C=C5N3)OC)F)OC,True,True,1,NESLCFXDKPAXII-UHFFFAOYSA-N,NESLCFXDKPAXII,PubChem,118714774,25288187
O=S(=O)(Nc1ncns1)c1cc(F)c(OC2OCCNC2c2ccc(Cl)nc2)cc1F,False,False,0,XUXADYQVXIOPJZ-UHFFFAOYSA-N,XUXADYQVXIOPJZ,CUPID,CUPID,
CNCCN(C)C1=C(C=CC(=C1)F)NC2=CC(=C(C=C2Cl)S(=O)(=O)NC3=NC=CS3)F,True,False,0,JYSKKAYROUXYED-UHFFFAOYSA-N,JYSKKAYROUXYED,PubChem,129136370,6331
O=C1c2cc(-c3ccc(OC(F)(F)F)cc3)ncc2OCCN1Cc1ccccc1,True,True,1,XJZLPEYDVPIKOW-UHFFFAOYSA-N,XJZLPEYDVPIKOW,data_nav_dev,CHEMBL3929512,
Cl.Nc1nc(-c2cccc(NC(=O)c3c[nH]c4ccccc34)c2)c[nH]1,False,False,,BVGBQFYLRMCMEZ-UHFFFAOYSA-N,BVGBQFYLRMCMEZ,eval_set_nav_70,CHEMBL3113255,
FC(F)(F)CNc1ccc(-c2ccc3nnc(C(F)(F)F)n3c2)cc1,True,True,,FIAUAOCLBYJKGH-UHFFFAOYSA-N,FIAUAOCLBYJKGH,eval_set_nav_70,CHEMBL3808781,
COC1=C(C=C(C(=C1)C2=C(N=CC(=C2)F)OC)C#N)C3=NC=CC4=C3C=CC(=C4)S(=O)(=O)NC5=NOC=C5,False,False,0,VSNFDPKPLZSPLQ-UHFFFAOYSA-N,VSNFDPKPLZSPLQ,PubChem,121333958,6331
COc1ccc(Cl)cc1-c1nccc2cc(S(=O)(=O)Nc3ncns3)ccc12,False,False,0,DDZMARYJOHQSJW-UHFFFAOYSA-N,DDZMARYJOHQSJW,CUPID,CUPID,
CS(=O)(=O)c1ccc(-c2cnc(N)c(-c3ccc(C(F)(F)F)nc3)c2)cc1,True,True,1,RTJQABCNNLMCJF-UHFFFAOYSA-N,RTJQABCNNLMCJF,data_nav_dev,CHEMBL2041980,
C1CC1C2=CC(=C(C=C2OCC3CCN(CC3)C4(COC4)C5=CC(=CC(=C5)Cl)Cl)F)C(=O)NS(=O)(=O)C6CC6,True,True,1,LNZNUXVENBAPOZ-UHFFFAOYSA-N,LNZNUXVENBAPOZ,PubChem,118111040,6331
Cn1cncc1C(=O)N1CCOc2ccc(-c3ccc(C(F)(F)F)cc3)cc2C1,True,True,,HKWQSDHEZUENQF-UHFFFAOYSA-N,HKWQSDHEZUENQF,eval_set_nav_70,CHEMBL3953488,
CN([C@H]1CCN(C1)CC2=CC=CS2)C3=CC(=C(C=C3Cl)S(=O)(=O)NC4=CSC=N4)F,False,False,0,DDDSFCBWEZZPCQ-ZDUSSCGKSA-N,DDDSFCBWEZZPCQ,PubChem,132141750,6331
C[C@H](C1=CC=CC=C1)N2CCC(CC2)OC3=C(C=C(C=C3)S(=O)(=O)NC4=NC=C(C=N4)F)Cl,False,False,0,OSDNUBHAHGVCFG-MRXNPFEDSA-N,OSDNUBHAHGVCFG,PubChem,132141644,6331
COc1cc(C(F)(F)F)ccc1-c1nccc2cc(S(=O)(=O)Nc3ncns3)ccc12,False,False,0,JXNFMVUGEKAWQP-UHFFFAOYSA-N,JXNFMVUGEKAWQP,CUPID,CUPID,
CN([C@H]1CCN(C1)CC2=CC(=CC=C2)C(F)(F)F)C3=CC(=C(C=C3Cl)S(=O)(=O)NC4=CSC=N4)F,False,True,1,BSMGQIYCOMFQNZ-INIZCTEOSA-N,BSMGQIYCOMFQNZ,PubChem,132142096,6331
Cc1ccc(C#N)c(N2CCOc3cc(S(=O)(=O)Nc4nccs4)ccc32)c1,True,True,1,MDBYYNDTOAKBMZ-UHFFFAOYSA-N,MDBYYNDTOAKBMZ,data_nav_dev,CHEMBL3923857,
CC(C)COC1=C(C=C(C=N1)C2=CN(C3=C2C=CC(=C3)C(=O)NS(=O)(=O)N(C)C)C)Cl,False,True,1,GGGZIQKBLHEAFX-UHFFFAOYSA-N,GGGZIQKBLHEAFX,PubChem,132020421,30576602
FC(F)(F)Oc1ccc(-c2ccc3nc(C(F)(F)F)nn3c2)cc1,True,True,,HTDIUSNAZRHFAD-UHFFFAOYSA-N,HTDIUSNAZRHFAD,eval_set_nav_60,CHEMBL3809153,
CC1=C(C(=C(C=C1OC2(CCN(C2)CC3=CC=CC=C3)C)F)S(=O)(=O)NC4=NC=CS4)F,False,False,0,DBDVMPBQLFTNNJ-UHFFFAOYSA-N,DBDVMPBQLFTNNJ,PubChem,132142229,6331
C1=CC(=CN=C1)C(C2=CN=CC=C2)[C@H](C3=C(N=CC=C3)C4=CC(=CC(=C4)Cl)Cl)O,True,False,0,ZRXWXSZEIJIKNS-QHCPKHFHSA-N,ZRXWXSZEIJIKNS,PubChem,16722295,28131713
CCC(Nc1ccc(S(=O)(=O)Nc2nccs2)cc1Cl)c1ccccc1,False,False,,SDPRTZGVTOHKRX-UHFFFAOYSA-N,SDPRTZGVTOHKRX,eval_set_nav_60,,134585934
Cc1cccc(N2CCOc3cc(S(=O)(=O)Nc4nccs4)ccc32)c1,True,True,1,QMGBTMBWRBQIJM-UHFFFAOYSA-N,QMGBTMBWRBQIJM,data_nav_dev,71711695,71711695
CS(=O)(=O)NC(=O)C1=C(C=C(C(=C1)C2CC2)O[C@@H]3CCCN(C3)CC4=CC(=CC=C4)C5=CC=CC=C5)F,True,True,1,FMFYHAKGBTVJEQ-XMMPIXPASA-N,FMFYHAKGBTVJEQ,PubChem,118110830,6331
COc1cc(-c2cc(F)cc(F)c2)c(F)cc1-c1nccc2cc(S(=O)(=O)Nc3nncs3)ccc12,False,False,0,HHYGQXGPTBIGDW-UHFFFAOYSA-N,HHYGQXGPTBIGDW,CUPID,CUPID,
COc1cc(-c2cc(F)cnc2OC)c(F)cc1-c1nccc2cc(S(=O)(=O)Nc3ccon3)ccc12,True,True,1,SWKNAMZCGMPKQA-UHFFFAOYSA-N,SWKNAMZCGMPKQA,data_nav_dev,CHEMBL4104224,
CNc1nc(-c2cccc(NC(=O)c3ccco3)c2)cn1C(=O)OC(C)(C)C,False,False,0,LVVGMLWVACRKAD-UHFFFAOYSA-N,LVVGMLWVACRKAD,CUPID,CUPID,
COC1=C(C=C(C(=C1)Cl)C2=CC(=CC=C2)F)C3=NC=CC4=C3C=CC(=C4)S(=O)(=O)NC5=NOC=C5,False,False,0,SCHLNJGQPNICPE-UHFFFAOYSA-N,SCHLNJGQPNICPE,PubChem,121333896,6331
Cc1cc(Cn2nc3ccc(-c4ccc(OC(F)(F)F)cc4)cn3c2=O)on1,True,True,,GVLLPSKBAGVQRD-UHFFFAOYSA-N,GVLLPSKBAGVQRD,eval_set_nav_70,,58044315
O=S(=O)(Nc1ncns1)c1ccc2c(c1)OCCN2c1cccc2ccccc12,True,True,1,VAXBNOQDKPWVQN-UHFFFAOYSA-N,VAXBNOQDKPWVQN,data_nav_dev,CHEMBL3944754,
CC1=CC(=C(C=C1)NC2=C(N=NC3=CC(=C(C=C32)N4CCN(CC4)C(C)C)OC)C(=O)N)F,True,True,1,GLPPLVUGEIUTSD-UHFFFAOYSA-N,GLPPLVUGEIUTSD,PubChem,71812606,23842474
CC1=CC(=C(C=C1N(C)C2CCN(CC2)[C@H](C)C3=CC=CC=C3)F)S(=O)(=O)NC4=CSC=N4,False,False,0,SUUGGLCRMKIDCF-GOSISDBHSA-N,SUUGGLCRMKIDCF,PubChem,132141689,6331
CC1=NC(=CO1)C2=C(C=CC(=C2)C(F)(F)F)[C@H]3CCOC4=C3C=CC(=C4)S(=O)(=O)NC5=NC=CC=N5,True,False,0,OEPSFAYULIBVBM-GOSISDBHSA-N,OEPSFAYULIBVBM,PubChem,126668897,32368909
C1CN(CCC1OC2=CC(=C(C=C2Cl)S(=O)(=O)NC3=NC=CS3)F)CC4=CC=CC=C4,False,False,0,GLMLTBONXAXOHT-UHFFFAOYSA-N,GLMLTBONXAXOHT,PubChem,132141636,6331
CCCc1nc(C)c2c(=O)[nH]c(-c3cc(S(=O)(=O)N4CCN(CC)CC4)ccc3OCC)nn12,False,False,0,SECKRCOLJRRGGV-UHFFFAOYSA-N,SECKRCOLJRRGGV,CUPID,CUPID,
O=C(c1nc[nH]n1)N1CCOc2ccc(-c3ccc(C(F)(F)F)cc3)cc2C1,True,True,,ZLSAZKQEVNWYQT-UHFFFAOYSA-N,ZLSAZKQEVNWYQT,eval_set_nav_70,CHEMBL3913750,
COc1cc(C(=O)NS(C)(=O)=O)ccc1-c1cnc(Oc2cc(Cl)cc(Cl)c2)c(C#N)c1,False,False,0,IMPGUFQVHAXJGI-UHFFFAOYSA-N,IMPGUFQVHAXJGI,CUPID,CUPID,
CNC1CCN(C1)C2=C(C=CC(=C2)C(F)(F)F)NC3=CC(=C(C=C3)S(=O)(=O)NC4=CSC=N4)F,False,False,0,YZHSBAJGLZIGBN-UHFFFAOYSA-N,YZHSBAJGLZIGBN,PubChem,135325200,6331
c1ccc(N2CCN(Cc3nc4ccccc4[nH]3)CC2)nc1,True,True,1,FRPJGTNLZNXQEX-UHFFFAOYSA-N,FRPJGTNLZNXQEX,data_nav_dev,CHEMBL440687,
C1CN(C[C@@H]([C@H]1OC2=CC(=C(C=C2F)S(=O)(=O)NC3=NC=C(S3)F)F)C4=CC=CC=C4)CC(F)(F)F,True,True,1,GHQYWTKNXLWZCO-PBHICJAKSA-N,GHQYWTKNXLWZCO,PubChem,164609386,34044121
CN=C(N)NC(=O)Nc1c(C)cccc1C,True,False,0,RRHJHSBDJDZUGL-UHFFFAOYSA-N,RRHJHSBDJDZUGL,CUPID,CUPID,
O=C(Oc1ccc([N+](=O)[O-])cc1)N1CCOc2cc(S(=O)(=O)Nc3nccs3)ccc21,True,True,,DRRSLMJDRWFTEP-UHFFFAOYSA-N,DRRSLMJDRWFTEP,eval_set_nav_60,,89761937
Cn1nccc1[C@H]1CCCC[C@@H]1Oc1cc(F)c(S(=O)(=O)Nc2ncns2)cc1F,False,False,0,NCYAOGNZTIDLCT-ABAIWWIYSA-N,NCYAOGNZTIDLCT,data_nav_dev,89963239,89963239
CC(C)(C)Oc1cc(-c2ccc3c(c2)C(=O)N(Cc2ccccn2)CCO3)ccn1,True,True,,WXRUYCXPUQTRHE-UHFFFAOYSA-N,WXRUYCXPUQTRHE,eval_set_nav_70,CHEMBL3914690,
CC1=CC(=C(C=C1N(C)[C@H]2CCN(C2)CC3=NN(C=C3)C(F)F)F)S(=O)(=O)NC4=CSC=N4,False,False,0,SVIQCPQXOGYORQ-HNNXBMFYSA-N,SVIQCPQXOGYORQ,PubChem,132141336,6331
COc1cccc2c(O)n(CCc3ccccn3)c(C(=O)NCc3ccc(OC(F)(F)F)cc3)c12,False,False,0,JLAYXQRVAFRROJ-UHFFFAOYSA-N,JLAYXQRVAFRROJ,CUPID,CUPID,
O=C1COc2cc(S(=O)(=O)Nc3nncs3)ccc2N1c1cccc(Cl)c1,False,True,,JINAKERWLWJBCQ-UHFFFAOYSA-N,JINAKERWLWJBCQ,eval_set_nav_60,,71711364
CC1=NC(=C(C=C1)F)CN2CC[C@@H](C2)N(C)C3=CC(=C(C=C3Cl)S(=O)(=O)NC4=CSC=N4)F,False,False,0,YLUTWCUFBMBBBY-AWEZNQCLSA-N,YLUTWCUFBMBBBY,PubChem,132141445,6331
O=C1c2cc(-c3ccc(OC(F)(F)F)cc3)ccc2OCCN1CC(F)F,True,True,1,FQBFESQZNLUIFX-UHFFFAOYSA-N,FQBFESQZNLUIFX,data_nav_dev,CHEMBL3970290,
CC1C(=O)NC2=C(O1)C=CC(=C2)OCCCCN3CCN(CC3)C4=CC=CC=C4C5=CC=C(C=C5)OC,True,True,1,YWHVBZKUIRBJHI-UHFFFAOYSA-N,YWHVBZKUIRBJHI,PubChem,162676611,32442850
CCCC1=CC=C(C=C1)CN2CC[C@@H](C2)N(C)C3=CC(=C(C=C3Cl)S(=O)(=O)NC4=CSC=N4)F,True,True,1,HHNFXOYVWYCPDX-IBGZPJMESA-N,HHNFXOYVWYCPDX,PubChem,132141426,6331
C1CN(C[C@H](C1C2=CC(=C(C=C2)F)F)COC3=CC(=C(C=C3F)S(=O)(=O)NC4=NC=C(S4)Cl)F)C(=O)N,True,False,0,DCTXGZORGKDRBN-UEWDXFNNSA-N,DCTXGZORGKDRBN,PubChem,117625334,6331
CCc1ccc2nc(N3CCC(N[C@H]4CCCC[C@@H]4O)CC3)c(-c3nc(C)no3)cc2c1,True,True,1,UPIGINOFGWONOH-GOTSBHOMSA-N,UPIGINOFGWONOH,data_nav_dev,CHEMBL4576339,
C1CN(CCC1OC2=NC=NC3=C2C=CN3CC4=CC=CC=C4Cl)CC5=CSC=N5,True,True,1,JZGNUJUVVQHLMQ-UHFFFAOYSA-N,JZGNUJUVVQHLMQ,PubChem,70685265,22318156
COc1cc(CC(C)(C)C)ccc1-c1nccc2cc(S(=O)(=O)Nc3ccncn3)ccc12,False,False,0,CBNSHQLPFOOXEN-UHFFFAOYSA-N,CBNSHQLPFOOXEN,CUPID,CUPID,
O=C(O)CNC(=O)c1c(O)c2c(n(Cc3ccc(C(F)(F)F)cc3)c1=O)COC2,False,False,0,YAXLMMDYZWFFAQ-UHFFFAOYSA-N,YAXLMMDYZWFFAQ,CUPID,CUPID,
N=C(N)NC(=O)c1nc(Cl)c(N)nc1N,False,False,,XSDQTOBWRPYKKA-UHFFFAOYSA-N,XSDQTOBWRPYKKA,eval_set_nav_60,CHEMBL945,
CC1=C(C=C(C=C1)C2=CC(=C(C=C2C#N)C3=NC=CC4=C3C=CC(=C4)S(=O)(=O)NC5=NOC=C5)OC)Cl,False,False,0,VTLPWCHHXZNAJC-UHFFFAOYSA-N,VTLPWCHHXZNAJC,PubChem,121333890,6331
N#Cc1ccc(Cl)cc1N1CCOc2cc(S(=O)(=O)Nc3nccs3)ccc21,True,True,1,FCDSSBHTPHSGBA-UHFFFAOYSA-N,FCDSSBHTPHSGBA,data_nav_dev,CHEMBL3911405,
CN1C(=CC=N1)C2=C(C=CC(=C2)C(F)(F)F)[C@@H]3CCOC4=C3C=CC(=C4)S(=O)(=O)NC5=NC=CN=C5,False,False,0,KXCGWMLVBGOIMF-SFHVURJKSA-N,KXCGWMLVBGOIMF,PubChem,126650552,6331
O=C1c2cc(-c3ccc(Cl)c(F)c3)c(F)cc2OCCN1Cc1ncccc1F,True,True,,BUMKRNZIRDZECE-UHFFFAOYSA-N,BUMKRNZIRDZECE,eval_set_nav_70,CHEMBL3895000,
O=C(NCc1ccccc1Br)c1c2ccccc2c(O)n1CCc1ccccn1,False,False,0,NTMXMLPHBPWTAG-UHFFFAOYSA-N,NTMXMLPHBPWTAG,CUPID,CUPID,
CC1(c2ccccc2)CN(c2cccc3cc(S(=O)(=O)Nc4ncns4)ccc23)CCO1,False,True,,UIHBPMLKWAVTGJ-UHFFFAOYSA-N,UIHBPMLKWAVTGJ,eval_set_nav_70,,71585933
COC1=CC(=CC=C1)OCC(CN2CCC(CC2)N3CC4=CC=CC=C4C3=O)O,False,True,1,NCDRTMQMVMDRCU-UHFFFAOYSA-N,NCDRTMQMVMDRCU,PubChem,122196023,26358159
O=C1c2cc(-c3cnc(N4CCCCC4)nc3)ccc2OCCN1Cc1ncccn1,True,True,,FHINJRQEQOCAFV-UHFFFAOYSA-N,FHINJRQEQOCAFV,eval_set_nav_70,CHEMBL3917478,
CC1=C(C=CC(=C1)F)S(=O)(=O)N2CCC(CC2)COC3=CC(=C(C=C3C4CC4)C(=O)NS(=O)(=O)C)F,True,True,1,LMEMEPZYQPWHMQ-UHFFFAOYSA-N,LMEMEPZYQPWHMQ,PubChem,118110700,6331
O=C(c1ccc(C(F)(F)F)cc1)N1CCC2(CCc3ccccc3O2)CC1,True,True,,QYZZTCYPDDNZDI-UHFFFAOYSA-N,QYZZTCYPDDNZDI,eval_set_nav_70,CHEMBL524992,
COc1cc(Cl)cnc1N1CC(C)Oc2cc(S(=O)(=O)Nc3nccs3)ccc21,True,True,1,JVAMQXMYGZEAKW-UHFFFAOYSA-N,JVAMQXMYGZEAKW,data_nav_dev,117919190,117919190
O=C1c2cc(-c3ccc(C(F)(F)F)cc3)ccc2OC[C@H]2CCCN12,True,True,,XGRIJLUQHBJDKB-OAHLLOKOSA-N,XGRIJLUQHBJDKB,eval_set_nav_70,CHEMBL3915454,
CC12CCC(C(F)F)CC1CC(N1CCCC(N)C1)C2Oc1ccc(C#N)cc1,False,False,0,UXJLMBOKOQNNEP-UHFFFAOYSA-N,UXJLMBOKOQNNEP,CUPID,CUPID,
Cl.Nc1nc(-c2ccc(NC(=O)[C@@H]3CCCN3)cc2)c[nH]1,True,False,,AFQZUHZFTSLCLV-MERQFXBCSA-N,AFQZUHZFTSLCLV,eval_set_nav_70,CHEMBL3113260,
COc1ccccc1OCC(Cn1nc2ccc(-c3ccc(OC(F)(F)F)cc3)cn2c1=O)OC,True,True,,CFZZBGFEIPOQTD-UHFFFAOYSA-N,CFZZBGFEIPOQTD,eval_set_nav_60,CHEMBL2147048,
CS(=O)(=O)NC(=O)C1=C(C=C(C(=C1)C2CC2)OCC3CCN(CC3)CC4=CC=C(C=C4)F)F,True,True,1,IBTQLIRAVMSGQT-UHFFFAOYSA-N,IBTQLIRAVMSGQT,PubChem,118110793,6331
Cn1nccc1-c1cc(C(F)(F)F)ccc1-c1cccc2cc(S(=O)(=O)Nc3nccs3)ccc12,True,True,1,WSDDORJHYGSRLF-UHFFFAOYSA-N,WSDDORJHYGSRLF,data_nav_dev,CHEMBL3682657,
CC1=CC=C(C=C1)C(=O)NC(=NCCCC2=CC=CC=C2)N,True,True,1,ZRPKAFVKHPVXSB-UHFFFAOYSA-N,ZRPKAFVKHPVXSB,PubChem,22149200,11720863
O=S(=O)(Nc1cscn1)c1ccc2c(c1)OCCN2c1ccc(C(F)(F)F)cc1C1=CCNCC1,True,True,1,RXBXYALWOWIBJE-UHFFFAOYSA-N,RXBXYALWOWIBJE,data_nav_dev,71711550,71711550
C1C[C@@H](CN(C1)CC2=CC=CC=C2)OC3=CC(=C(C=C3C4CC4)C(=O)NS(=O)(=O)N5CCC5)F,True,True,1,NVDJRUZWJVKEIQ-FQEVSTJZSA-N,NVDJRUZWJVKEIQ,PubChem,118120769,6331
CC(C)(C1=CC=CC=C1)N2CC[C@@H](C2)N(C)C3=CC(=C(C=C3Cl)S(=O)(=O)NC4=CSC=N4)F,True,False,0,HBGSYDPAKUXTJO-KRWDZBQOSA-N,HBGSYDPAKUXTJO,PubChem,132141680,6331
Cc1cc(Cl)ccc1-c1cccc2cc(S(=O)(=O)Nc3ncns3)ccc12,False,True,1,UDKBNVUPZAZNQZ-UHFFFAOYSA-N,UDKBNVUPZAZNQZ,data_nav_dev,CHEMBL3682644,
O=S(=O)(Nc1nccs1)c1ccc2c(c1)OCCN2c1cccc(C(F)(F)F)c1,True,True,1,HBUNZGRXAYAWTR-UHFFFAOYSA-N,HBUNZGRXAYAWTR,data_nav_dev,CHEMBL3937896,
C1CN(CCC1N2C(=O)COC3=CC=CC=C32)CC(COC4=CC=CC=C4C(=O)C5=CC=CC=C5)O,False,True,1,NNRBEHWLAFGHPH-UHFFFAOYSA-N,NNRBEHWLAFGHPH,PubChem,122196013,26358159
COc1ccc2ncc(F)c(CC[C@@]3(O)CO[C@@H]4[C@@H](NCc5cc6c(cn5)OCCO6)CO[C@@H]43)c2n1,True,False,0,QWVOWTQCAWDAIT-LVEBQJTPSA-N,QWVOWTQCAWDAIT,data_nav_dev,CHEMBL4788651,
O=C(O)CCC1(c2ccncc2)CCCN(C(=O)Nc2ccc(Cl)cc2)C1,True,True,1,JIXUFNPVCLBVDU-UHFFFAOYSA-N,JIXUFNPVCLBVDU,data_nav_dev,CHEMBL1078336,
CN1C(=O)C2=C(C=CC(=C2)S(=O)(=O)NC3=NN=CS3)C(=N1)C4=C(C=C(C(=C4)Cl)C5=CC(=CC(=C5)F)F)OC,False,False,0,DYYQXBRRKNKUCJ-UHFFFAOYSA-N,DYYQXBRRKNKUCJ,PubChem,139208267,6331
C[C@H]1C[C@H](CCO1)N2C(=O)C[C@@](N=C2N)(C)C3=C(C(=CC=C3)NC4=CN=C(C=C4)C5CC5)Cl,True,True,1,NRQARCCHBBGTDO-LCAJTWGOSA-N,NRQARCCHBBGTDO,PubChem,156198318,36216349
CC(C)(C)OC(=O)n1cc(-c2cccc(NC(=O)c3c[nH]c4ccccc34)c2)nc1N,False,False,0,FXPCFXNDBASEIV-UHFFFAOYSA-N,FXPCFXNDBASEIV,CUPID,CUPID,
O=C(Nc1ccc(CC2CCC(C(O)c3ccccc3)N2)cc1)C1CCc2cccc(=O)n21,False,False,0,OZXUSBILVIKYQB-UHFFFAOYSA-N,OZXUSBILVIKYQB,CUPID,CUPID,
O=S(=O)(Nc1cscn1)c1ccc2c(c1)OCCN2c1ccc(C(F)(F)F)cc1Br,True,True,1,GXFYWBNJNQIMEU-UHFFFAOYSA-N,GXFYWBNJNQIMEU,data_nav_dev,CHEMBL3890316,
CC1(c2ccccc2)CCCN(C(=O)NCc2ccc(-c3ccccc3C(F)(F)F)cc2)C1,True,True,,JAJFLSQZGKSQFF-UHFFFAOYSA-N,JAJFLSQZGKSQFF,eval_set_nav_70,CHEMBL1080974,
FC(F)(F)Oc1ccc(-c2cn3c(C(F)(F)F)nnc3cn2)cc1,True,True,,CVHMYXJRQRRLRW-UHFFFAOYSA-N,CVHMYXJRQRRLRW,eval_set_nav_70,CHEMBL3809962,
O=C(CCC1(c2ccccc2)CCCN(C(=O)Nc2ccc(Cl)cc2)C1)N1CCOCC1,True,True,1,RPEDWPSRPWEPAU-UHFFFAOYSA-N,RPEDWPSRPWEPAU,data_nav_dev,CHEMBL1078232,
Cc1nc(C(F)(F)F)n2cc(-c3ccc(OC(F)(F)F)cc3)ccc12,True,True,,IVXSNVZBSOJWTN-UHFFFAOYSA-N,IVXSNVZBSOJWTN,eval_set_nav_60,CHEMBL3809647,
Cn1cc(-c2cnc(OCC(C)(C)O)c(Cl)c2)c2ccc(C(=O)NS(C)(=O)=O)cc21,False,False,0,URALEAHLURQUDY-UHFFFAOYSA-N,URALEAHLURQUDY,CUPID,CUPID,
FC(F)(F)Oc1ccc(-c2ccn3c(C(F)(F)F)nnc3c2)cc1,True,True,,ISFOQZMECBLUGO-UHFFFAOYSA-N,ISFOQZMECBLUGO,eval_set_nav_70,CHEMBL3810074,
CN1CCN(c2ncc(-c3cc(Cl)cc(Cl)c3Cl)c(N)n2)CC1,True,True,,PDOCBJADCWMDGL-UHFFFAOYSA-N,PDOCBJADCWMDGL,eval_set_nav_60,CHEMBL28854,
C1CC(CCC1CNC2=CC(=C(C=C2Cl)S(=O)(=O)NC3=NC=NS3)F)N,True,True,1,DFEQMISWGAIGSL-UHFFFAOYSA-N,DFEQMISWGAIGSL,PubChem,134477178,28234467
C1CN(C(=O)N1C2=CC=NC=C2)C3=CC=CC4=C3C=NN4C5=CC=CC=C5F,True,True,1,RPGAGCSEOOCHRH-UHFFFAOYSA-N,RPGAGCSEOOCHRH,PubChem,118937702,27015369
CC1=CC(=C(C=C1N(C)[C@H]2CCN(C2)CC3=NC(=CN3C)C)F)S(=O)(=O)NC4=CSC=N4,False,False,0,CGAZMXTTWBQTDZ-INIZCTEOSA-N,CGAZMXTTWBQTDZ,PubChem,132141806,6331
CC1(C)CCc2cc(OCc3cc(F)c(C(=O)NS(=O)(=O)N4CCC4)cc3Cl)ccc2O1,True,True,,BTKIGPLGDZHMLE-UHFFFAOYSA-N,BTKIGPLGDZHMLE,eval_set_nav_60,CHEMBL3657848,
O=C(O)CCc1cc2cc(-c3cc(OC(F)(F)F)ccc3F)ccc2o1,False,False,0,HTIVRXDQROURHF-UHFFFAOYSA-N,HTIVRXDQROURHF,CUPID,CUPID,
FC(F)(F)Oc1ccc(-c2ccc3nccn3c2)cc1,True,True,,RMBCZKTYFLIFNY-UHFFFAOYSA-N,RMBCZKTYFLIFNY,eval_set_nav_70,CHEMBL3809092,
N#Cc1cc(S(=O)(=O)Nc2ncns2)ccc1Oc1ccc(C(F)(F)F)cc1-c1cn[nH]c1,False,False,0,BBBMEBSYGLNEGJ-UHFFFAOYSA-N,BBBMEBSYGLNEGJ,CUPID,CUPID,
CC1(CN(C1)CC2=CC=CC=C2)NC3=C(C=C(C=C3)S(=O)(=O)NC4=NC=CS4)Cl,False,False,0,UZOSWFKJNJAJQE-UHFFFAOYSA-N,UZOSWFKJNJAJQE,PubChem,132141444,6331
CC(=O)n1cc(-c2ccc(C(F)(F)F)cc2-c2ccnn2C)c2ccc(S(=O)(=O)Nc3ncns3)nc21,True,True,1,IOERYDPCQVIDAO-UHFFFAOYSA-N,IOERYDPCQVIDAO,data_nav_dev,71259414,71259414
C[C@H](C1=CC=CC=C1)N2CC(C2)COC3=CC(=C(C=C3C4CC4)C(=O)NS(=O)(=O)C)F,True,True,1,QOURFJYNWPPLEV-OAHLLOKOSA-N,QOURFJYNWPPLEV,PubChem,118110814,6331
C1C[C@H]2CC(C[C@@H]1N2CC3=C(C=CC(=C3)Cl)F)OC4=C(C=C(C=C4)S(=O)(=O)NC5=CSC=N5)Cl,True,True,1,SSSNYOKSRVVKFL-JWTNVVGKSA-N,SSSNYOKSRVVKFL,PubChem,132141788,6331
O=C1c2nc(-c3ccc(C(F)(F)F)cc3)ccc2OCCN1Cc1ccccc1,True,True,1,RASRPZOJZPNLCM-UHFFFAOYSA-N,RASRPZOJZPNLCM,data_nav_dev,CHEMBL3940986,
COc1cc(-c2cccc(F)c2)c(Cl)cc1-n1c(=O)ccc2cc(S(=O)(=O)Nc3nncs3)ccc21,False,False,0,OAYPMTXLKCJCGV-UHFFFAOYSA-N,OAYPMTXLKCJCGV,CUPID,CUPID,
CC1=C(C(=C(C=C1N(C)[C@H]2CCN(C2)CC3=CC=CC=C3)F)S(=O)(=O)NC4=NSC=C4)F,False,False,0,FJOZGGJMUOMTMA-KRWDZBQOSA-N,FJOZGGJMUOMTMA,PubChem,132141415,6331
CC1=C(C(=C(C=C1)F)CCNC(=O)C2=CN=C(C=C2)OCC(F)(F)F)C3=CN=C(N=C3)OC,True,True,1,KNAMHQUYDHHKAC-UHFFFAOYSA-N,KNAMHQUYDHHKAC,PubChem,71456413,22939696
NCc1noc(-c2c3ccccc3nn2Cc2ccccc2)n1,False,True,,WAKOOJIYVSJBBE-UHFFFAOYSA-N,WAKOOJIYVSJBBE,eval_set_nav_70,CHEMBL466715,
O=C(NC1CC1c1ccccc1)N1CCC(c2nc(-c3ccncc3)no2)CC1,True,True,1,BLVRDPUKIXDEBG-UHFFFAOYSA-N,BLVRDPUKIXDEBG,data_nav_dev,45273380,45273380
C1CN(C1)S(=O)(=O)NC(=O)C2=C(C=C(C(=C2)C3CC3)OCC4CC5CCC(C4)N5C(C6=CC=CC=C6)C7=CC=CC=C7)F,True,True,1,MWSVLDOKXAVVNZ-UHFFFAOYSA-N,MWSVLDOKXAVVNZ,PubChem,118120273,6331
CS(=O)(=O)NC(=O)C1=C(C=C(C(=C1)C2CC2)CN3CCC(CC3)OC4=CC(=C(C=C4)Cl)Cl)F,True,True,1,VTXQPYBQEIOMKD-UHFFFAOYSA-N,VTXQPYBQEIOMKD,PubChem,118110725,6331
O=S(=O)(Nc1ncns1)N1CCc2c(cccc2-c2c(Br)cc(C(F)(F)F)cc2C2=CCNCC2)C1,True,True,1,BPHPTRAVFDEGTB-UHFFFAOYSA-N,BPHPTRAVFDEGTB,data_nav_dev,122196951,122196951
O=S(=O)(Nc1ccncn1)c1cc2c(cc1F)[C@@H](N1CC[C@H](C(F)(F)F)C[C@@H]1c1ccccn1)CCO2,False,True,,XQUOWYVEKSXNET-RYGJVYDSSA-N,XQUOWYVEKSXNET,eval_set_nav_60,CHEMBL4464990,
Cn1cc(-c2cnc(OCC(F)(F)F)c(Cl)c2)c2ccc(C(=O)NS(C)(=O)=O)cc21,False,False,0,XRNUGWWPCXDLQH-UHFFFAOYSA-N,XRNUGWWPCXDLQH,CUPID,CUPID,
CC1=CC(=C(C=C1N(C)[C@H]2CCN(C2)CC3=NN(C=C3)CC(F)F)F)S(=O)(=O)NC4=CSC=N4,False,False,0,FOWVCVFRPKIDJL-INIZCTEOSA-N,FOWVCVFRPKIDJL,PubChem,132141704,6331
C1CN(CCC1OC2=NC=NC3=C2C=NN3CC4=CC=CC=C4)CC5=CSC=N5,True,True,1,JUSUTAPQEPWMEW-UHFFFAOYSA-N,JUSUTAPQEPWMEW,PubChem,70685263,22318156
N#Cc1ccc(-c2ccc3nnc(C(F)(F)F)n3c2)cc1,True,True,,SVCKABQCSKRGBH-UHFFFAOYSA-N,SVCKABQCSKRGBH,eval_set_nav_70,CHEMBL3808910,
COc1cc(-c2ccc(F)c(F)c2)ccc1-c1cccc2c1CCN(S(=O)(=O)Nc1nncs1)C2,True,True,,DRFLHOUHDJPQKF-UHFFFAOYSA-N,DRFLHOUHDJPQKF,eval_set_nav_60,,71737517
CN([C@H]1CCN(C1)CC2=CC=C(C=C2)Br)C3=CC(=C(C=C3Cl)S(=O)(=O)NC4=CSC=N4)F,True,True,1,MUZRKCPDAHUGSX-INIZCTEOSA-N,MUZRKCPDAHUGSX,PubChem,132141725,6331
COc1cc(-c2cccc(F)c2)c(Cl)cc1-c1ncnc2cc(S(=O)(=O)Nc3ccncn3)ccc12,False,True,1,SPWABNDAVLLPTM-UHFFFAOYSA-N,SPWABNDAVLLPTM,data_nav_dev,CHEMBL3687747,
CCN1CC2CC(C1)N2C(=O)[C@]12C[C@H]1c1cc(OC)ccc1-c1c(C3CCCCC3)c3ccc(C(=O)NS(=O)(=O)N(C)C)cc3n1C2,False,False,0,IUJMDPKKCAMEQP-VSBZUFFNSA-N,IUJMDPKKCAMEQP,data_nav_dev,CHEMBL3126835,
CC1(O)CCC2C(CCC3C2CCC2(C)C(C(=O)Cn4cc(C#N)cn4)CCC32)C1,False,False,0,HARRKNSQXBRBGZ-UHFFFAOYSA-N,HARRKNSQXBRBGZ,CUPID,CUPID,
CS(=O)(=O)c1ccc2c(c1)C(=O)CC1(CCN(C(=O)N[C@@H]3CC[C@@H](c4ccccc4)C3)CC1)O2,True,True,1,KMQZBSVCYFOFTL-WOJBJXKFSA-N,KMQZBSVCYFOFTL,data_nav_dev,CHEMBL495586,
C1COC2=C([C@H]1C3=C(C=C(C=C3)C(F)(F)F)Cl)C=CC(=C2)S(=O)(=O)NC4=NC(=CC=C4)F,False,True,1,OFIZVUDYKDVTHT-CQSZACIVSA-N,OFIZVUDYKDVTHT,PubChem,126668808,6331
O=C(Nc1ccc(CC2CCC(C(O)c3cccnc3)N2)cc1)C1CCc2ccnn21,False,False,0,VXXIYUBYYXZZOE-UHFFFAOYSA-N,VXXIYUBYYXZZOE,CUPID,CUPID,
CS(=O)(=O)Nc1nnc2ccc(-c3ccc(OC(F)(F)F)cc3)cn12,False,True,,VKHYTRQRNNNOEX-UHFFFAOYSA-N,VKHYTRQRNNNOEX,eval_set_nav_70,CHEMBL3808591,
Cc1cncc(C)c1N1CCOc2cc(S(=O)(=O)Nc3nccs3)ccc21,True,True,1,QXDAPNSKMSNPFQ-UHFFFAOYSA-N,QXDAPNSKMSNPFQ,data_nav_dev,CHEMBL3927048,
O=C1c2cc(-c3ccc(F)c(F)c3)ccc2OCCN1Cc1ncccn1,True,True,1,QZLNNVAQYNJYSM-UHFFFAOYSA-N,QZLNNVAQYNJYSM,data_nav_dev,CHEMBL3964080,
O=S(=O)(Nc1ncc(F)s1)N1CCc2c(cccc2-c2ccc(C(F)(F)F)cc2C2CCNCC2)C1,True,True,1,NZVPKFNBCUVMIZ-UHFFFAOYSA-N,NZVPKFNBCUVMIZ,data_nav_dev,CHEMBL3683223,
COc1cc(C)c(N2CCOc3cc(S(=O)(=O)Nc4nccs4)ccc32)cn1,True,True,1,DJFLJUUTVYEHEZ-UHFFFAOYSA-N,DJFLJUUTVYEHEZ,data_nav_dev,89761970,89761970
COc1cc(-c2cccc(F)c2)c(Cl)cc1-c1c(=O)n(C)cc2cc(S(=O)(=O)Nc3ccon3)ccc12,True,True,1,ZJPDCEDFHMZLTN-UHFFFAOYSA-N,ZJPDCEDFHMZLTN,data_nav_dev,117741702,117741702
C1CC1C2=CC(=C(C=C2OCC3CCN(CC3)C(=O)C4=CC=CC=C4)F)C(=O)NS(=O)(=O)C5CC5,True,True,1,JDRAVOBAUSSLSR-UHFFFAOYSA-N,JDRAVOBAUSSLSR,PubChem,118111312,6331
O=S(=O)(Nc1ncns1)c1ccc2c(N3CCOC(c4ccccc4)C3)cccc2c1,False,False,0,PRMPMEPZCSZBOP-UHFFFAOYSA-N,PRMPMEPZCSZBOP,CUPID,CUPID,
CNc1nc(-c2cccc(NC(=O)c3cc4ccccc4[nH]3)c2)c[nH]1,False,False,0,UMBIDIUNTWEHKV-UHFFFAOYSA-N,UMBIDIUNTWEHKV,CUPID,CUPID,
CC(C)(C)OC(=O)N1CCn2cc(C(=O)N3CCOc4ccc(-c5ccc(C(F)(F)F)cc5)cc4C3)nc2C1,True,True,,ULOASPGLPYXCSB-UHFFFAOYSA-N,ULOASPGLPYXCSB,eval_set_nav_60,CHEMBL3963242,
O=C1c2cc(-c3ccc(C(F)(F)F)cc3)ccc2-n2ccnc2CN1Cc1ccccc1,True,True,,BAUSMXBDXMYSIS-UHFFFAOYSA-N,BAUSMXBDXMYSIS,eval_set_nav_70,CHEMBL3906856,
CC1=CC=C(C=C1)C(=O)NC(=NCCC2=CC=C(C=C2)Cl)N,True,True,1,BKOQLVIAQSTBSY-UHFFFAOYSA-N,BKOQLVIAQSTBSY,PubChem,22149216,11720863
Cn1cc(-c2cc(C(F)(F)F)ccc2-c2cccc3c2CCN(S(=O)(=O)Nc2ncns2)C3)cn1,True,True,1,BGYNZTFWBOFPBC-UHFFFAOYSA-N,BGYNZTFWBOFPBC,data_nav_dev,CHEMBL3683205,
O=C(NCc1ccc(OCC(F)(F)F)nc1)c1c2ccccc2c(O)n1CCc1ccccn1,False,False,0,ZFHSQCIITNKBHR-UHFFFAOYSA-N,ZFHSQCIITNKBHR,CUPID,CUPID,
CC1=C(C(=C(C=C1N(C)[C@H]2CCN(C2)CC3=C(C=CC(=C3)F)F)F)S(=O)(=O)NC4=CSC=N4)F,True,True,1,JPGBAAWAHJVFTN-INIZCTEOSA-N,JPGBAAWAHJVFTN,PubChem,132141718,6331
C[C@H](c1ncccn1)N1CCOc2ccc(-c3ccc(C(F)(F)F)cc3)cc2C1=O,True,True,,QGGWXNRVEXCEHP-CQSZACIVSA-N,QGGWXNRVEXCEHP,eval_set_nav_70,CHEMBL3918884,
C1CN(CCC1N2CC3=CC=CC=C3C2=O)CC(COC4=CC=CC(=C4)C(F)(F)F)O,True,True,1,TTWDLOQNOSMNMX-UHFFFAOYSA-N,TTWDLOQNOSMNMX,PubChem,122194669,26358159
C1CN(CCC1OC2=NC=NC3=C2C=CN3CC4=CC=CC=C4)CC5=CN=CN5,True,True,1,IBHSWFYQKOGWGF-UHFFFAOYSA-N,IBHSWFYQKOGWGF,PubChem,70689474,22318156
Cc1nc(NS(=O)(=O)c2cc(Cl)c(NCC34CCCN3CCC4)cc2F)sc1F,False,False,0,NRDVNSLOKZCIOU-UHFFFAOYSA-N,NRDVNSLOKZCIOU,CUPID,CUPID,
CC1=CC(=C(C=C1C2=NC(=C(C=C2)F)C)OC)C3=NC=NC4=C3C=CC(=C4)S(=O)(=O)NC5=NOC=C5,False,False,0,SKFPOMQAIREXML-UHFFFAOYSA-N,SKFPOMQAIREXML,PubChem,117739807,6331
N#Cc1cc(C(F)(F)F)ccc1N1CCOc2cc(S(=O)(=O)Nc3ncns3)ccc21,True,True,1,WVZIXWYXPAZXFV-UHFFFAOYSA-N,WVZIXWYXPAZXFV,data_nav_dev,CHEMBL3954510,
C1CN(C[C@@H]([C@H]1OC2=CC(=C(C=C2F)S(=O)(=O)NC3=NC=CC(=C3)F)F)C4=CC=CC=C4)CC(F)(F)F,True,True,1,COJIFWFNKQDYFM-XLIONFOSSA-N,COJIFWFNKQDYFM,PubChem,164624292,34044121
Cc1nc2n(c(=O)c1CCN1CCC(c3noc4cc(F)ccc34)CC1)CCCC2O,False,False,0,PMXMIIMHBWHSKN-UHFFFAOYSA-N,PMXMIIMHBWHSKN,CUPID,CUPID,
CC1(CN(C1)C2=C(C=NC=C2)C(F)(F)F)COC3=CC(=C(C=C3C4CC4)C(=O)NS(=O)(=O)C5CC5)F,True,True,1,WDENVSHHVGKVLV-UHFFFAOYSA-N,WDENVSHHVGKVLV,PubChem,118120562,6331
O=S(=O)(Nc1nccs1)c1ccc2c(c1)OCCN2c1ccc2c(c1)OC(F)(F)O2,True,True,1,VNTNWUDQWRUOBE-UHFFFAOYSA-N,VNTNWUDQWRUOBE,data_nav_dev,89761712,89761712
COc1ccc(CCN(C)CCCOc2nsc(-c3ccccc3)n2)cc1OC,False,True,,RHJGWXNLFGHPHA-UHFFFAOYSA-N,RHJGWXNLFGHPHA,eval_set_nav_60,CHEMBL452043,
CN(C)CCC1(c2ccccc2)CCCN(C(=O)Nc2ccc(Cl)cc2)C1,True,True,1,SQMRZYILEJFWLA-UHFFFAOYSA-N,SQMRZYILEJFWLA,data_nav_dev,CHEMBL1079140,
CC1=CC(=C(C=C1N(C)[C@H]2CCN(C2)CC3=CC=CC=C3O)F)S(=O)(=O)NC4=CSC=N4,False,False,0,WNLZKQSUQRXEPA-KRWDZBQOSA-N,WNLZKQSUQRXEPA,PubChem,132141886,6331
CS(=O)(=O)NC(=O)c1cc(Cl)c(OCC2CC3C4CCC(C4)C3C2)cc1F,True,True,,YTSQUJOXQNTPEU-UHFFFAOYSA-N,YTSQUJOXQNTPEU,eval_set_nav_70,CHEMBL3657929,
Cl.Nc1ncc(-c2ccc(NC(=O)c3cc4ccccc4[nH]3)cc2)[nH]1,False,False,0,XVGBCMJPEKAVMH-UHFFFAOYSA-N,XVGBCMJPEKAVMH,data_nav_dev,76317629,76317629
CS(=O)(=O)NC(=O)C1=C(C=C(C(=C1)C2CC2)OCC34CC5CC(C3)CC(C5)C4)F,True,True,1,FQHDBBOTIYOYLF-UHFFFAOYSA-N,FQHDBBOTIYOYLF,PubChem,72193615,33682420
Cc1cnc(N)c(-c2cn(C)c3cc(S(=O)(=O)Nc4ncns4)ccc23)c1,True,True,,VRPIWMZJPXYBAV-UHFFFAOYSA-N,VRPIWMZJPXYBAV,eval_set_nav_70,,71259586
CCS(=O)(=O)NC(=O)C1=C(C=C(C(=C1)C2CC2)OCC3CCN(CC3)[C@@H](C4=CC(=CC(=C4)Cl)Cl)C(C)(C)OC)F,True,True,1,QMIHBNPMTMLUMI-MHZLTWQESA-N,QMIHBNPMTMLUMI,PubChem,118111078,6331
CC(CC1=CC=CC=N1)N2C(C3=CC=CC=C3C2=O)C(=O)NCC4=CC=C(C=C4)OC(F)(F)F,False,True,1,UUCPNZGXIVELPR-UHFFFAOYSA-N,UUCPNZGXIVELPR,PubChem,44476261,22770500
CC1=CC=CC=C1C(=O)NC(=NCCCCC2=CC=CC=C2)N,True,True,1,ARBHZAIGPOZDTK-UHFFFAOYSA-N,ARBHZAIGPOZDTK,PubChem,22149271,11720863
CC1=CN(C2=C1C(=NC=N2)OC3CCN(CC3)CC4=CSC=N4)CC5=CC=CC=C5,True,True,1,MIOOLADVEXMJRX-UHFFFAOYSA-N,MIOOLADVEXMJRX,PubChem,70683178,22318156
C[Si](C)(C)CCS(=O)(=O)NC(=O)C1=C(C=C(C(=C1)C2CC2)OCC3CN(C3)C(C4=CC=CC=C4)C5=CC=CC=C5)F,True,True,1,AGYHSBIECCQIMW-UHFFFAOYSA-N,AGYHSBIECCQIMW,PubChem,123359639,6331
CC(C)[C@H](C[C@H](O)[C@@H](N)CN1CC(=O)N(c2ccccc2Cl)CC1(C)C)C(=O)NCC(C)(C)C.O=C(O)/C=C/C(=O)O,False,True,,FTDWVSJHXBNDIK-ZOEOTTPFSA-N,FTDWVSJHXBNDIK,eval_set_nav_60,CHEMBL2387446,
CN(C)C1=NOC2=C1C=C(C=C2)C3C(OCCN3)OC4=CC(=C(C=C4F)S(=O)(=O)NC5=NC=NS5)F,False,True,1,YWCJIHAXCJECKK-UHFFFAOYSA-N,YWCJIHAXCJECKK,PubChem,145977316,29439904
COc1cncc(N2CCOc3cc(S(=O)(=O)Nc4nccs4)ccc32)c1,True,True,1,WITQAGJGFYQCSH-UHFFFAOYSA-N,WITQAGJGFYQCSH,data_nav_dev,89761943,89761943
O=C(Nc1ccc(Cl)cc1)N1CCCC(CCO)(c2ccccc2)C1,True,True,1,RIFYAWGYIHDAHH-UHFFFAOYSA-N,RIFYAWGYIHDAHH,data_nav_dev,CHEMBL1079290,
O=S(=O)(Nc1ncns1)c1ccc2c(-c3ccc(Cl)cc3F)cccc2c1,False,True,1,KLUCCKVPFWSDCC-UHFFFAOYSA-N,KLUCCKVPFWSDCC,data_nav_dev,CHEMBL3682646,
O=C1c2cc(-c3ccc(OC(F)(F)F)cc3)ccc2OCCN1CCCS(=O)(=O)NC1CC1,True,True,1,UXMGUTWHYIJYGW-UHFFFAOYSA-N,UXMGUTWHYIJYGW,data_nav_dev,CHEMBL3892020,
Cc1noc(C)c1-c1cn(C)c2cc(S(=O)(=O)Nc3ncns3)ccc12,True,True,,YQWSACSHCYOHJR-UHFFFAOYSA-N,YQWSACSHCYOHJR,eval_set_nav_70,CHEMBL3704433,
COc1cc(C(F)F)c(C2CC2)cc1-c1nccc2cc(S(=O)(=O)Nc3ccncn3)ccc12,False,False,0,BEETUKNXEFWWHR-UHFFFAOYSA-N,BEETUKNXEFWWHR,CUPID,CUPID,
CC1(CCN(CC1)CC2=CC(=CC(=C2)Cl)C(F)(F)F)COC3=CC(=C(C=C3C4CC4)C(=O)NS(=O)(=O)C)F,True,True,1,QZFIAUDHZFQMKI-UHFFFAOYSA-N,QZFIAUDHZFQMKI,PubChem,118110575,6331
N#CC1(c2ccc(-c3ccc4c(c3)C(=O)N(Cc3ncccn3)CCO4)cc2)CCCC1,True,True,,MSMUGKYVPPWLNZ-UHFFFAOYSA-N,MSMUGKYVPPWLNZ,eval_set_nav_70,CHEMBL3977673,
CCS(=O)(=O)NC(=O)C1=C(C=C(C(=C1)C2CC2)OCC3CCN(CC3)CC4=NC(=CC(=C4)C(F)(F)F)C5CC5)F,True,True,1,QMRDOUTXSQARSD-UHFFFAOYSA-N,QMRDOUTXSQARSD,PubChem,118120567,6331
Nc1nc2c(s1)CC(CNC(=O)c1cc(Br)c[nH]1)CC2,False,False,0,MYQPPJPFDPDLOC-UHFFFAOYSA-N,MYQPPJPFDPDLOC,CUPID,CUPID,
C1CC1C2=CC(=C(C=C2OCC3CCN(CC3)C(=O)C4=CC(=CC=C4)Cl)F)C(=O)NS(=O)(=O)C5CC5,True,True,1,GFUJFOMKFGBYEO-UHFFFAOYSA-N,GFUJFOMKFGBYEO,PubChem,118111385,6331
O=C1NCCOc2ccc(-c3ccc(OC(F)(F)F)cc3)cc21,True,True,,UNKDYGGGKXYGKX-UHFFFAOYSA-N,UNKDYGGGKXYGKX,eval_set_nav_70,CHEMBL3891035,
COc1cccc(N2CCOc3cc(S(=O)(=O)Nc4nccs4)ccc32)c1,True,True,1,GAOVCEUYHFSWJK-UHFFFAOYSA-N,GAOVCEUYHFSWJK,data_nav_dev,89761971,89761971
O=C1c2cc(-c3ccc(OC(F)(F)F)cc3F)ccc2OCCN1Cc1ncccn1,True,True,1,GNPONOFSKGLBGY-UHFFFAOYSA-N,GNPONOFSKGLBGY,data_nav_dev,CHEMBL4784339,
CC1(CN2CCOc3ccc(-c4ccc(OC(F)(F)F)cc4)cc3C2=O)COC1,True,True,,KFTQGSDTZSEADY-UHFFFAOYSA-N,KFTQGSDTZSEADY,eval_set_nav_70,CHEMBL3937372,
Cn1cc(-c2ccncc2Cl)c2ccc(S(=O)(=O)Nc3ncns3)cc21,True,True,1,STIRYLQMNOJPPF-UHFFFAOYSA-N,STIRYLQMNOJPPF,data_nav_dev,71259426,71259426
C1CN(CCC1C2=CN(C3=C2C=C(C=C3)Cl)C4=CC=C(C=C4)F)CCN5CCNC5=O,True,True,1,GZKLJWGUPQBVJQ-UHFFFAOYSA-N,GZKLJWGUPQBVJQ,PubChem,60149,21300721
O=C(NCc1ccccc1Br)C1c2ccccc2C(=O)N1CCc1ccccn1,False,False,0,GSNJNJVRZJSKNQ-UHFFFAOYSA-N,GSNJNJVRZJSKNQ,data_nav_dev,60200915,60200915
O=C1c2cc(-c3ccc(C(F)F)cc3)ccc2OCCN1Cc1ncccn1,True,True,1,IJLDRKVBQBONQQ-UHFFFAOYSA-N,IJLDRKVBQBONQQ,data_nav_dev,CHEMBL3981632,
Cn1cc(C2=CCOCC2)c2ccc(C(=O)NS(=O)(=O)C3CC3)cc21,False,False,0,SPWVCHPQWOLPGW-UHFFFAOYSA-N,SPWVCHPQWOLPGW,CUPID,CUPID,
C1=C2C(=CC(=C1Cl)Cl)N=C(N2)CNC(=O)CN,False,False,0,PUOWNSGONWNIDT-UHFFFAOYSA-N,PUOWNSGONWNIDT,PubChem,90256571,6331
C1CN(C[C@@H]([C@H]1OC2=CC(=C(C=C2F)S(=O)(=O)NC3=NC(=CC=C3)Cl)F)C4=CC=CC=C4)CC(F)(F)F,True,True,1,RBRGBOMUILERAC-APWZRJJASA-N,RBRGBOMUILERAC,PubChem,164620968,34044121
C1CNC[C@H](C1C2=CC(=C(C=C2)F)F)COC3=CC(=C(C=C3F)S(=O)(=O)NC4=NC=C(S4)Cl)F,True,False,0,VHKPEJOGTWZSOP-UEWDXFNNSA-N,VHKPEJOGTWZSOP,PubChem,117625304,6331
O=C1c2cc(-c3ccc(OC(F)(F)F)cc3)ccc2OCCN1Cc1c(Cl)cccc1Cl,True,True,1,XNOHEVRUOXIEGW-UHFFFAOYSA-N,XNOHEVRUOXIEGW,data_nav_dev,CHEMBL3943481,
CC1=CC(=C(C=C1N(C)[C@H]2CCN(C2)CC3=CC=CC=C3OC)F)S(=O)(=O)NC4=CSC=N4,False,False,0,BDTNKVDLIDNNMC-SFHVURJKSA-N,BDTNKVDLIDNNMC,PubChem,132141514,6331
Cc1cc(Oc2cncnc2)cc(C(=O)Nc2ccc(F)cn2)n1,True,False,0,RBAHIIPVJVMACF-UHFFFAOYSA-N,RBAHIIPVJVMACF,CUPID,CUPID,
C1CC1C2=CC(=C(C=C2OC3CC4(C3)CN(C4)CC5=C(C=C(C=C5)F)Cl)F)C(=O)NS(=O)(=O)N6CC(C6)F,True,True,1,PJROXNYIBSIPGN-UHFFFAOYSA-N,PJROXNYIBSIPGN,PubChem,118120287,6331
C1CC1C2=CC(=C(C=C2OCC3CCN(CC3)C(C4=CC(=CC=C4)Cl)C5=CC(=CC=C5)Cl)F)C(=O)NS(=O)(=O)C6CC6,True,True,1,KHSJWWIRIZMXGO-UHFFFAOYSA-N,KHSJWWIRIZMXGO,PubChem,118120196,6331
CNC(=O)Nc1ccc2c(c1)CC[C@@]21OC(=O)N(CC(=O)N(Cc2ccc(F)cc2)[C@@H](C)C(F)(F)F)C1=O,True,True,,VRVJKILQRBSEAG-LFPIHBKWSA-N,VRVJKILQRBSEAG,eval_set_nav_60,CHEMBL4282264,
C1COC2=C([C@H]1C3=C(C=C(C=C3)C(F)(F)F)OC4COC4)C=CC(=C2)S(=O)(=O)NC5=NC=C(C=N5)F,False,False,0,XWEYNZGJCHTDHN-KRWDZBQOSA-N,XWEYNZGJCHTDHN,PubChem,126649822,6331
O=S(=O)(Nc1nccs1)c1ccc2c(c1)OCCN2c1ccc(C(F)(F)F)cc1CCO,True,True,1,IXDCXFJUPLJBMC-UHFFFAOYSA-N,IXDCXFJUPLJBMC,data_nav_dev,89762614,89762614
C1C[C@H]2CC(C[C@@H]1N2CC3=CC(=C(C=C3C4CC4)C(=O)N)F)OC5=C(C=C(C=N5)C(F)(F)F)Cl,True,True,1,YENVCDVPWRTJND-SJPCQFCGSA-N,YENVCDVPWRTJND,PubChem,118120643,6331
C1=CC(=CC(=C1)C(=O)NC2=CC=CC(=C2C3=C(C=CC=N3)F)C(F)(F)F)C4=C(C=CC=N4)C(F)(F)F,True,True,1,HNAWVZOYAZNTDV-UHFFFAOYSA-N,HNAWVZOYAZNTDV,PubChem,137637393,28684121
COc1cc(-c2ccc(Cl)c(C)c2)c(F)cc1-n1c(=O)ccc2cc(S(=O)(=O)Nc3ccon3)ccc21,True,False,0,JHEBJWGMBDJOND-UHFFFAOYSA-N,JHEBJWGMBDJOND,CUPID,CUPID,
O=C1c2cc(-c3ccc(OC(F)(F)F)cc3)ccc2OCCN1CCc1ccccn1,True,True,1,LWKTWZIRSDKYKO-UHFFFAOYSA-N,LWKTWZIRSDKYKO,data_nav_dev,CHEMBL3971660,
CC1=CC=C(C=C1)OC2=CC=C(C=C2)NC3=NC(=CN=C3)N,True,True,1,RGEBGRLYAPVJLZ-UHFFFAOYSA-N,RGEBGRLYAPVJLZ,PubChem,70693649,22306122
Cc1ccc(F)cc1N1CCOc2cc(S(=O)(=O)Nc3nccs3)ccc21,True,True,1,VUBDFAVOVWCZQL-UHFFFAOYSA-N,VUBDFAVOVWCZQL,data_nav_dev,71711368,71711368
C1C[C@H](CN(C1)CC2=C(C=C(C=C2)F)F)OC3=CC(=C(C=C3C4CC4)C(=O)NS(=O)(=O)C5CC5)F,True,True,1,YUKHSCCDWXOWBQ-GOSISDBHSA-N,YUKHSCCDWXOWBQ,PubChem,118120261,6331
Cc1cc(NS(C)(=O)=O)ccc1-c1ccc(Oc2ccccc2)cc1,False,True,,RUHAKAZZMOIMAP-UHFFFAOYSA-N,RUHAKAZZMOIMAP,eval_set_nav_60,CHEMBL3809761,
CC1(c2ccccc2)CCCN(C(=O)NCc2ccc(-c3ccc4[nH]ccc4c3)cc2)C1,True,True,,HIQKQNMARNQIET-UHFFFAOYSA-N,HIQKQNMARNQIET,eval_set_nav_70,CHEMBL1078264,
O=C(Nc1ccc(CC2CCC(C(O)c3ccccc3)N2)cc1)C1CCc2nccc(=O)n21,False,False,0,DJXRIQMCROIRCZ-UHFFFAOYSA-N,DJXRIQMCROIRCZ,CUPID,CUPID,
CS(=O)(=O)NC(=O)C1=C(C=C(C(=C1)C2CC2)OCC3CCN(CC3)C4=CC=CC=C4)F,True,True,1,ODRKYAAJDAGRKU-UHFFFAOYSA-N,ODRKYAAJDAGRKU,PubChem,118120443,6331
CC[C@H](C1=CC(=C(C=C1)F)C)OC2=C(C=C(C=N2)C3=CC(=C(C=C3C)C(=O)NS(=O)(=O)C)F)Cl,True,False,0,FYANUSCVICVUOC-JOCHJYFZSA-N,FYANUSCVICVUOC,PubChem,122422586,6331
COc1cc(Cl)ccc1-c1cccc2cc(S(=O)(=O)Nc3ncns3)ccc12,False,False,0,ZBWXACSFIHWHKK-UHFFFAOYSA-N,ZBWXACSFIHWHKK,CUPID,CUPID,
CN1C=CC=C1CN2CC[C@@H](C2)N(C)C3=CC(=C(C=C3Cl)S(=O)(=O)NC4=CSC=N4)F,True,False,0,OIZLNPMPHGORJB-HNNXBMFYSA-N,OIZLNPMPHGORJB,PubChem,132141757,6331
COC(c1ccccc1)(c1ccccc1)C(Oc1nc(C)cc(C)n1)C(=O)O,False,False,0,OUJTZYPIHDYQMC-UHFFFAOYSA-N,OUJTZYPIHDYQMC,CUPID,CUPID,
C1CN(CCC1C(=O)NC2=CC=CC=C2)CC(COC3=CC=C(C=C3)C(F)(F)F)O,True,True,1,MQDHWFBAOKEPSN-UHFFFAOYSA-N,MQDHWFBAOKEPSN,PubChem,122194676,26358159
O=C1c2cc(-c3ccc(OC(F)(F)F)cc3)ccc2OCCN1Cc1ccn(C(F)(F)F)n1,True,True,1,VXWPRALAVGPVFH-UHFFFAOYSA-N,VXWPRALAVGPVFH,data_nav_dev,CHEMBL3975909,
CC1=CC=CC=C1CN2CCC(CC2)OC3=C(C=C(C=C3)S(=O)(=O)NC4=NC=CS4)Cl,True,True,1,GLZPATOXLOANPL-UHFFFAOYSA-N,GLZPATOXLOANPL,PubChem,132141434,6331
C1CC1C2=CC(=C(C=C2CN3CCC(CC3)(CF)C4=CC=C(C=C4)F)F)C(=O)NS(=O)(=O)C5CC5,True,True,1,JNHAPOOUQJCAFX-UHFFFAOYSA-N,JNHAPOOUQJCAFX,PubChem,118353791,6331
Cl.Cl.Nc1nc2c(s1)CC(CNC(=O)[C@@H]1CCCN1)CC2,False,False,,VUAHISPVYZJISX-ZHLJYLQZSA-N,VUAHISPVYZJISX,eval_set_nav_70,,76313502
C1COC2=C([C@H]1C3=C(C=C(C=C3)C(F)(F)F)CCF)C=CC(=C2)S(=O)(=O)NC4=NC(=CC=C4)F,True,False,0,PWSUEHIUYCLUEM-GOSISDBHSA-N,PWSUEHIUYCLUEM,PubChem,126668628,6331
C1CC1C2=CC(=C(C=C2CN3CCC(CC3)OC4=C(C=C(C=C4)F)Cl)F)C(=O)NS(C5CC5)(O)O,True,True,1,WMRODYVLAXKAFG-UHFFFAOYSA-N,WMRODYVLAXKAFG,PubChem,132274448,6331
COc1cc(C(F)(F)F)ccc1-c1n[nH]c(=O)c2cc(S(=O)(=O)Nc3nccs3)ccc12,False,False,0,LMIJVCDFGCEVCX-UHFFFAOYSA-N,LMIJVCDFGCEVCX,CUPID,CUPID,
CN1C2=CC(=C(C=C2C(=N1)C3=CC=C(C=C3)C(F)(F)F)F)C(=O)NS(=O)(=O)C4CC4,True,True,1,VQSVXNBRYCHOIV-UHFFFAOYSA-N,VQSVXNBRYCHOIV,PubChem,155520010,30576602
Cn1nccc1-c1cc(C(F)(F)F)ccc1-n1cnc2cc(S(=O)(=O)Nc3ncns3)ccc21,True,True,1,JZIXDTYGZSIRNZ-UHFFFAOYSA-N,JZIXDTYGZSIRNZ,data_nav_dev,71259879,71259879
COc1cc(-c2cccc(C)c2)ccc1-c1nccc2cc(S(=O)(=O)Nc3ccncn3)ccc12,False,False,0,LAFPDIKSPLDIHK-UHFFFAOYSA-N,LAFPDIKSPLDIHK,CUPID,CUPID,
CCn1cc(C2(c3nn(C)c(=O)o3)NC(c3nc(-c4ccc(F)cn4)c[nH]3)Cc3c2[nH]c2ccccc32)cn1,False,False,0,RETOYYSEVCBIRN-UHFFFAOYSA-N,RETOYYSEVCBIRN,CUPID,CUPID,
N#Cc1cc(S(=O)(=O)Nc2ncns2)ccc1Oc1ccc(Cl)cc1-c1cn[nH]c1,False,False,0,REYUORGZKYONMN-UHFFFAOYSA-N,REYUORGZKYONMN,CUPID,CUPID,
COc1cc(-c2cccc(F)c2)c(Cl)cc1-n1c(=O)ccc2cc(S(=O)(=O)Nc3ccncn3)ccc21,True,False,0,OMBVVEVBGAPMHP-UHFFFAOYSA-N,OMBVVEVBGAPMHP,CUPID,CUPID,
C[C@@H]1CN(C(=O)c2ncccn2)Cc2cc(-c3ccc(OC(F)(F)F)cc3)ccc2O1,True,True,,JMEACSYKIHYEGZ-CQSZACIVSA-N,JMEACSYKIHYEGZ,eval_set_nav_70,CHEMBL3967208,
C1CN(CCC1OC2=C(C=C(C=C2)S(=O)(=O)NC3=NC=CS3)Cl)CC4=CC=CC=N4,False,False,0,LMSYMVSTHZPGCN-UHFFFAOYSA-N,LMSYMVSTHZPGCN,PubChem,132141599,6331
CC1(C)COC(C)(CCN2CCOc3ccc(-c4ccc(OC(F)(F)F)cc4)cc3C2=O)OC1,True,True,,FTSCTVIJKUBBPP-UHFFFAOYSA-N,FTSCTVIJKUBBPP,eval_set_nav_70,CHEMBL3960574,
COC1=C(C=CC(=C1)[C@H](C(=O)NCC2=CC=CC=C2)N3CCN(CC3)C(=O)C4=CC(=CC(=C4)F)F)C#N,True,True,1,JEEZZJOSUGMGIG-AREMUKBSSA-N,JEEZZJOSUGMGIG,PubChem,145991842,30108793
Nc1nnc2ccc(-c3ccc(OC(F)(F)F)cc3)cn12,True,True,,JHORIZIJHFMQJE-UHFFFAOYSA-N,JHORIZIJHFMQJE,eval_set_nav_70,CHEMBL3810126,
CN([C@H]1CCN(C1)CC2=CC(=NC=C2)C(F)(F)F)C3=CC(=C(C=C3Cl)S(=O)(=O)NC4=CSC=N4)F,False,False,0,OTONOMQCZOPDOY-AWEZNQCLSA-N,OTONOMQCZOPDOY,PubChem,132141480,6331
C[C@H](Nc1cc(F)c(S(=O)(=O)Nc2cscn2)c(F)c1)c1ccccc1F,True,False,,KTUKIQYULOKPOV-JTQLQIEISA-N,KTUKIQYULOKPOV,eval_set_nav_60,,134585678
COc1ccc(CNC(=O)c2c3ccccc3c(O)n2CCc2ccccn2)cc1,False,False,0,MLUUGSGOUWMXGU-UHFFFAOYSA-N,MLUUGSGOUWMXGU,CUPID,CUPID,
C1CC1C2=CC(=C(C=C2CN3CCC(CC3)OC4=CC=C(C=C4)F)F)C(=O)NS(=O)(=O)C5CC5,True,True,1,PIAMDGSWBSJLFZ-UHFFFAOYSA-N,PIAMDGSWBSJLFZ,PubChem,118353776,6331
COc1cc(-c2cccc(F)c2)c(C#N)cc1-c1nccc2cc(S(=O)(=O)Nc3ccon3)ccc12,False,False,0,XJSCBKAFQWLUMQ-UHFFFAOYSA-N,XJSCBKAFQWLUMQ,CUPID,CUPID,
C1COCCN1CCN2C(C3=CC=CC=C3C2=O)C(=O)NCC4=CC=C(C=C4)OC(F)(F)F,False,True,1,CUYDXPRHXMAKMH-UHFFFAOYSA-N,CUYDXPRHXMAKMH,PubChem,44540656,22770500
CNc1nc(-c2cccc(NC(=O)c3cc4ccccc4[nH]3)c2)cn1C(=O)OC(C)(C)C,False,False,0,DUNUNNPYKPJKDZ-UHFFFAOYSA-N,DUNUNNPYKPJKDZ,CUPID,CUPID,
Cn1cc(-c2cc(F)ccc2F)c2ccc(S(=O)(=O)Nc3ncns3)cc21,True,True,1,UUBSWOVGENYAEX-UHFFFAOYSA-N,UUBSWOVGENYAEX,data_nav_dev,CHEMBL3704405,
O=C1CCCc2ccc(N3CCOc4cc(S(=O)(=O)Nc5nccs5)ccc43)cc21,True,True,,IOWZAVOJWNVIGR-UHFFFAOYSA-N,IOWZAVOJWNVIGR,eval_set_nav_70,CHEMBL3930854,
CN1CC=C(c2cc(Cl)cc(F)c2-c2cccc3c2CCN(S(=O)(=O)Nc2ncc(F)s2)C3)CC1,True,True,1,VCEBSQCVPRYCRI-UHFFFAOYSA-N,VCEBSQCVPRYCRI,data_nav_dev,71737224,71737224
O=C1c2cc(-c3ccc(OC(F)(F)F)cc3)ccc2OCCN1CCc1ncccn1,True,True,1,YZGBBHDEHMTBKB-UHFFFAOYSA-N,YZGBBHDEHMTBKB,data_nav_dev,CHEMBL3967382,
O=S(=O)(Nc1ncns1)c1cc(F)c(OC[C@@H]2CN(CC(F)(F)F)CC[C@H]2c2ccc(Cl)cc2)cc1F,True,True,1,OWHQKZMRBOBBBR-HOCLYGCPSA-N,OWHQKZMRBOBBBR,data_nav_dev,89545670,89545670
COC1=C(C=CC(=C1)C(F)(F)F)COCC(CN2CCC(CC2)N3CC4=CC=CC=C4C3=O)O.C(=C/C(=O)O)\C(=O)O,False,True,1,BAQUUINKTMAUEY-WLHGVMLRSA-N,BAQUUINKTMAUEY,PubChem,122194673,26358159
CC(C)(C)OC(=O)N[C@@H]1C[C@@H]2COc3ccc(-c4ccc(C(F)(F)F)cc4)cc3C(=O)N2C1,True,True,,GYGFZWJSYNPMBL-QZTJIDSGSA-N,GYGFZWJSYNPMBL,eval_set_nav_70,CHEMBL3951016,
CS(=O)(=O)NC(=O)C1=C(C=C(C(=C1)C2CC2)CN3CCC(CC3)OC4=CC(=C(C=C4)Cl)C(F)(F)F)F,True,True,1,NNHKHFSPYFNKEK-UHFFFAOYSA-N,NNHKHFSPYFNKEK,PubChem,118353644,6331
O=C1c2cc(-c3ccc(OCC(F)(F)F)cc3)ccc2OCCN1Cc1ncccn1,True,True,1,WDPLYMNXGWWOSE-UHFFFAOYSA-N,WDPLYMNXGWWOSE,data_nav_dev,CHEMBL3966683,
Cn1nccc1CCOc1cc(F)c(S(=O)(=O)Nc2ncns2)cc1F,False,False,,RUZRQWYTSWEZCR-UHFFFAOYSA-N,RUZRQWYTSWEZCR,eval_set_nav_70,CHEMBL4644497,
CC(C)(C)OC(=O)N1CCCC1C(=O)NC1CCc2nc(N)sc2C1,False,False,0,OPCHXZNGOYKFPJ-UHFFFAOYSA-N,OPCHXZNGOYKFPJ,CUPID,CUPID,
C1CC1C2=CC(=C(C=C2CN3CCN(CC3)S(=O)(=O)C4=CC(=CC(=C4)Cl)Cl)F)C(=O)N,True,True,1,ZHOVMQJWRQDRFQ-UHFFFAOYSA-N,ZHOVMQJWRQDRFQ,PubChem,118120677,6331
COC1=NC=C(C=N1)C2=C(C(=CC=C2)F)CCNC(=O)C3=CN=C(C=C3)OCCC(F)(F)F,True,True,1,BVNSJFPYBJKGTL-UHFFFAOYSA-N,BVNSJFPYBJKGTL,PubChem,71460098,22939696
COc1cc(C(F)(F)F)ccc1-c1nccc2cc(S(=O)(=O)Nc3nccs3)cnc12,False,False,0,ZBCGZWKBUHMOHN-UHFFFAOYSA-N,ZBCGZWKBUHMOHN,CUPID,CUPID,
CC1(c2ccccc2)CCCN(C(=O)N[C@H]2C[C@@H]2c2ccccc2)C1,True,True,,UUJAMNFWDAPMSE-MFCMXAAESA-N,UUJAMNFWDAPMSE,eval_set_nav_60,CHEMBL1077780,
O=c1[nH]nc2ccc(-c3ccc(Oc4ccc(F)cc4)cc3)cn12,False,False,0,GBFWACWSCPFMSP-UHFFFAOYSA-N,GBFWACWSCPFMSP,CUPID,CUPID,
CC1=CC=C(C=C1)C(=O)NC(=NCCCOC2=CC=CC=C2)N,True,True,1,DNIXDOZXANWHOL-UHFFFAOYSA-N,DNIXDOZXANWHOL,PubChem,22149207,11720863
CC(C)(C)CCCCNCCCN1CCCCC1,False,True,,NWFIZDUHNMOFRW-UHFFFAOYSA-N,NWFIZDUHNMOFRW,eval_set_nav_60,CHEMBL4225258,
COC1=NC=CC(=C1)C2=CC=CC=C2N3C(=C(C=N3)C(=O)NC4=NC=C(C=C4)Cl)N,False,False,0,YOSGDVIVCBOVNI-UHFFFAOYSA-N,YOSGDVIVCBOVNI,PubChem,122640624,6331
CN[C@@H]1CCCN(C1)C2=C(C=CC(=C2)F)NC3=C(C=C(C=C3)S(=O)(=O)NC4=CSC=N4)Cl,False,False,0,HWVPSCMQPQCOFC-OAHLLOKOSA-N,HWVPSCMQPQCOFC,PubChem,135325359,6331
CC1=CC=CC=C1CN2CC[C@@H](C2)N(C)C3=CC(=C(C=C3C)S(=O)(=O)NC4=CSC=N4)F,False,False,0,FSJFIKLZMJAZHH-IBGZPJMESA-N,FSJFIKLZMJAZHH,PubChem,132141789,6331
C1COC2=C([C@H]1C3=C(C=C(C=C3)C(F)(F)F)Cl)C=CC(=C2)S(=O)(=O)NC4=NC=C(C=N4)F,False,False,0,NGWMASDQSKMXDG-CQSZACIVSA-N,NGWMASDQSKMXDG,PubChem,126650598,6331
O=S(=O)(Nc1nccs1)c1ccc2c(c1)OCCN2c1ccccc1,True,True,1,YBVDHQXUYWRMHU-UHFFFAOYSA-N,YBVDHQXUYWRMHU,data_nav_dev,89761911,89761911
C1C[C@]2(CCO[C@H]2OC1)CNC3=CC(=C(C=C3Cl)S(=O)(=O)NC4=NC=CS4)F,True,True,1,HGFKQJPTFSAUJM-WBVHZDCISA-N,HGFKQJPTFSAUJM,PubChem,137638686,28818462
COc1cc(F)cc(-c2ccc(-c3nccc4cc(S(=O)(=O)Nc5ccncn5)ccc34)c(OC)c2)c1,False,False,0,HPNVKQIRXOEUDW-UHFFFAOYSA-N,HPNVKQIRXOEUDW,CUPID,CUPID,
CCN(C)C1=NC2C(OC(CO)C(O)C2O)S1,False,False,0,JFKXPYCYZANQTG-UHFFFAOYSA-N,JFKXPYCYZANQTG,CUPID,CUPID,
CS(=O)(=O)c1ccc2c(c1)CCC1(CCN(C(=O)c3ccc(C(F)(F)F)cc3)CC1)O2,True,True,,TXDIMDCQMFKIQP-UHFFFAOYSA-N,TXDIMDCQMFKIQP,eval_set_nav_70,,44583354
Cc1ccc(O)c(C)c1OCC(C)N,True,False,,LBHCZYGJQAXJSW-UHFFFAOYSA-N,LBHCZYGJQAXJSW,eval_set_nav_70,CHEMBL2018453,
CC1=CC(=C(C=C1N(C)[C@H]2CCN(C2)CC3=C(C=CC=N3)OC)F)S(=O)(=O)NC4=CSC=N4,False,False,0,HWFLCKQPRJNKEP-INIZCTEOSA-N,HWFLCKQPRJNKEP,PubChem,132141598,6331
CS(=O)(=O)NC(=O)C1=C(C=C(C(=C1)C2CC2)O[C@@H]3CCCN(C3)CC4=CC(=C(C=C4)C(F)(F)F)Cl)F,True,True,1,QJCLEBMUIYIWPM-MRXNPFEDSA-N,QJCLEBMUIYIWPM,PubChem,118120493,6331
CC1=CC(=C(C=C1N(C)[C@H]2CCN(C2)[C@H]3CCC4=CC=CC=C34)F)S(=O)(=O)NC5=CSC=N5,True,False,0,VAEWPQNDVJTFSB-RXVVDRJESA-N,VAEWPQNDVJTFSB,PubChem,132142147,6331
Cc1ccc(-c2cc(C(F)(F)F)ccc2[C@H]2CCc3cc(S(=O)(=O)Nc4ncccn4)ccc32)cn1,True,True,1,GBJJCDCEJASLBJ-QFIPXVFZSA-N,GBJJCDCEJASLBJ,data_nav_dev,CHEMBL4646308,
CC1=NC(=C(C=C1)F)CN2CC[C@@H](C2)N(C)C3=C(C(=C(C=C3)S(=O)(=O)NC4=CSC=N4)F)C,False,False,0,OMRSEARSOZVCNM-INIZCTEOSA-N,OMRSEARSOZVCNM,PubChem,132141525,6331
CC1=CC(=C(C=C1N(C)[C@H]2CCN(C2)CC3=CC=CC=C3)F)S(=O)(=O)NC4=NC(=CC=C4)F,False,False,0,IKTNKGPVFJEKTJ-IBGZPJMESA-N,IKTNKGPVFJEKTJ,PubChem,132141871,6331
C1CN(C[C@@H]1OC2=C(C=C(C=C2)S(=O)(=O)NC3=NC=NS3)Cl)CC4=CC=CC=C4,False,False,0,RZHKVIUTGVNHNH-OAHLLOKOSA-N,RZHKVIUTGVNHNH,PubChem,145866026,6331
C1=CC(=CC=C1NC2=NC(=CN=C2)N)OC3=CC=C(C=C3)F,True,True,1,RRCQMMXZKUITON-UHFFFAOYSA-N,RRCQMMXZKUITON,PubChem,70689452,22306122
CC(C)c1nc(-c2ccc3c(c2)C(=O)N(Cc2ncccn2)CCO3)cs1,True,True,,AYIOJRDXAXKNRQ-UHFFFAOYSA-N,AYIOJRDXAXKNRQ,eval_set_nav_70,CHEMBL3983887,
Nc1nc(-c2cccc(NC(=O)c3cc4ccccc4[nH]3)c2)c[nH]1,False,False,0,JKAUHSWORHYCAJ-UHFFFAOYSA-N,JKAUHSWORHYCAJ,CUPID,CUPID,
C1COC2=C([C@H]1C3=C(C=C(C=C3)C(F)(F)F)CCC(F)F)C=CC(=C2)S(=O)(=O)NC4=NN=CC=C4,True,True,1,GNHZBRMVSAIOCC-GOSISDBHSA-N,GNHZBRMVSAIOCC,PubChem,126668529,6331
CC(C)COC1=C(C=C(C=N1)C2=C(C=C(C=C2)C(=O)NS(=O)(=O)C)OC(F)(F)F)Cl,True,True,1,NAEGMPJMPOMSEN-UHFFFAOYSA-N,NAEGMPJMPOMSEN,PubChem,155550095,27441383
COc1cc2nnc(C(N)=O)c(Nc3ccc(C)cc3F)c2cc1N1CCC(N(C)C)CC1,False,False,0,FTFHWXBKWLAUKB-UHFFFAOYSA-N,FTFHWXBKWLAUKB,CUPID,CUPID,
CC1=CC(=C(C=C1C2=CC(=C(C=C2)F)F)OC)C3=NC=NC4=C3C=CC(=C4)S(=O)(=O)NC5=NOC=C5,False,False,0,CTFKEUGESYHASU-UHFFFAOYSA-N,CTFKEUGESYHASU,PubChem,117740023,6331
CC1=C(C=C(C=C1)C2=CC(=C(C=C2C#N)C3=NC=CC4=C3C=CC(=C4)S(=O)(=O)NC5=NC=NC=C5)OC)F,False,False,0,JLVHDZKAQRYLOB-UHFFFAOYSA-N,JLVHDZKAQRYLOB,PubChem,121333987,6331
CCN(CC)C(=O)CN1CCOc2cc(S(=O)(=O)Nc3nccs3)ccc21,False,True,,IGDYUHBVYHZKKR-UHFFFAOYSA-N,IGDYUHBVYHZKKR,eval_set_nav_70,,89761686
CC1=C(C=CC(=C1)C(F)(F)F)C2=CC=CC3=C2C=CC(=C3)S(=O)(=O)NC4=NC=NS4,True,True,1,CSKBUSCMROLBGJ-UHFFFAOYSA-N,CSKBUSCMROLBGJ,PubChem,71585929,27994738
O=S(=O)(Nc1nccs1)c1cc(Cl)c(NCC2CNCCO2)cc1F,True,False,0,GZWLOGSZDRMFEX-UHFFFAOYSA-N,GZWLOGSZDRMFEX,CUPID,CUPID,
C1COC(O1)CNC2=CC(=C(C=C2Cl)S(=O)(=O)NC3=NC=CS3)F,True,True,1,METAEPLMRZAVNG-UHFFFAOYSA-N,METAEPLMRZAVNG,PubChem,137646766,28818462
CS(=O)(=O)NC1=CC=CC(=N1)[C@H](C2=CC=C(C=C2)F)C(C3=CN=CC=C3)C4=CN=CC=C4,False,False,0,QPWKXYZJANVPLF-DEOSSOPVSA-N,QPWKXYZJANVPLF,PubChem,11525190,28131713
O=C(NC1CC(O)C1)c1ccc2cc(Oc3ccc(C(F)(F)F)cn3)ccc2n1,False,False,0,RSNYWHWFBAPIII-UHFFFAOYSA-N,RSNYWHWFBAPIII,CUPID,CUPID,
COc1cc(-c2cccc(F)c2)c(Cl)cc1-c1nccc2cc(S(=O)(=O)Nc3ncco3)ccc12,False,True,1,UHRYRVKAPATKIV-UHFFFAOYSA-N,UHRYRVKAPATKIV,data_nav_dev,CHEMBL4092695,
CC(C(=O)Nc1ccc(CC2CCC(C(O)c3ccccc3)N2)cc1)n1ncccc1=O,False,False,0,PBXGYXYBIGMVQD-UHFFFAOYSA-N,PBXGYXYBIGMVQD,CUPID,CUPID,
O=C(NC1CC1c1ccccc1)N1CCC(c2ncon2)CC1,True,True,1,VWTOOZUTLQWOPP-UHFFFAOYSA-N,VWTOOZUTLQWOPP,data_nav_dev,CHEMBL561259,
C1C[C@H]2CC(C[C@@H]1N2CC3=CC=CC=C3)OC4=C(C=C(C=C4)S(=O)(=O)NC5=CSC=N5)Cl,True,False,0,LFPMMIRLNLKUDE-DFNIBXOVSA-N,LFPMMIRLNLKUDE,PubChem,132141360,6331
CN(C)S(=O)(=O)NC(=O)c1cc(Cl)c(OC2CC3CC2C2CCCC32)cc1F,True,True,,RASHHQCIWFZESH-UHFFFAOYSA-N,RASHHQCIWFZESH,eval_set_nav_60,CHEMBL3657921,
