SMILES,Predicted_Class,Actual_class,label,InChIKey,InChIKey_14,Source,Compound_ID,PMID
Cc1ncc([N+](=O)[O-])n1CCO,Non-blocker,Non-blocker,,VAOCPAMSLUNLGC-UHFFFAOYSA-N,VAOCPAMSLUNLGC,eval_set_cav_70.csv,,
Cc1ccc(CNC[C@H](NC(=O)CNC(=O)c2cc(C(F)(F)F)ccc2N)C(=O)NC(C)(C)C)c(C)c1,Blocker,Blocker,,JJYNUAMIRAIFBQ-NRFANRHFSA-N,JJYNUAMIRAIFBQ,eval_set_cav_60.csv,,
CN(C)CCOC1=NC(=C2CNC(=O)N(C2=N1)C3=C(C=CC=C3Cl)Cl)C4=CC=CC=C4Cl,Blocker,Blocker,1,XOFKBZXMDGGJMM-UHFFFAOYSA-N,XOFKBZXMDGGJMM,PubChem,23647640,16750629
CN(C)CCCN1C2=CC=CC=C2CCC3=CC=CC=C31,Non-blocker,Blocker,1,BCGWQEUPMDMJNV-UHFFFAOYSA-N,BCGWQEUPMDMJNV,PubChem,3696,21300721
CN1C(=CC(=N1)C(F)(F)F)NC(=O)CN2CCNCC2=O,Non-blocker,Non-blocker,0,UCKQVNPAMYQNKT-UHFFFAOYSA-N,UCKQVNPAMYQNKT,PubChem,90256814,
O=C1NC(=O)C(c2ccccc2)(c2ccccc2)N1,Non-blocker,Non-blocker,0,CXOFVDLJLONNDW-UHFFFAOYSA-N,CXOFVDLJLONNDW,CUPID,CUPID,
CCOC(=O)C1=C(NC(=C([C@@H]1C2=C(C=CN=C2)C3=CC=CC4=CC=CC=C43)C#N)C)C,Blocker,Blocker,1,PFMILRPAGKLHTO-RUZDIDTESA-N,PFMILRPAGKLHTO,PubChem,44318895,
CC1=NOC(=N1)[C@H]2C[C@@H]2C(=O)NCC3=C4CN(CCC4=C(C=C3)C5=CC(=CC=C5)OC(F)(F)F)C(=O)NC(C)(C)C,Blocker,Blocker,1,XKDFZZUFCHOVRN-GOTSBHOMSA-N,XKDFZZUFCHOVRN,PubChem,118918048,26561979
COC(=O)C1=C(C)N=C(C)/C(=C(/O)OC)C1c1cccc(Cl)c1,Blocker,Blocker,,CVMLRZLTFZHPGP-DTQAZKPQSA-N,CVMLRZLTFZHPGP,eval_set_cav_70.csv,,
CCOC(=O)C1=C(NC(=C(C1C2=C(ON=C2C)CCC3=CC=CC4=CC=CC=C43)C(=O)OCC)C)C,Blocker,Blocker,1,IQLHMHYZNGJXCC-UHFFFAOYSA-N,IQLHMHYZNGJXCC,PubChem,10005721,10447952
Cc1ccc2[nH]cc(CN(C)C)c2c1,Non-blocker,Non-blocker,,GXCDTJAVATWRFZ-UHFFFAOYSA-N,GXCDTJAVATWRFZ,eval_set_cav_70.csv,,
C#CCn1cc(CN2CCCCC2)c2ccccc21,Non-blocker,Non-blocker,,IIXLUPBEBUPOHH-UHFFFAOYSA-N,IIXLUPBEBUPOHH,eval_set_cav_70.csv,,
CC(=O)OC1(C2=CC=CN2C3=C(S1)C(=CC=C3)Cl)C4=CC=CC=C4,Blocker,Blocker,1,XKYTWYHHWUGWBX-UHFFFAOYSA-N,XKYTWYHHWUGWBX,PubChem,10641958,9016337
COC(=O)C1=C(C)NC(C)=C(C(=O)OC)C1c1ccc(-c2ccc(Cl)c(Cl)c2)o1,Blocker,Blocker,,ZYMSFAMMMKTLJR-UHFFFAOYSA-N,ZYMSFAMMMKTLJR,eval_set_cav_70.csv,,
O=C(CN1CCCC1)NN1c2ccccc2Sc2cc(Cl)ccc21,Non-blocker,Blocker,,LLYYMSFSWPNTPP-UHFFFAOYSA-N,LLYYMSFSWPNTPP,eval_set_cav_60.csv,,
CC(C)(C)C1=CC(=CC(=C1O)C(C)(C)C)C2N(C(=O)CS2)CCCN(C)CC3=CC(=C(C=C3)OC)OC,Blocker,Blocker,1,AENYUXFGNVUDBE-UHFFFAOYSA-N,AENYUXFGNVUDBE,PubChem,10649855,9784106
COC(=O)C1=C(C)N=C(C)/C(=C(/O)OC)C1c1c(F)cccc1Cl,Blocker,Blocker,,KBVQWNQUDGWFCF-FOWTUZBSSA-N,KBVQWNQUDGWFCF,eval_set_cav_70.csv,,
CCC1=C[C@@H]2[C@H](C1)C[C@]2(CN)Cc1nc(=O)o[nH]1,Blocker,Blocker,,ZTKAJVXFDWQBSJ-GIPNMCIBSA-N,ZTKAJVXFDWQBSJ,eval_set_cav_60.csv,,
CC(CCCN(CC1=CC=CC=C1)CC2=CC=CC=C2)(C3=CC(=C(C=C3)O)CN4CCCCCC4)C5=CC(=C(C=C5)O)CN6CCCCCC6,Blocker,Blocker,1,UEIMMISDNLYGEC-UHFFFAOYSA-N,UEIMMISDNLYGEC,PubChem,23293552,10476885
C=CCOC(=O)C1=C(C)NC(C)=C(C(=O)OCC=C)C1c1ccc(N(C)C)cc1,Blocker,Blocker,1,HEOZIWLUGOWCQN-UHFFFAOYSA-N,HEOZIWLUGOWCQN,data_cav_dev,CHEMBL2063849,
CCOC(=O)C1=C(NC(=C(C1C2=C(C(=CC=C2)[N+](=O)[O-])SC)C(=O)OCC)C)C,Blocker,Blocker,1,WDNUOVJKQOKDLD-UHFFFAOYSA-N,WDNUOVJKQOKDLD,PubChem,13755646,2435904
Cc1cc(C)cc(-c2cc3cc(C(C)(C)C(=O)NC(C)(C)C)ccc3n2Cc2c(C)noc2C)c1,Blocker,Blocker,,YMTRVXQPSPPPID-UHFFFAOYSA-N,YMTRVXQPSPPPID,eval_set_cav_70.csv,,
COC(c1ccccc1)(c1ccccc1)C(Oc1nc(C)cc(C)n1)C(=O)O,Non-blocker,Non-blocker,0,OUJTZYPIHDYQMC-UHFFFAOYSA-N,OUJTZYPIHDYQMC,CUPID,CUPID,
CC1=C(C(SC2=CC=CC=C2N1)C3=CC(=CC=C3)[N+](=O)[O-])C(=O)OC,Blocker,Blocker,1,ZFFNFBMBLAAUBL-UHFFFAOYSA-N,ZFFNFBMBLAAUBL,PubChem,13763163,2435903
CC(C)[C@H]1C2=C(CC[C@@]1(CCN(C)CCCC3=NC4=CC=CC=C4N3)OC(=O)COC)C=C(C=C2)F,Blocker,Blocker,1,HBNPJJILLOYFJU-VMPREFPWSA-N,HBNPJJILLOYFJU,PubChem,60663,10991994
CCOC(=O)C1=C(NC(=C(C1C2=CC=CC=C2C(F)(F)F)C(=O)OCC)CSC3=CC=CC=N3)C,Blocker,Blocker,1,UZYNAZUAXOBAEL-UHFFFAOYSA-N,UZYNAZUAXOBAEL,PubChem,15050318,2066997
CC(CCC(C1=CC=CC=C1)(C2=CC=CC=C2)O)(C3=CC(=C(C=C3)O)CN4CCCCCC4)C5=CC(=C(C=C5)O)CN6CCCCCC6,Blocker,Blocker,1,UFNFPRCIIMCYDD-UHFFFAOYSA-N,UFNFPRCIIMCYDD,PubChem,9875854,10476885
CNC(=O)c1c(-c2ccc(F)cc2)oc2cc(N(C)S(C)(=O)=O)c(-c3ccc4ncn5c6cccc(F)c6cc5c4n3)cc12,Non-blocker,Non-blocker,0,QUQQSAYJYFXNAN-UHFFFAOYSA-N,QUQQSAYJYFXNAN,CUPID,CUPID,
Cc1ccc(C(C)C)cc1O,Non-blocker,Non-blocker,,RECUKUPTGUEGMW-UHFFFAOYSA-N,RECUKUPTGUEGMW,eval_set_cav_60.csv,,
CN(C)CCN1C2=CC=CC=C2CC(C(C1=O)CC=C)C3=CC=C(C=C3)OC,Non-blocker,Blocker,1,ZKDCTJVGBODVRR-UHFFFAOYSA-N,ZKDCTJVGBODVRR,PubChem,15612147,1311765
CC(=C1C([C@]2([C@]3(C[C@]4([C@@]1([C@@]2([C@@]5([C@@]3(CCC(=C)C5O)O)O4)O)C)O)C)O)OC(=O)C6=CC=CN6)C,Blocker,Blocker,1,WKNCDWJILGLPCR-NBNOSRFISA-N,WKNCDWJILGLPCR,PubChem,49823659,8691427
COc1ccccc1-n1nc(OC2CC(C)(C)S(=O)(=O)C(C)(C)C2)cc1-c1ccc(Cl)cc1,Blocker,Blocker,1,TWUDJPWCVJDVTM-UHFFFAOYSA-N,TWUDJPWCVJDVTM,data_cav_dev,,73294763
CC1(C)CCC(n2c(=O)cc(O)n(CCc3cccc(Cl)c3)c2=O)C1,Non-blocker,Non-blocker,0,HCJGBVOQKBZSBO-UHFFFAOYSA-N,HCJGBVOQKBZSBO,CUPID,CUPID,
CC(=O)c1ccc2c(c1)C1c3ccccc3C2C2C(=O)NC(=O)C12,Non-blocker,Non-blocker,,PXQVMOUDEVWYEZ-UHFFFAOYSA-N,PXQVMOUDEVWYEZ,eval_set_cav_70.csv,,
C1CN(C(=O)CN1)CC(=O)NC(C2=CC=CC=N2)C(F)(F)F,Non-blocker,Non-blocker,0,ZBNNJWUHEXLXFB-UHFFFAOYSA-N,ZBNNJWUHEXLXFB,PubChem,90257355,
COC(=O)C1=C(C)N(C)C(C)=C(C(=O)OC)C1c1ccc(-c2ccccc2)cc1,Blocker,Blocker,,KDYRDHHZIJSBLT-UHFFFAOYSA-N,KDYRDHHZIJSBLT,eval_set_cav_70.csv,,
O=C1NC(=O)C2C1C1c3ccccc3C2(/C=N/Cc2ccccc2)c2ccccc21,Blocker,Non-blocker,,DFDSFRIADGLKAL-JFLMPSFJSA-N,DFDSFRIADGLKAL,eval_set_cav_60.csv,,
CN1C(=O)[C@@H](N2CCc3c(nn(Cc4ccccc4)c3Br)C2=O)COc2ccccc21,Non-blocker,Non-blocker,,KHVVJKLNKLQLJZ-SFHVURJKSA-N,KHVVJKLNKLQLJZ,eval_set_cav_70.csv,,
C1CN(CC(C1(F)F)OC2=NC=C(C=C2)C(F)(F)F)C(=O)C3=CC=CC=C3N4N=CC=N4,Blocker,Blocker,1,STOAHUPMLALESQ-UHFFFAOYSA-N,STOAHUPMLALESQ,PubChem,90286502,27818110
CCOC(=O)C1=C(C)NC(C)=C(C(=O)OC)C1c1ccco1,Blocker,Blocker,,OLXWQAXTBFSAHN-UHFFFAOYSA-N,OLXWQAXTBFSAHN,eval_set_cav_70.csv,,
COc1ccccc1-n1nc(OC2CCN(S(=O)(=O)C(C)C)CC2)cc1-c1ccc(Cl)cc1,Blocker,Blocker,1,QRGMHEOPAKSEPT-UHFFFAOYSA-N,QRGMHEOPAKSEPT,data_cav_dev,,73297014
CCC1C2CC3C4N(C)c5ccccc5C45CC(C2C5O)N3C1O,Non-blocker,Non-blocker,0,CJDRUOGAGYHKKD-UHFFFAOYSA-N,CJDRUOGAGYHKKD,CUPID,CUPID,
O=C(CN(c1ccccc1)c1ccccc1)N1CCN(C(c2ccccc2)c2cccc(Cl)c2)CC1,Non-blocker,Non-blocker,0,YZBMBXSAQFTDCP-UHFFFAOYSA-N,YZBMBXSAQFTDCP,data_cav_dev,CHEMBL598793,
CC(C)(C)NC(=O)C(c1ccccn1)n1ccc2cc(C(C)(C)C(=O)NC(C)(C)C)ccc21,Blocker,Blocker,,WBRMXFKTCZLINW-UHFFFAOYSA-N,WBRMXFKTCZLINW,eval_set_cav_60.csv,,
C#CCNCc1ccc(CNC23OC4C5C6CC(C7C6C4C72)C53)cc1,Blocker,Blocker,,SLBNGFUQKDAVKH-UHFFFAOYSA-N,SLBNGFUQKDAVKH,eval_set_cav_70.csv,,
Nc1ccn([C@@H]2CS[C@H](CO)O2)c(=O)n1,Non-blocker,Non-blocker,,JTEGQNOMFQHVDC-NKWVEPMBSA-N,JTEGQNOMFQHVDC,eval_set_cav_60.csv,,
CCOC1=CC=C(C=C1)N2C(=C3C(=NN=C(C3=C2C)C)C)C,Blocker,Blocker,1,PNNKFYQBFUGYEX-UHFFFAOYSA-N,PNNKFYQBFUGYEX,PubChem,715493,15080973
COC(=O)C1=C(C)N(C)C(C)=C(C(=O)OC)C1c1cccc(Cl)c1,Blocker,Blocker,,ODICPULKHOZXSO-UHFFFAOYSA-N,ODICPULKHOZXSO,eval_set_cav_70.csv,,
CCCCCCOC(=O)[C@H](CCC(=O)NCCC1CCN(Cc2ccccc2)CC1)NC(=O)c1ccccc1,Blocker,Non-blocker,,XFEJPTLRXOZZDA-LJAQVGFWSA-N,XFEJPTLRXOZZDA,eval_set_cav_60.csv,,
NC(=O)c1cnc(NC(C2CC2)C(F)(F)F)c2c1[nH]c1cc(-c3cnc(N)nc3)ccc12,Non-blocker,Non-blocker,0,SHSWWKAPCSHSHG-UHFFFAOYSA-N,SHSWWKAPCSHSHG,CUPID,CUPID,
CCOC1=CC=C(C=C1)N2C(=C3C(=NN=C(C3=C2C)NC)C)C,Blocker,Blocker,1,FASKULMRUUGIHB-UHFFFAOYSA-N,FASKULMRUUGIHB,PubChem,10380703,16321528
NC1CC(N2Cc3cn(S(=O)(=O)C4CC4)nc3C2)COC1c1cc(F)ccc1F,Non-blocker,Non-blocker,0,MOXGYTJGIKCZID-UHFFFAOYSA-N,MOXGYTJGIKCZID,CUPID,CUPID,
CC1CCCC1n1c(=O)cc(O)n(CCc2ccc(Cl)cc2)c1=O,Non-blocker,Non-blocker,0,XUTIYZFWAIMWJG-UHFFFAOYSA-N,XUTIYZFWAIMWJG,CUPID,CUPID,
CCCCCCCCC[C@@H]1CN[C@@H](CN1CC2=CC=CC=C2)C,Blocker,Blocker,1,UXIFSRRMGBJFIO-TZIWHRDSSA-N,UXIFSRRMGBJFIO,PubChem,71625084,23639535
C1CN(CCN1CC(=O)N(C2=CC=CC=C2)C3=CC=CC=C3)C(C4=CC=CC=C4)C5=C(C=C(C=C5)Cl)Cl,Blocker,Blocker,1,GGKXNHJATNHIDB-UHFFFAOYSA-N,GGKXNHJATNHIDB,PubChem,11548252,20117000
COC(=O)C1=CNC=C(C(=O)OC)C1c1ccccc1Cl,Blocker,Blocker,,OXIGQRYDADOYEB-UHFFFAOYSA-N,OXIGQRYDADOYEB,eval_set_cav_70.csv,,
CCN=C(N)NC(=O)Nc1c(CC)cc(C(=O)NC(C)C)cc1CC,Non-blocker,Non-blocker,0,YNLDPQYFFGLCQF-UHFFFAOYSA-N,YNLDPQYFFGLCQF,CUPID,CUPID,
C[C@H](N)Cn1ncc2ccc(O)cc21,Blocker,Blocker,,WBYHTZYHAFNBKW-ZETCQYMHSA-N,WBYHTZYHAFNBKW,eval_set_cav_60.csv,,
CC(=O)CC1C(CC2=C(C=CC(=C2)C(F)(F)F)N(C1=O)CCN(C)C)C3=CC=C(C=C3)OC,Non-blocker,Blocker,1,VBQCTFVNGZBNTP-UHFFFAOYSA-N,VBQCTFVNGZBNTP,PubChem,14257330,1311765
C=CCOC(=O)C1=C(C)NC(C)=C(C(=O)OCC=C)C1/C=C/c1ccccc1OC,Blocker,Blocker,,OSJGPDPQZVCQTN-OUKQBFOZSA-N,OSJGPDPQZVCQTN,eval_set_cav_60.csv,,
COC(=O)C1=C(C)NC(C)=C(C(=O)OC)C1c1cccc(F)c1,Blocker,Blocker,1,BEVXZWSISNHLKP-UHFFFAOYSA-N,BEVXZWSISNHLKP,data_cav_dev,CHEMBL2063845,
Cc1ccc(C(c2ccccc2)N2CCN(C(=O)NC(c3ccccc3)c3ccccc3)CC2)c(C)c1,Non-blocker,Non-blocker,,QVLIXEZADCIAGA-UHFFFAOYSA-N,QVLIXEZADCIAGA,eval_set_cav_70.csv,,
CCOC(=O)C1=C(C)N=C(C)/C(=C(/O)OCC)C1c1cc([N+](=O)[O-])ccc1SC,Blocker,Blocker,,YZMARTUHSZYWMA-KNTRCKAVSA-N,YZMARTUHSZYWMA,eval_set_cav_70.csv,,
COCCOC(=O)C1=C(C)NC(C)=C(C(=O)OCCOC)C1c1cccc([N+](=O)[O-])c1,Blocker,Blocker,1,DKUDHLFHAFDRKU-UHFFFAOYSA-N,DKUDHLFHAFDRKU,data_cav_dev,CHEMBL2063800,
Nc1ccc2c(c1)C1c3ccccc3C2C2C(=O)NC(=O)C12,Non-blocker,Non-blocker,,PLOBPQHEVIXYCK-UHFFFAOYSA-N,PLOBPQHEVIXYCK,eval_set_cav_70.csv,,
COc1c(N2CC3CCCNC3C2)c(F)cc2c(=O)c(C(=O)O)cn(C3CC3)c12,Non-blocker,Non-blocker,0,FABPRXSRWADJSP-UHFFFAOYSA-N,FABPRXSRWADJSP,CUPID,CUPID,
C1CN(CCN1C(C2=CC=CC=C2)C3=CC=C(C=C3)F)C(=O)CC(C4=CC=CC=C4)C5=CC=CC=C5,Blocker,Blocker,1,QJXZQIYIFNIJIO-UHFFFAOYSA-N,QJXZQIYIFNIJIO,PubChem,10367798,20117000
CN1CCN(CC1)C2=NN=C(C(=C2)C3=CC=NC=C3)C4=CC5=CC=CC=C5C=C4,Non-blocker,Non-blocker,0,CIIVUDIZZJLXCN-UHFFFAOYSA-N,CIIVUDIZZJLXCN,PubChem,86270361,30978288
COC(=O)C1=C(C)NC(C)=C(C(=O)OC)C1c1ccc(Cl)cc1Cl,Blocker,Non-blocker,,FFQZJXYLJQZVPJ-UHFFFAOYSA-N,FFQZJXYLJQZVPJ,eval_set_cav_70.csv,,
CCCCOC(=O)C1=C(NC(=C(C1C2=CC=CC=C2C(F)(F)F)C(=O)OC)C)C,Blocker,Blocker,1,NMUVIUSWLTWQPR-UHFFFAOYSA-N,NMUVIUSWLTWQPR,PubChem,9978970,8246246
C1CN(CC(C1(F)F)OC2=NC=CC3=CC=CC=C32)C(=O)C4=CC=CC=C4N5N=CC=N5,Blocker,Blocker,1,RCRZQMQCOBKRAY-UHFFFAOYSA-N,RCRZQMQCOBKRAY,PubChem,134142573,27818110
C1=CC=C(C=C1)C(C2=CC=CC=C2)(C3=CC=CC=C3Cl)N4C=CN=C4,Blocker,Blocker,1,VNFPBHJOKIVQEB-UHFFFAOYSA-N,VNFPBHJOKIVQEB,PubChem,2812,22761000
CC1=C(C(C(=C(N1)C(OC)OC)C(=O)OC/C=C/C2=CC=C(C=C2)F)C3=CC(=CC=C3)Cl)C(=O)O,Blocker,Blocker,1,OWYKGAZERKKVPX-AATRIKPKSA-N,OWYKGAZERKKVPX,PubChem,44562332,18684623
CC1=C(C(C(=C(N1)C(OC)OC)C(=O)OC/C=C/C2=CC=CC=C2)C3=CC(=CC=C3)Cl)C(=O)O,Blocker,Blocker,1,DYCQZLTXFOLEKQ-DHZHZOJOSA-N,DYCQZLTXFOLEKQ,PubChem,22949282,21514827
COC1=CC(=C(C=C1)C2C3=CC=C(N3C4=CC=CC=C4S2)CN5CCOCC5)OC,Blocker,Blocker,1,UAZHCBHXTWVCAF-UHFFFAOYSA-N,UAZHCBHXTWVCAF,PubChem,10717126,9016337
CC1=C(C(C(=C(N1)CSC2=CC=CC=C2)C(=O)OCCC#N)C3=CC=CC=C3C(F)(F)F)C#N,Blocker,Blocker,1,FQPLFVMNPNQAGU-UHFFFAOYSA-N,FQPLFVMNPNQAGU,PubChem,15050294,2066997
Nc1c2c(nc3c1C(c1ccc4c(c1)OCO4)NC(=S)N3)CCCC2,Blocker,Blocker,,HCMONNLOJLHXAS-UHFFFAOYSA-N,HCMONNLOJLHXAS,eval_set_cav_70.csv,,
CN(C)CCC(c1ccc(Cl)c(Cl)c1)N1CCOCC1,Non-blocker,Blocker,,KEGBICCDHKITSP-UHFFFAOYSA-N,KEGBICCDHKITSP,eval_set_cav_60.csv,,
O=c1cc(O)n(C2CCCC2)c(=O)n1C1CCc2ccccc21,Non-blocker,Non-blocker,0,HJEGXMSQVGGHHP-UHFFFAOYSA-N,HJEGXMSQVGGHHP,CUPID,CUPID,
COc1ccccc1-n1nc(C2CC(C)(C)OC(C)(C)C2)cc1-c1csc(Cl)c1,Non-blocker,Blocker,1,AIMMHDGCSFCVJN-UHFFFAOYSA-N,AIMMHDGCSFCVJN,data_cav_dev,CHEMBL4277584,
O=c1cc(O)n(CCc2cccc(Cl)c2)c(=O)n1C1CCNC1,Non-blocker,Non-blocker,0,LUTGQBXMPMFIKP-UHFFFAOYSA-N,LUTGQBXMPMFIKP,CUPID,CUPID,
CC1=NC(=S)NC(c2cccc([N+](=O)[O-])c2)C1C(=O)OC(C)C,Non-blocker,Non-blocker,0,TZMYRDILZSQPJW-UHFFFAOYSA-N,TZMYRDILZSQPJW,CUPID,CUPID,
CC(C)(C)NC(=O)Cn1c(-c2ccc(F)cc2)cc2cc(C(C)(C)C(=O)NC(C)(C)C)ccc21,Blocker,Blocker,1,PUCSOJJDYCRJOQ-UHFFFAOYSA-N,PUCSOJJDYCRJOQ,data_cav_dev,CHEMBL1643729,
OC1(CCCc2ccc(-c3nn[nH]n3)cc2)CCN(C[C@H]2CN(CC3CCCCC3)C[C@@H]2c2ccccc2)CC1,Blocker,Blocker,,MYTRYQKUDUGKTA-IOWSJCHKSA-N,MYTRYQKUDUGKTA,eval_set_cav_60.csv,,
COc1ccccc1-n1nc(OCC2C(C)(C)OC2(C)C)cc1-c1ccc(Cl)cc1,Blocker,Blocker,,GTVKXVAXHKIMQX-UHFFFAOYSA-N,GTVKXVAXHKIMQX,eval_set_cav_60.csv,,
C1=C(C=C2C(=C1C(F)(F)F)N=C(N2)CCCN)C(F)(F)F,Non-blocker,Non-blocker,0,MEPTTXLFPKJMDP-UHFFFAOYSA-N,MEPTTXLFPKJMDP,PubChem,60194129,
CCOC(=O)C1=C(NC(=S)N(C1C2=CC(=CC=C2)[N+](=O)[O-])C(=O)C3=CC=C(C=C3)OC)C,Blocker,Blocker,1,HINITYQTEVPGSQ-UHFFFAOYSA-N,HINITYQTEVPGSQ,PubChem,14788045,2391701
CN(CCCN1C(SCC1=O)C2=CC(=C(C(=C2)Cl)O)Cl)CCOC3=CC4=C(C=C3)OCO4,Non-blocker,Blocker,1,NIDBQJCROFLCRC-UHFFFAOYSA-N,NIDBQJCROFLCRC,PubChem,10625165,
C1CN(CCC1C2=NC(=NO2)C3=NC=CC4=CC=CC=C43)C(=O)NC5CC5C6=CC=CC=C6,Non-blocker,Blocker,1,HRCSHGYOQCEMTF-UHFFFAOYSA-N,HRCSHGYOQCEMTF,PubChem,45270788,19645482
COc1cc2nc(N(C)CCCNC(=O)C3CCCO3)nc(N)c2cc1OC,Non-blocker,Non-blocker,0,WNMJYKCGWZFFKR-UHFFFAOYSA-N,WNMJYKCGWZFFKR,CUPID,CUPID,
CCOC(=O)C1=C(C)NC(C)=C(C(=O)OC)C1c1ccc(C)o1,Blocker,Blocker,,AARJIBDJVXSJTN-UHFFFAOYSA-N,AARJIBDJVXSJTN,eval_set_cav_70.csv,,
CN(C)CC1=CC=C2N1C3=CC=CC=C3SC2C4=CC=CC=C4,Blocker,Blocker,1,FDBYIIBXPLWFTK-UHFFFAOYSA-N,FDBYIIBXPLWFTK,PubChem,10758070,
C[C@]12CC[C@H]3[C@H]([C@@H]1CC[C@@H]2O)CCC4=CC(=O)CC[C@]34C,Blocker,Blocker,1,MUMGGOZAMZWBJJ-DYKIIFRCSA-N,MUMGGOZAMZWBJJ,PubChem,6013,22761000
Cc1ccc(Nc2nc(C(=O)N3CCCC(C)C3C)cs2)cc1,Non-blocker,Blocker,1,YKFSMOUFOXUQLG-UHFFFAOYSA-N,YKFSMOUFOXUQLG,data_cav_dev,CHEMBL2418806,
CCOC(=O)/C=C\1/C(C(C(=C(N1)C)C(=O)OCC)C2=CC=CC=C2C(F)(F)F)C(=O)OCC,Non-blocker,Blocker,1,ZZEQABVQAKTWOG-VBKFSLOCSA-N,ZZEQABVQAKTWOG,PubChem,14364304,2840504
CN(C)Cc1c[nH]c2ccc(Br)cc12,Non-blocker,Non-blocker,,FSERHDPEOFYMMK-UHFFFAOYSA-N,FSERHDPEOFYMMK,eval_set_cav_70.csv,,
CCN(CC)CC(=O)Nc1c(C)cccc1C,Non-blocker,Non-blocker,0,NNJVILVZKWQKPM-UHFFFAOYSA-N,NNJVILVZKWQKPM,CUPID,CUPID,
CC(C)NC(=O)Nc1ccc2c(c1)C(=O)N([C@H](C)CO)C[C@@H](C)[C@H](CN(C)S(=O)(=O)c1ccc(Cl)cc1)O2,Blocker,Blocker,,NMFHWISFZINRTB-GGUMNFRJSA-N,NMFHWISFZINRTB,eval_set_cav_60.csv,,
COC1=CC=C(C=C1)C2C3=CC=CN3C4=CC=CC=C4S2,Blocker,Blocker,1,YMIXJSCCOUOPPZ-UHFFFAOYSA-N,YMIXJSCCOUOPPZ,PubChem,10541761,7473567
CNC(=O)c1c(-c2ccc(F)cc2)oc2cc(N(C)S(C)(=O)=O)c(-c3ccc4c(n3)-c3cc5c(F)cccc5n3CN4)cc12,Non-blocker,Non-blocker,0,MGKCTMFWUSMCJX-UHFFFAOYSA-N,MGKCTMFWUSMCJX,CUPID,CUPID,
Cc1cc(C)cc(-c2cc3cc(C(=O)NC(C)(C)C)ccc3n2CC(C)O)c1,Blocker,Blocker,,CELTXAXVXKSEGR-UHFFFAOYSA-N,CELTXAXVXKSEGR,eval_set_cav_70.csv,,
CC(=O)Nc1ccc2c(c1)C1c3ccccc3C2C2C(=O)NC(=O)C12,Non-blocker,Non-blocker,,GUUBZYJUXOVCNT-UHFFFAOYSA-N,GUUBZYJUXOVCNT,eval_set_cav_70.csv,,
O=C(Nc1ccc(C(F)(F)F)cc1)N1CCC(c2nc(-c3ccccn3)no2)CC1,Non-blocker,Non-blocker,0,FOJGGWIJRFOXIF-UHFFFAOYSA-N,FOJGGWIJRFOXIF,CUPID,CUPID,
COc1ccccc1-n1nc(OC2CCSCC2)cc1-c1ccc(Cl)cc1,Blocker,Blocker,1,BDZDJFPQRUGPOF-UHFFFAOYSA-N,BDZDJFPQRUGPOF,data_cav_dev,,73296686
CCN=C1NC2C(O)CC(CO)OC2S1,Non-blocker,Non-blocker,0,XIBRBQOZJDMOOG-UHFFFAOYSA-N,XIBRBQOZJDMOOG,CUPID,CUPID,
COC1=CC(=C(C=C1)C2C3=CC=C(N3C4=CC=CC=C4S2)CNCCC5=CC(=C(C=C5)OC)OC)OC,Blocker,Blocker,1,TVRYKHLITVVFBH-UHFFFAOYSA-N,TVRYKHLITVVFBH,PubChem,10625705,9016337
C=CCOC(=O)C1=C(C)NC(SC)=C(C#N)C1c1ccc(Cl)cc1,Blocker,Blocker,,NZRBLOSRZNKWLW-UHFFFAOYSA-N,NZRBLOSRZNKWLW,eval_set_cav_70.csv,,
CSC1=NC2/C(=C(/O)OCCCCCSc3c2cccc3[N+](=O)[O-])C(C)=N1,Blocker,Blocker,,WASSYUHVCUFIGT-VKAVYKQESA-N,WASSYUHVCUFIGT,eval_set_cav_70.csv,,
CCCCCC1=C(C(=NO1)C2=CC=CC=C2)C3C(=C(NC(=C3C(=O)OCC)C)C)C(=O)OCC,Blocker,Blocker,1,DLPWKVILLXAXSX-UHFFFAOYSA-N,DLPWKVILLXAXSX,PubChem,14762902,2142737
CNC(=O)c1c(-c2ccc(F)cc2)oc2cc(N(C)S(C)(=O)=O)c(-c3ccc4ccn5c6cccc(F)c6cc5c4n3)cc12,Non-blocker,Non-blocker,0,GSURGAWEPTXPFX-UHFFFAOYSA-N,GSURGAWEPTXPFX,CUPID,CUPID,
C1=CC=C(C=C1)CN2C=CC(=N2)NC(=O)CC3=CC(=CC=C3)Cl,Blocker,Blocker,1,XZTPJUXNDXSIRK-UHFFFAOYSA-N,XZTPJUXNDXSIRK,PubChem,145965046,29116786
CSC1=NC(c2cc([N+](=O)[O-])ccc2SC)C2=C(COC2=O)N1,Non-blocker,Non-blocker,0,ITSPUHWYLWMBTM-UHFFFAOYSA-N,ITSPUHWYLWMBTM,data_cav_dev,,10043541
CCOC(=O)C1=C(C)NC(C)=C(C(=O)OCC)C1c1ccc(O)c(OCC)c1,Blocker,Blocker,1,INEOJKKJCZPDEV-UHFFFAOYSA-N,INEOJKKJCZPDEV,data_cav_dev,CHEMBL2063824,
CCCN1CCCCC1C(=O)Nc1c(C)cccc1C,Non-blocker,Non-blocker,0,ZKMNUMMKYBVTFN-UHFFFAOYSA-N,ZKMNUMMKYBVTFN,CUPID,CUPID,
CC(C)[C@H](C1=CC=C(C=C1)F)NC(=O)NC2CCN(CC2)CCC3=CC=CC=C3,Blocker,Blocker,1,DYGPHHIMORZMIH-HSZRJFAPSA-N,DYGPHHIMORZMIH,PubChem,56930892,
COC1=CC=C(C=C1)C2=C(C3=CC=CN3C4=CC=CC=C4S2)OC(=O)C5=CC(=C(C(=C5)OC)OC)OC,Blocker,Non-blocker,0,XWDHBAKLQDYMCG-UHFFFAOYSA-N,XWDHBAKLQDYMCG,PubChem,14743217,8709127
O=C(O)c1cc(-c2ccc(C3CCNCC3)cc2)c2ccc(-c3ccc(C(F)(F)F)cc3)cc2c1,Non-blocker,Non-blocker,,FOECKIWHCOYYFL-UHFFFAOYSA-N,FOECKIWHCOYYFL,eval_set_cav_60.csv,,
CCOC(=O)N1CCC(=CC#Cc2cccc(C)n2)C1,Non-blocker,Non-blocker,0,NDVDBJIRXMBDOD-UHFFFAOYSA-N,NDVDBJIRXMBDOD,CUPID,CUPID,
CC1=C(C(C(=C(N1)C)C(=O)OCCCCCCCCCCCCCCCC[N+](C)(C)C)C2=CC=CC=C2C(F)(F)F)C(=O)OC,Blocker,Blocker,1,IKCOPTIVXBNSMS-UHFFFAOYSA-O,IKCOPTIVXBNSMS,PubChem,10100618,8246246
c1cc(C/N=C2\C3C4CC5C6C4C2C6C2(OCCO2)C53)ccc1C/N=C1/C2C3CC4C5C3C1C5C1(OCCO1)C42,Blocker,Blocker,1,VDQPBLXOUSKZEE-KDJHSEOYSA-N,VDQPBLXOUSKZEE,data_cav_dev,CHEMBL4436402,
Cc1nnc(C(=O)NC(C)(C)c2nc(C(=O)NCc3ccc(F)cc3)c(O)c(=O)n2C)o1,Non-blocker,Non-blocker,0,CZFFBEXEKNGXKS-UHFFFAOYSA-N,CZFFBEXEKNGXKS,data_cav_dev,CHEMBL254316,
COC(=O)C1=CNC=C(C(=O)OC)C1c1ccc(Cl)c(Cl)c1,Blocker,Blocker,,FTUDAMYKRYOOIG-UHFFFAOYSA-N,FTUDAMYKRYOOIG,eval_set_cav_70.csv,,
Clc1ccccc1CCN1CCN(c2[nH]nc3c2CCc2ccccc2-3)CC1,Non-blocker,Blocker,,DBPSAINLCKSSJL-UHFFFAOYSA-N,DBPSAINLCKSSJL,eval_set_cav_60.csv,,
CC1(O)CCC2C(CCC3C2CCC2(C)C(C(=O)Cn4cc(C#N)cn4)CCC32)C1,Non-blocker,Non-blocker,0,HARRKNSQXBRBGZ-UHFFFAOYSA-N,HARRKNSQXBRBGZ,CUPID,CUPID,
O=C1NC(=O)C2C1C1(Cl)c3ccccc3C2(Cl)c2ccccc21,Blocker,Non-blocker,,BKMAOYXRRTVIDE-UHFFFAOYSA-N,BKMAOYXRRTVIDE,eval_set_cav_60.csv,,
COc1ccc2cc(OCC3(C(=O)O)CN(C(=O)c4ccc(F)cc4)C3)ccc2c1,Blocker,Blocker,1,LWJGMYMNSNVCEM-UHFFFAOYSA-N,LWJGMYMNSNVCEM,data_cav_dev,CHEMBL3286797,
CCOC(=O)CC[C@H](NC(=O)OCc1ccccc1)C(=O)NCCC1CCN(Cc2ccccc2)CC1,Blocker,Non-blocker,,TXMSSTXNRQZQDT-SANMLTNESA-N,TXMSSTXNRQZQDT,eval_set_cav_60.csv,,
CC1=C(C(C(=C(N1)C)C(=O)OC/C=C/C2=CC=CC=C2)C3=CC=CC=C3[N+](=O)[O-])C(=O)O,Blocker,Blocker,1,PYUWWHKVVHBRFI-DHZHZOJOSA-N,PYUWWHKVVHBRFI,PubChem,22949289,16309909
CCOC(=O)C1=C(C)N=C(C)C(C(=O)OC(C)c2ccccc2)C1c1csc(-c2ccc(Cl)cc2)n1,Non-blocker,Non-blocker,0,AIWNUVKKORMWGK-UHFFFAOYSA-N,AIWNUVKKORMWGK,CUPID,CUPID,
CCOC(=O)C1=C(C)Nc2nc3c(c(N)c2C1c1ccc([N+](=O)[O-])cc1)CCCC3,Blocker,Blocker,1,QTWUJCCPMWZOOB-UHFFFAOYSA-N,QTWUJCCPMWZOOB,data_cav_dev,CHEMBL219405,
CCOC(=O)c1c(C)nc2nc3c(c(N)c2c1-c1ccc(F)cc1)CCCC3,Non-blocker,Non-blocker,0,DFIMEOJDEVLTMM-UHFFFAOYSA-N,DFIMEOJDEVLTMM,data_cav_dev,,10091114
CCN(CC)C(=O)c1ccc(C2=CC3(CCNCC3)Oc3ccccc32)c(O)c1,Non-blocker,Blocker,1,ALGHKWSXJUQNJJ-UHFFFAOYSA-N,ALGHKWSXJUQNJJ,data_cav_dev,CHEMBL561339,
Cc1ccc2[nH]cc(CN3CCCCC3)c2c1,Blocker,Non-blocker,,PHCFFMPFQZYYSC-UHFFFAOYSA-N,PHCFFMPFQZYYSC,eval_set_cav_70.csv,,
CCCCn1cc(CN(C)C)c2ccccc21,Non-blocker,Non-blocker,,FLSKDCMIVHPTQS-UHFFFAOYSA-N,FLSKDCMIVHPTQS,eval_set_cav_70.csv,,
CC(C)(CN1C2=CC(=CC(=C2N=C1CN3CCNCC3=O)C(F)(F)F)C(F)(F)F)O,Non-blocker,Non-blocker,0,BWRPSKBZGOXVSU-UHFFFAOYSA-N,BWRPSKBZGOXVSU,PubChem,90256544,
C1C(N(N=C1C2=CC=CC=C2)C(=O)NC3=CC=NC=C3)C4=CC=C(C=C4)F,Blocker,Blocker,1,IAQPONQUFBLUJV-UHFFFAOYSA-N,IAQPONQUFBLUJV,PubChem,134155661,27579577
CC1CC1C(=O)N1CCN(c2cnc(C#N)c(-c3cnn(C)c3)n2)CC1C,Non-blocker,Non-blocker,0,GXEXIUKEWXZCEF-UHFFFAOYSA-N,GXEXIUKEWXZCEF,CUPID,CUPID,
CC(=O)OC1=C(SC2=C(C=C(C=C2)Cl)N3C1=CC=C3)C4=CC=C(C=C4)OC,Blocker,Blocker,1,QPEMGAPGYJWSBS-UHFFFAOYSA-N,QPEMGAPGYJWSBS,PubChem,10408532,8709127
CO/C(O)=C1\C(C)=NC(C)=C([N+](=O)[O-])[C@H]1c1ccccc1C(F)(F)F,Blocker,Blocker,,YTMCTWONBYRCCU-UESPBHMZSA-N,YTMCTWONBYRCCU,eval_set_cav_70.csv,,
COC(=O)C1=C(C)NC(C)=C(C(=O)OC)C1c1ccc(OC)c(Br)c1,Blocker,Blocker,,RFPRKJVKJRURCT-UHFFFAOYSA-N,RFPRKJVKJRURCT,eval_set_cav_70.csv,,
O=C(NC1CC1c1ccccc1)N1CCC(c2nc(-c3cnccn3)no2)CC1,Non-blocker,Non-blocker,0,RUMNCJSUPKAMTM-UHFFFAOYSA-N,RUMNCJSUPKAMTM,CUPID,CUPID,
CN(C)Cc1c[nH]c2ccccc12,Blocker,Non-blocker,,OCDGBSUVYYVKQZ-UHFFFAOYSA-N,OCDGBSUVYYVKQZ,eval_set_cav_70.csv,,
CCOC(=O)c1c(C)nc2nc3c(c(N)c2c1-c1ccc(OC)cc1)CCCCCC3,Non-blocker,Non-blocker,0,OYHDYZJZSSLBOR-UHFFFAOYSA-N,OYHDYZJZSSLBOR,data_cav_dev,,76333292
CCCCSc1ccccc1C1N=C(SC)NC2=C1C(=O)OC2,Non-blocker,Non-blocker,0,LGUGOUYDFQGNKY-UHFFFAOYSA-N,LGUGOUYDFQGNKY,data_cav_dev,,10066365
CC1=NN(C(=O)Nc2ccc(F)cc2)C(c2ccc(F)cc2)C1,Blocker,Blocker,,STMDEYYXKAEPPR-UHFFFAOYSA-N,STMDEYYXKAEPPR,eval_set_cav_70.csv,,
Cc1cc(C)cc(-c2cc3cc(OC(F)(F)F)ccc3n2CC(C)O)c1,Non-blocker,Blocker,,LEPSNUKXKULMID-UHFFFAOYSA-N,LEPSNUKXKULMID,eval_set_cav_70.csv,,
CCOC(=O)[C@H]\1[C@@H](C(=C(N/C1=C\C(=O)C2=CC=CC=C2)C)[N+](=O)[O-])C3=CC=CC=C3C(F)(F)F,Blocker,Blocker,1,FTKNLMRIUGWKMG-YKVCFYRQSA-N,FTKNLMRIUGWKMG,PubChem,44290214,2840504
CCOC(=O)c1c(C)nc(C)c(C(=O)OCC)c1-c1c(-c2ccccc2)noc1C,Blocker,Blocker,,YAJHDFKCHQMQDM-UHFFFAOYSA-N,YAJHDFKCHQMQDM,eval_set_cav_60.csv,,
CSC1=NC(c2cccc([N+](=O)[O-])c2SC)C2=C(COC2=O)N1,Non-blocker,Non-blocker,,IZYKMGJBOIIZTP-UHFFFAOYSA-N,IZYKMGJBOIIZTP,eval_set_cav_70.csv,,
CCOC1=CC=C(C=C1)N2C(=C3C(=NN=C(C3=C2C)NCC4=CC=CC=N4)C)C,Blocker,Blocker,1,YKQDJXYJQLUWFK-UHFFFAOYSA-N,YKQDJXYJQLUWFK,PubChem,44407131,16321528
CCOC(=O)C1=C(C)NC(C)=C(C(=O)OCC)C1c1c(F)c(F)c(F)c(F)c1F,Non-blocker,Blocker,,QABNLWXKUCMDBP-UHFFFAOYSA-N,QABNLWXKUCMDBP,eval_set_cav_70.csv,,
CN(C)CC1=CC=C2N1C3=CC=CC=C3SC2C4=CC=C(C=C4)OC,Blocker,Blocker,1,TYMAXGQYKWRKGX-UHFFFAOYSA-N,TYMAXGQYKWRKGX,PubChem,10760342,9016337
CCNC[C@]1(Cc2nnn[nH]2)C[C@H]2CC(CC)=C[C@H]21,Blocker,Blocker,,VNSNLAKASFDGRH-YRGRVCCFSA-N,VNSNLAKASFDGRH,eval_set_cav_60.csv,,
CC(C)[C@H](C(=O)O)N1C[C@H](CN2CCC(c3ccc(F)cc3)CC2)[C@@H](c2ccccc2)C1,Blocker,Blocker,,AIEWGCAUTFKWHF-SKBVVQJISA-N,AIEWGCAUTFKWHF,eval_set_cav_70.csv,,
C[C@@H]1CN([C@@H](CN1)CC2=CC=CC=C2)C(C3=CC=CC=C3)C4=CC=CC=C4,Blocker,Blocker,1,YMPROSRVUQJLNK-HYBUGGRVSA-N,YMPROSRVUQJLNK,PubChem,73345858,23639535
N#CC1(c2ccccn2)CCN(Cc2cc(C(=O)O)c(=O)n3ccccc23)CC1,Non-blocker,Non-blocker,0,RJTJRVASUFIDQM-UHFFFAOYSA-N,RJTJRVASUFIDQM,data_cav_dev,CHEMBL1800285,
C1=CC(=CC=C1CCSC(=N)N)OCC2=CC=C(C=C2)[N+](=O)[O-],Blocker,Blocker,1,UMJUNUMSJDTYTM-UHFFFAOYSA-N,UMJUNUMSJDTYTM,PubChem,4534086,
CN1C(=O)CN=C(c2ccccc2)c2cc(Cl)ccc21,Non-blocker,Non-blocker,,AAOVKJBEBIDNHE-UHFFFAOYSA-N,AAOVKJBEBIDNHE,eval_set_cav_60.csv,,
COC(=O)C1C(C(C)C)=NC(=O)NC1c1cccc([N+](=O)[O-])c1,Non-blocker,Non-blocker,0,GHYAPWMBHNILQF-UHFFFAOYSA-N,GHYAPWMBHNILQF,CUPID,CUPID,
CCOC(=O)N1C(=O)N(C(=O)OCC)C(c2cccc([N+](=O)[O-])c2)C(C(=O)OC)=C1C,Blocker,Non-blocker,0,WRSFXMVDUKDKJP-UHFFFAOYSA-N,WRSFXMVDUKDKJP,CUPID,CUPID,
O=C(N1CCS(=O)(=O)CC1)N1C[C@H](c2ccc(OC(F)(F)F)cc2)C[C@H](c2nc(C3CC3)no2)C1,Blocker,Non-blocker,,RNQODBQYMXYMCT-SJORKVTESA-N,RNQODBQYMXYMCT,eval_set_cav_60.csv,,
O=C(O)[C@@H](CC1CCC1)N1C[C@H](CN2CCC(c3cnc4ccccn34)CC2)[C@@H](c2cccc(F)c2)C1,Blocker,Blocker,1,PEOZESLDPFYTRU-WYMJOSIYSA-N,PEOZESLDPFYTRU,data_cav_dev,CHEMBL2113086,
CCN=C1NC2C(OC(CF)C(O)C2O)S1,Non-blocker,Non-blocker,0,KVPVVYPYFJXXOJ-UHFFFAOYSA-N,KVPVVYPYFJXXOJ,CUPID,CUPID,
CCOC(=O)C1=C(C)N=C(C)/C(=C(/O)OCC)C1c1cccc([N+](=O)[O-])c1SC,Blocker,Blocker,,HRPHTZYJZLXWIU-XDJHFCHBSA-N,HRPHTZYJZLXWIU,eval_set_cav_70.csv,,
CO/C(O)=C1\C(C)=NC(C)=C(C(=O)OCC(C)C)C1c1ccccc1C(F)(F)F,Blocker,Blocker,1,DCZKYOPFILCJIP-KNTRCKAVSA-N,DCZKYOPFILCJIP,data_cav_dev,CHEMBL103806,
CN(CC(N)=O)[C@H](COCc1cc(C(F)(F)F)cc(C(F)(F)F)c1)c1ccccc1,Blocker,Blocker,,YVLZVIUUVUBKNC-QGZVFWFLSA-N,YVLZVIUUVUBKNC,eval_set_cav_70.csv,,
CCOC(=O)c1c(C)nc2nc3c(c(N)c2c1-c1cccc(OC)c1)CCCC3,Non-blocker,Non-blocker,0,PQXUGFFGKUMGFF-UHFFFAOYSA-N,PQXUGFFGKUMGFF,data_cav_dev,CHEMBL399040,
O=C(CC(c1ccccc1)c1ccccc1)N1CCN(C(c2ccccc2)c2ccc(Cl)c(Cl)c2)CC1,Non-blocker,Non-blocker,0,BYYRFINHECQVAV-UHFFFAOYSA-N,BYYRFINHECQVAV,data_cav_dev,CHEMBL599014,
C#CCNCc1ccc(CN2C3C4C5CC6C7C5C3C7C2(O)C64)cc1,Non-blocker,Non-blocker,,SLRQRSNVMWWBMB-UHFFFAOYSA-N,SLRQRSNVMWWBMB,eval_set_cav_70.csv,,
CCOC(=O)[C@H]\1[C@@H](C(=C(N/C1=C\C(=O)C2=CC=C(C=C2)Cl)C)C(=O)OCC)C3=CC=CC=C3C(F)(F)F,Blocker,Blocker,1,WCJTVFLWDCUPOI-IILLLQGVSA-N,WCJTVFLWDCUPOI,PubChem,44290370,2840504
NC(=O)c1ncn([C@@H]2O[C@H](CO)[C@@H](O)[C@H]2O)n1,Non-blocker,Non-blocker,,IWUCXVSUMQZMFG-AFCXAGJDSA-N,IWUCXVSUMQZMFG,eval_set_cav_60.csv,,
C1CN(C(=O)CN1)CC2=NC3=C(N2)C=C(C=C3F)F,Non-blocker,Non-blocker,0,GNNGVLNZEACNJH-UHFFFAOYSA-N,GNNGVLNZEACNJH,PubChem,90256757,
C=CCO/C(O)=C1\C(C)=NC(SCC)=C(C#N)C1c1ccc(Cl)cc1,Blocker,Blocker,,IQMVJFVQLOPOGH-KNTRCKAVSA-N,IQMVJFVQLOPOGH,eval_set_cav_60.csv,,
C1OC2=C(O1)C3=C4C(=C2)C=CN=C4C(=O)C5=CC=CC=C53,Non-blocker,Blocker,1,MUMCCPUVOAUBAN-UHFFFAOYSA-N,MUMCCPUVOAUBAN,PubChem,10144,
CN(C)CCN1C(=O)c2ccccc2N(C)c2ccccc21,Blocker,Non-blocker,0,QPGGEKPRGVJKQB-UHFFFAOYSA-N,QPGGEKPRGVJKQB,CUPID,CUPID,
C#CCn1cc(CN2CCCCC2)c2cc(Br)cnc21,Non-blocker,Non-blocker,,WTVJEVUUMDYBSI-UHFFFAOYSA-N,WTVJEVUUMDYBSI,eval_set_cav_70.csv,,
CCOC(=O)C1=C(C)N(c2ccc(OC)cc2)C(C)=C(C(=O)OCC)C1c1ccccc1,Blocker,Blocker,,INNKVSIPMKSCPE-UHFFFAOYSA-N,INNKVSIPMKSCPE,eval_set_cav_60.csv,,
CN(C)C(=O)OC1=C(SC2=CC=CC=C2N3C1=CC=C3)C4=CC=C(C=C4)OC,Blocker,Non-blocker,0,RGAJIKNGJBAVQP-UHFFFAOYSA-N,RGAJIKNGJBAVQP,PubChem,1785,8709127
C=CCc1ccc(O)c(OC)c1,Blocker,Non-blocker,,RRAFCDWBNXTKKO-UHFFFAOYSA-N,RRAFCDWBNXTKKO,eval_set_cav_60.csv,,
C#CCn1cc(CN(C)C)c2ccccc21,Non-blocker,Non-blocker,,LNJFKJCYDCJTSX-UHFFFAOYSA-N,LNJFKJCYDCJTSX,eval_set_cav_70.csv,,
CC1CCC(n2c(=O)cc(O)n(CCc3cccc(Cl)c3)c2=O)CC1,Non-blocker,Non-blocker,0,WDXZOIHDJIWGSX-UHFFFAOYSA-N,WDXZOIHDJIWGSX,CUPID,CUPID,
Cc1cc(C)cc(-c2cc3cc(C(C)(C)CO)ccc3n2CC(C)O)c1,Non-blocker,Blocker,,SENSSHKTWUNSLH-UHFFFAOYSA-N,SENSSHKTWUNSLH,eval_set_cav_70.csv,,
C1=C(C=C2C(=C1C(F)(F)F)N=C(N2)CNC(=O)CN)C(F)(F)F,Non-blocker,Non-blocker,0,TWXCYETVTGQUSO-UHFFFAOYSA-N,TWXCYETVTGQUSO,PubChem,88924623,
CCCCn1cc(CN2CCCCC2)c2cc(Br)cnc21,Non-blocker,Non-blocker,,WJWBWUFTYRLDSL-UHFFFAOYSA-N,WJWBWUFTYRLDSL,eval_set_cav_70.csv,,
C1CN(C[C@@H](C1(F)F)OC2=NC3=CC=CC=C3C=C2)C(=O)C4=C5C=CNC5=NC=C4,Blocker,Blocker,1,LWHCPVBTBFAYDP-SFHVURJKSA-N,LWHCPVBTBFAYDP,PubChem,90286316,27818110
CC(c1cccc2ccccc12)n1c(=O)cc(O)n(CCc2cccc(Cl)c2)c1=O,Non-blocker,Non-blocker,0,JBYPIXVQOWQTKL-UHFFFAOYSA-N,JBYPIXVQOWQTKL,CUPID,CUPID,
C[C@@H]1CN([C@@H](CN1)CCCO[Si](C)(C)C(C)(C)C)C(C2=CC=CC=C2)C3=CC=CC=C3,Blocker,Blocker,1,SFZXKAGZEZOKPY-RCZVLFRGSA-N,SFZXKAGZEZOKPY,PubChem,71625085,23639535
Cc1ccc(C(C)C)c(O)c1,Blocker,Non-blocker,,MGSRCZKZVOBKFT-UHFFFAOYSA-N,MGSRCZKZVOBKFT,eval_set_cav_60.csv,,
C1CN(CC(C1(F)F)OC2=CC=CC=N2)C(=O)C3=CC=CC=C3N4N=CC=N4,Blocker,Blocker,1,MCRVAAHURKFSNP-UHFFFAOYSA-N,MCRVAAHURKFSNP,PubChem,134150272,27818110
Brc1ccc2[nH]cc(CN3CCCCC3)c2c1,Blocker,Non-blocker,,MGUTUCDTXIZGTH-UHFFFAOYSA-N,MGUTUCDTXIZGTH,eval_set_cav_70.csv,,
O=C(CN(c1ccccc1)c1ccccc1)N1CCN(C(c2ccccc2)c2ccccc2Cl)CC1,Non-blocker,Non-blocker,0,APFIMMRBLUEEJX-UHFFFAOYSA-N,APFIMMRBLUEEJX,data_cav_dev,CHEMBL598792,
CCN(CC)CCCC(C)NC1=C2C=C(C=CC2=NC3=C1C=CC(=C3)Cl)OC,Non-blocker,Blocker,1,GPKJTRJOBQGKQK-UHFFFAOYSA-N,GPKJTRJOBQGKQK,PubChem,237,22761000
CC1=C(C(C(=C(N1)C)C(=O)OC)C2=CC=CC(=C2)C#N)C(=O)OC,Blocker,Blocker,1,HZUHJHPPIRVTJR-UHFFFAOYSA-N,HZUHJHPPIRVTJR,PubChem,5256492,2834556
CC1=C(C(C(=C(N1)C)C(=O)OCC(C)C)C2=CC=CC=C2)C(=O)OC,Blocker,Blocker,1,RUBNIJAXJVIAKZ-UHFFFAOYSA-N,RUBNIJAXJVIAKZ,PubChem,44334371,3339603
CCOC(=O)C1=C(C)NC(C)=C(C(=O)OCC)C1c1ccc(OC)cc1OC,Blocker,Blocker,,ZUSRJOLABHKRGS-UHFFFAOYSA-N,ZUSRJOLABHKRGS,eval_set_cav_70.csv,,
CO/C(O)=C1\C(C)=Nc2ccccc2SC1c1cccc([N+](=O)[O-])c1,Blocker,Blocker,,VZLQGKDGWRSDGQ-FBMGVBCBSA-N,VZLQGKDGWRSDGQ,eval_set_cav_60.csv,,
CCOC(=O)C1=C(NC(=S)N(C1C2=CC(=CC=C2)[N+](=O)[O-])C(=O)OC)C,Blocker,Blocker,1,IDEXPWJBAYLFSD-UHFFFAOYSA-N,IDEXPWJBAYLFSD,PubChem,14788043,2391701
CC1=CC=C(O1)C2C(=C(NC(=C2C(=O)OC)C)C)C(=O)OC,Blocker,Non-blocker,0,QFBBWNBTECTMDL-UHFFFAOYSA-N,QFBBWNBTECTMDL,PubChem,698276,19880323
CC(C)CC(CN)CC(=O)O,Non-blocker,Blocker,,AYXYPKUFHZROOJ-UHFFFAOYSA-N,AYXYPKUFHZROOJ,eval_set_cav_60.csv,,
C1CN(CCN1CCCC(C2=CC=C(C=C2)F)C3=CC=C(C=C3)F)C(=O)CCCC4=CC=CC=C4,Blocker,Blocker,1,VGBOISIRCIDEGP-UHFFFAOYSA-N,VGBOISIRCIDEGP,PubChem,11730467,11585444
CC1CC[C@@]2([C@@]3(C[C@]4([C@](C(=O)[C@]2(C1O)O4)([C@](C(C3=O)OC(=O)C5=CC=CN5)(C(C)C)O)C)O)C)O,Blocker,Blocker,1,ZAWQSHZZSAUOKQ-PMSKBOPRSA-N,ZAWQSHZZSAUOKQ,PubChem,49823669,8387597
Cl.Cl.O=c1c2cc(Cl)ccc2oc2ccc(CN3CCN(CCOCCO)CC3)cc12,Non-blocker,Blocker,,RSWCRQQSEYRTAG-UHFFFAOYSA-N,RSWCRQQSEYRTAG,eval_set_cav_60.csv,,
O=C1CCc2cc(OCCCCc3nnnn3C3CCCCC3)ccc2N1,Non-blocker,Non-blocker,,RRGUKTPIGVIEKM-UHFFFAOYSA-N,RRGUKTPIGVIEKM,eval_set_cav_60.csv,,
CCOC(=O)[C@H]\1[C@@H](C(=C(N/C1=C\C(=O)C2=CC=NC=C2)C)C(=O)OCC)C3=CC=CC=C3C(F)(F)F,Blocker,Blocker,1,GDKVFMHRFGTBGY-AARRXVBRSA-N,GDKVFMHRFGTBGY,PubChem,44290140,2840504
O=c1cc(O)n(C2CCCC2)c(=O)n1CCCc1ccccc1,Non-blocker,Non-blocker,0,FPRTYLILBQKHOK-UHFFFAOYSA-N,FPRTYLILBQKHOK,CUPID,CUPID,
COC(=O)C1=C(C)N(c2ccc(N(C)C)cc2)C(C)=C(C(=O)OC)C1c1ccc(Cl)cc1,Blocker,Blocker,,IQSPLOPHNWOJRK-UHFFFAOYSA-N,IQSPLOPHNWOJRK,eval_set_cav_60.csv,,
CCOC(=O)C1=C(C)N=C(C)/C(=C(/O)OCC)C1c1c(C)noc1CCc1ccccc1,Blocker,Blocker,1,CRLMTSNPZQVYBD-DARPEHSRSA-N,CRLMTSNPZQVYBD,data_cav_dev,CHEMBL323782,
O=C(Nc1ccc(CC2CCC(C(O)c3cccnc3)N2)cc1)C1CCc2scnc21,Non-blocker,Non-blocker,0,OYURTPRHVJSKRC-UHFFFAOYSA-N,OYURTPRHVJSKRC,CUPID,CUPID,
COc1ccccc1C1NC(=S)Nc2nc3c(c(N)c21)CCCC3,Blocker,Blocker,,QBDIJKJLYFGFCQ-UHFFFAOYSA-N,QBDIJKJLYFGFCQ,eval_set_cav_70.csv,,
CS(=O)(=O)c1ccccc1C(=O)N1CCC(N(C2CC2)S(=O)(=O)c2cccc(C(F)(F)F)c2)CC1,Blocker,Blocker,1,LICNHLYXAUMODF-UHFFFAOYSA-N,LICNHLYXAUMODF,data_cav_dev,CHEMBL2180902,
COc1ccc(C(=O)OC2C(C(=O)OCc3ccccc3)=C(C)NC(C)=C2C(=O)OCc2ccccc2)cc1OC,Blocker,Blocker,,GCBJSFIGGZEBLR-UHFFFAOYSA-N,GCBJSFIGGZEBLR,eval_set_cav_60.csv,,
FC(F)(F)C(Cl)Br,Blocker,Non-blocker,0,BCQZXOMGPXTTIC-UHFFFAOYSA-N,BCQZXOMGPXTTIC,CUPID,CUPID,
CC(C)(C)NC(=O)CN1CC(C1)CC2=NC3=C(C=C(C=C3N2)C(F)(F)F)C(F)(F)F,Blocker,Blocker,1,KUPRRUQAZUUGQL-UHFFFAOYSA-N,KUPRRUQAZUUGQL,PubChem,90256520,
c1ccc2c(CN3CCCCC3)c[nH]c2c1,Blocker,Non-blocker,,HPKXPFRRVVWAPD-UHFFFAOYSA-N,HPKXPFRRVVWAPD,eval_set_cav_70.csv,,
CC1(C(=O)N(CCN1)CC2=NC3=C(N2)C=C(C(=C3)C(F)(F)F)C(F)(F)F)C,Non-blocker,Non-blocker,0,AJGPNRUJRONQCG-UHFFFAOYSA-N,AJGPNRUJRONQCG,PubChem,90256635,
C1=CC=C(C=C1)C(C2=CC=CC=C2)[C@@H](COCC3=CC(=CC(=C3)C(F)(F)F)C(F)(F)F)NCC(=O)N,Blocker,Blocker,1,MWKJCJFYJWIFLL-JOCHJYFZSA-N,MWKJCJFYJWIFLL,PubChem,44299271,
CCOC(=O)CCCn1cc(CN(C)C)c2cc(Br)ccc21,Non-blocker,Non-blocker,,MDDYMAUKNDPRRE-UHFFFAOYSA-N,MDDYMAUKNDPRRE,eval_set_cav_70.csv,,
CN1CCC(=C2c3ccccc3C=Cc3ccccc32)CC1,Blocker,Non-blocker,0,JJCFRYNCJDLXIK-UHFFFAOYSA-N,JJCFRYNCJDLXIK,CUPID,CUPID,
C[C@H]1CC[C@@]2([C@H]([C@]1(C)CCC3=CCOC3=O)CCC=C2C(=O)O)C,Blocker,Blocker,1,WUUOACSBQPHDQM-NCJOTSGUSA-N,WUUOACSBQPHDQM,PubChem,101321350,30049584
CC1=CC2=C(C=C1)N(C=C2CN3CCCCC3)CC4=CC=CC=C4,Non-blocker,Blocker,1,BNGDBFOWOKKBKB-UHFFFAOYSA-N,BNGDBFOWOKKBKB,PubChem,132510884,29656989
CC(C)[C@H](C1=CC=C(C=C1)F)NC(=O)CC2CCN(CC2)CCC3=C(C(=CC=C3)F)OCCOC,Blocker,Blocker,1,VVKYNFFWKQUGFK-HHHXNRCGSA-N,VVKYNFFWKQUGFK,PubChem,56931168,
CCCN(CCC)CCCOC1=CC=C(C=C1)S(=O)(=O)C2=C3C=CC=CN3C=C2C(C)C,Blocker,Blocker,1,GPFUTUJQFMQKIL-UHFFFAOYSA-N,GPFUTUJQFMQKIL,PubChem,13938113,1552511
Cl.O=C(c1cc(S(=O)(=O)Nc2ccccc2F)c(F)cc1Cl)N1CCN2CCC[C@@H]2C1,Non-blocker,Blocker,,KZRCYRFDOFTBHY-BTQNPOSSSA-N,KZRCYRFDOFTBHY,eval_set_cav_60.csv,,
C1C(N(N=C1C2=CC=NC=C2)C(=O)NC3=CC=C(C=C3)F)C4=CC=C(C=C4)F,Blocker,Blocker,1,RDQXNTXNNZITKD-UHFFFAOYSA-N,RDQXNTXNNZITKD,PubChem,134136380,27579577
CC1CC[C@@]2([C@@]3(CC(=O)O[C@@]2(C1OC(=O)CCN)[C@@]4([C@]3(C(C(=C4C)C(C)C)OC(=O)C5=CC=CN5)O)O)C)O,Blocker,Blocker,1,NJCSEUYLWFFKSS-GKWXKVAVSA-N,NJCSEUYLWFFKSS,PubChem,49823664,8388466
CO/N=C(\C(=O)N[C@@H]1C(=O)N2C(C(=O)O)=C(CSc3nc(=O)c(O)nn3C)CS[C@H]12)c1csc(N)n1,Non-blocker,Non-blocker,,VAAUVRVFOQPIGI-SPQHTLEESA-N,VAAUVRVFOQPIGI,eval_set_cav_60.csv,,
C#CCn1cc(CN(C)C)c2cc(Br)cnc21,Non-blocker,Non-blocker,,CAMFVAOSQPCIGG-UHFFFAOYSA-N,CAMFVAOSQPCIGG,eval_set_cav_70.csv,,
COC(=O)C1=C(C)NC(C)=C(C(=O)OC)C1c1ccccc1F,Blocker,Blocker,,KALSHWKRMSJLAB-UHFFFAOYSA-N,KALSHWKRMSJLAB,eval_set_cav_70.csv,,
O=c1cc(O)n(C2CCCC2)c(=O)n1C1Cc2ccccc2C1,Non-blocker,Non-blocker,0,XZGGWLKYOWKOOO-UHFFFAOYSA-N,XZGGWLKYOWKOOO,CUPID,CUPID,
CCCCSc1ccccc1C1N=C(SC)N=C2COC(O)=C21,Non-blocker,Non-blocker,0,AQPSJZHJFAQTGQ-UHFFFAOYSA-N,AQPSJZHJFAQTGQ,data_cav_dev,CHEMBL23642,
CCOC(=O)C1=C(C)NC(C)=C(C(=O)OCC)C1c1ccc([N+](=O)[O-])cc1,Blocker,Blocker,1,HGYFEULCVACRRI-UHFFFAOYSA-N,HGYFEULCVACRRI,data_cav_dev,CHEMBL1099206,
CSC1=NC(c2cccc([N+](=O)[O-])c2SC)C2=C(O)OCC2=N1,Non-blocker,Non-blocker,,JKEUCMDAFXJKEQ-UHFFFAOYSA-N,JKEUCMDAFXJKEQ,eval_set_cav_70.csv,,
CSc1c(C#N)c(=O)c2ccc(F)cc2n1-c1c(Cl)cccc1Cl,Non-blocker,Non-blocker,0,AWQZXHDLUBADMM-UHFFFAOYSA-N,AWQZXHDLUBADMM,CUPID,CUPID,
CC1=C(C(C(=C(N1)C)C(=O)OCCN2C(=O)C3=CC=CC=C3S2(=O)=O)C4=CC=CC=C4Cl)C(=O)OC,Blocker,Blocker,1,GXBTXARRJIXOAZ-UHFFFAOYSA-N,GXBTXARRJIXOAZ,PubChem,15041276,1377748
COc1ccccc1-n1nc(OC2CN(S(C)(=O)=O)C2)cc1-c1ccc(Cl)cc1,Blocker,Blocker,1,PSVKDIGKMXLUQF-UHFFFAOYSA-N,PSVKDIGKMXLUQF,data_cav_dev,,73297179
CCOC(=O)C1=C(C)N=C(C)/C(=C(/O)OCC)C1c1c(C)noc1CC,Blocker,Blocker,1,DTPINYZLNUJBJO-OBGWFSINSA-N,DTPINYZLNUJBJO,data_cav_dev,CHEMBL72620,
Cn1cc(C2CCN(C(=O)NC3CC3c3ccccc3)CC2)nn1,Non-blocker,Non-blocker,0,RQDRWTLKQRNDSG-UHFFFAOYSA-N,RQDRWTLKQRNDSG,CUPID,CUPID,
C1CN(CC(C1(F)F)OC2=NC3=CC=CC=C3S2)C(=O)C4=CC=CC=C4N5N=CC=N5,Blocker,Blocker,1,QCYLNVINPBFEFB-UHFFFAOYSA-N,QCYLNVINPBFEFB,PubChem,90286288,27818110
CCOC(=O)C1=C(NC(=C(C1C2=CC=CC=C2C(F)(F)F)C(=O)OCC)CSC3=CC=NC=C3)C,Blocker,Blocker,1,OMVGYVKRPXTXMZ-UHFFFAOYSA-N,OMVGYVKRPXTXMZ,PubChem,15050316,2066997
COC(=O)C1=C(C)NC(C)=C(C(=O)OC)C1c1ccc(OC)c([N+](=O)[O-])c1,Blocker,Blocker,,YBQSZAUZMJPTJM-UHFFFAOYSA-N,YBQSZAUZMJPTJM,eval_set_cav_70.csv,,
CS(=O)(=O)C1=C2[C@@H]([C@@H]([C@@H](C2=C(C=C1)OC3=CC(=CC(=C3)C#N)F)F)F)O,Non-blocker,Non-blocker,0,LOMMPXLFBTZENJ-ZACQAIPSSA-N,LOMMPXLFBTZENJ,PubChem,117947097,31282155
CCOC(=O)C1=C(C)NC(SC)=C(C#N)C1c1ccccc1,Blocker,Blocker,,MWAFUYZPEXGPIM-UHFFFAOYSA-N,MWAFUYZPEXGPIM,eval_set_cav_70.csv,,
CCc1ccccc1-n1nc(OC2CCC3(CC2)OCCO3)cc1-c1ccc(Cl)cc1,Blocker,Blocker,,BQQHWRLQVWTKDU-UHFFFAOYSA-N,BQQHWRLQVWTKDU,eval_set_cav_70.csv,,
CCN1CCN(C(=O)N[C@@H](C(=O)N[C@@H]2C(=O)N3[C@@H](C(=O)O)C(C)(C)S[C@H]23)c2ccccc2)C(=O)C1=O,Non-blocker,Non-blocker,,IVBHGBMCVLDMKU-GXNBUGAJSA-N,IVBHGBMCVLDMKU,eval_set_cav_70.csv,,
Nc1cccc2c1C1c3ccccc3C2C2C(=O)NC(=O)C12,Non-blocker,Non-blocker,,WROSVRBJVGVXHR-UHFFFAOYSA-N,WROSVRBJVGVXHR,eval_set_cav_70.csv,,
CC(=O)OC1=C(SC2=CC=CC=C2N3C1CCC3=O)C4=CC=CC=C4,Non-blocker,Blocker,1,DFNIZSUPEXULRD-UHFFFAOYSA-N,DFNIZSUPEXULRD,PubChem,10498127,
CCC1=C(C(C(=C(N1)C)C(=O)O)C2=CC(=CC=C2)Cl)C(=O)OC/C=C/C3=CC=CC=C3,Blocker,Blocker,1,PFYXLKJEPSKGSK-DHZHZOJOSA-N,PFYXLKJEPSKGSK,PubChem,22949283,18684623
CCOC(=O)C1=C(NC(=C(C1C2=C(C(=CC=C2)Cl)Cl)C(=O)OC)C)C,Blocker,Blocker,1,RZTAMFZIAATZDJ-UHFFFAOYSA-N,RZTAMFZIAATZDJ,PubChem,3333,8917646
CCCCn1cc(CN(C)C)c2cc(Br)cnc21,Non-blocker,Non-blocker,,OKZPEMQFOIRSPK-UHFFFAOYSA-N,OKZPEMQFOIRSPK,eval_set_cav_70.csv,,
