smiles,label,InChIKey,InChIKey_14,Source,Compound_ID,PMID,Source file,Nav1.5,Nav1.5_confidence
NC1=N[C@@]23[C@H]([C@H]4N=C(N)N2C[C@](OS(=O)(=O)O)(C[C@H]2[C@@H](CO)CON2C4=O)C3(O)O)N1COC(=O)NO,1,BJJIKPMJNDTIHW-FGWFJEOOSA-N,BJJIKPMJNDTIHW,PubChem,,21589240,eval_set_nav_60,0,57.2%
C1C[C@H](CN(C1)CC2=C(C=C(C=C2)F)F)OC3=CC(=C(C=C3C4CC4)C(=O)NS(=O)(=O)C5CC5)F,1,YUKHSCCDWXOWBQ-GOSISDBHSA-N,YUKHSCCDWXOWBQ,PubChem,118120261,6331,nav_test.csv,1,72.2%
Cc1cnc(Cn2nc3ccc(-c4ccc(OC(F)(F)F)cc4)cn3c2=O)o1,1,XODNHLRRHIVGBX-UHFFFAOYSA-N,XODNHLRRHIVGBX,ChEMBL,CHEMBL3810355,,eval_set_nav_70,1,93.8%
O=C(c1ccc(C(F)(F)F)cc1)N1CCC2(CCc3ccccc3O2)CC1,1,QYZZTCYPDDNZDI-UHFFFAOYSA-N,QYZZTCYPDDNZDI,ChEMBL,CHEMBL524992,,eval_set_nav_70,1,87.2%
C1COC2=C([C@H]1C3=C(C=C(C=C3)C(F)(F)F)CCCCF)C=CC(=C2)S(=O)(=O)NC4=NC=CC=N4,1,RVFFHAQSQFHDKW-HXUWFJFHSA-N,RVFFHAQSQFHDKW,PubChem,135193624,6331,nav_test.csv,1,93.2%
CC1=C(C=C(C=C1)C2=CC(=C(C=C2C#N)C3=NC=CC4=C3C=CC(=C4)S(=O)(=O)NC5=NC=NC=C5)OC)F,0,JLVHDZKAQRYLOB-UHFFFAOYSA-N,JLVHDZKAQRYLOB,PubChem,121333987,6331,nav_test.csv,0,87.8%
CC1=CC(=C(C=C1N(C)[C@H]2CCN(C2)CC3=NN(C=C3)C(F)F)F)S(=O)(=O)NC4=CSC=N4,0,SVIQCPQXOGYORQ-HNNXBMFYSA-N,SVIQCPQXOGYORQ,PubChem,132141336,6331,nav_test.csv,1,50.6%
C1CC1C2=CC(=C(C=C2CN3CCC(CC3)OC4=C(C=C(C=C4)F)Cl)F)C(=O)NS(C5CC5)(O)O,1,WMRODYVLAXKAFG-UHFFFAOYSA-N,WMRODYVLAXKAFG,PubChem,132274448,6331,nav_test.csv,1,66.7%
Cn1cc(C2CCCCC2)c2cc(F)c(C(=O)NS(=O)(=O)C3CC3)cc21,1,ACCWQRXHODRNFI-UHFFFAOYSA-N,ACCWQRXHODRNFI,PubChem,,155538732,eval_set_nav_70,1,58.3%
Nc1nc2c(s1)C[C@@H](NC(=O)c1ccco1)CC2,0,BQXCSESDVDALSV-ZETCQYMHSA-N,BQXCSESDVDALSV,ChEMBL,CHEMBL3085870,,eval_set_nav_70,0,72.8%
CS(=O)(=O)NC(=O)C1=C(C=C(C(=C1)C2CC2)CN3CCC(CC3)OC4=CC(=C(C=C4)Cl)Cl)F,1,VTXQPYBQEIOMKD-UHFFFAOYSA-N,VTXQPYBQEIOMKD,PubChem,118110725,6331,nav_test.csv,1,57.9%
Cc1ccc(C(=O)N=C(N)N2CCc3ccccc32)cc1,0,YPVISEZUMCHVIE-UHFFFAOYSA-N,YPVISEZUMCHVIE,PubChem,,11780892,eval_set_nav_60,1,66.8%
N#CCOc1ccccc1-c1ncc(F)c2cc(S(=O)(=O)Nc3nccs3)ccc12,0,DWRHYMPADNTUIM-UHFFFAOYSA-N,DWRHYMPADNTUIM,PubChem,,86687672,eval_set_nav_70,0,91.5%
Nc1nc2c(s1)C[C@@H](NC(=O)c1ccc[nH]1)CC2,0,ZKLOSMHXLGELFE-ZETCQYMHSA-N,ZKLOSMHXLGELFE,PubChem,,76327945,eval_set_nav_70,0,80.0%
Fc1ccc(CCCCNCCCN2CCCCC2)cc1,1,QJFRFNMLVHWXGJ-UHFFFAOYSA-N,QJFRFNMLVHWXGJ,PubChem,,71521280,eval_set_nav_70,1,65.0%
C1COC2=C([C@H]1C3=C(C=C(C=C3)C(F)(F)F)CCF)C=CC(=C2)S(=O)(=O)NC4=NC(=CC=C4)F,0,PWSUEHIUYCLUEM-GOSISDBHSA-N,PWSUEHIUYCLUEM,PubChem,126668628,6331,nav_test.csv,1,94.0%
O=C1c2cc(-c3cnc(N4CCCCC4)nc3)ccc2OCCN1Cc1ncccn1,1,FHINJRQEQOCAFV-UHFFFAOYSA-N,FHINJRQEQOCAFV,ChEMBL,CHEMBL3917478,,eval_set_nav_70,1,81.2%
CS(=O)(=O)Nc1nnc2ccc(-c3ccc(OC(F)(F)F)cc3)cn12,1,VKHYTRQRNNNOEX-UHFFFAOYSA-N,VKHYTRQRNNNOEX,ChEMBL,CHEMBL3808591,,eval_set_nav_70,1,51.2%
CC1(CCN(CC1)CC2=C(C=C(C=C2)F)C(F)(F)F)COC3=CC(=C(C=C3C4CC4)C(=O)NS(=O)(=O)C)F,1,OHBBONZPZRTSGV-UHFFFAOYSA-N,OHBBONZPZRTSGV,PubChem,118111137,6331,nav_test.csv,1,65.8%
Cc1nn([C@@H]2CCN([C@H](C)c3cc(Cl)cc(Cl)c3)C2)c2cc(F)c(C(=O)NS(=O)(=O)C3CC3)cc12,1,KQQXPTRMUYKUIC-RDTXWAMCSA-N,KQQXPTRMUYKUIC,PubChem,,129177689,eval_set_nav_60,1,53.5%
O=C(c1ccccc1)c1ccccc1OCC(O)CN1CCN(c2cccc3[nH]c(=O)oc23)CC1,0,VMATVFNOMSFWNE-UHFFFAOYSA-N,VMATVFNOMSFWNE,ChEMBL,CHEMBL3634325,,eval_set_nav_70,1,54.5%
COc1cc(NC(=N)NC(=O)c2ccc(C)cc2)cc(OC)c1OC,0,OERUPTYNADMLHW-UHFFFAOYSA-N,OERUPTYNADMLHW,ChEMBL,CHEMBL105782,,eval_set_nav_60,0,53.2%
CNCCN(C)C1=C(C=CC(=C1)F)NC2=CC(=C(C=C2Cl)S(=O)(=O)NC3=NC=CS3)F,0,JYSKKAYROUXYED-UHFFFAOYSA-N,JYSKKAYROUXYED,PubChem,129136370,6331,nav_test.csv,1,54.6%
CC1=CC=CC=C1CN2CC[C@@H](C2)N(C)C3=CC(=C(C=C3C)S(=O)(=O)NC4=CSC=N4)F,0,FSJFIKLZMJAZHH-IBGZPJMESA-N,FSJFIKLZMJAZHH,PubChem,132141789,6331,nav_test.csv,1,55.6%
CC1=CC(=C(C=C1N(C)[C@H]2CCN(C2)CC3=CC=CC=C3O)F)S(=O)(=O)NC4=CSC=N4,0,WNLZKQSUQRXEPA-KRWDZBQOSA-N,WNLZKQSUQRXEPA,PubChem,132141886,6331,nav_test.csv,1,54.8%
CCS(=O)(=O)NC(=O)C1=CC(=C(C=C1)C2=CC(=C(N=C2)OC3=C(C=C(C=C3C)Cl)Cl)Cl)OC,1,MLRCOMSZIJSMGF-UHFFFAOYSA-N,MLRCOMSZIJSMGF,PubChem,122422550,6331,nav_test.csv,1,56.1%
CC(C)c1nc(-c2ccc3c(c2)C(=O)N(Cc2ncccn2)CCO3)cs1,1,AYIOJRDXAXKNRQ-UHFFFAOYSA-N,AYIOJRDXAXKNRQ,ChEMBL,CHEMBL3983887,,eval_set_nav_70,1,81.2%
CNCCN(C)C1=C(C=CC(=C1)F)NC2=CC(=C(C=C2Cl)S(=O)(=O)NC3=CC=CC=N3)F,0,WKMYZURBBBOQKI-UHFFFAOYSA-N,WKMYZURBBBOQKI,PubChem,129135889,6331,nav_test.csv,1,53.2%
O=c1[nH]ccn1CCOc1nn(-c2ccccc2F)c2ccc(F)cc12,1,SNNPFJPSCXRCFL-UHFFFAOYSA-N,SNNPFJPSCXRCFL,ChEMBL,CHEMBL3799617,,eval_set_nav_70,1,54.0%
CCC(Nc1ccc(S(=O)(=O)Nc2nccs2)cc1Cl)c1ccccc1,0,SDPRTZGVTOHKRX-UHFFFAOYSA-N,SDPRTZGVTOHKRX,PubChem,,134585934,eval_set_nav_60,1,61.7%
O=S(=O)(CC1CC1)c1nc(-c2cc(F)c(-c3cnc(Oc4ccc(F)cc4Cl)c(Cl)c3)cc2F)n[nH]1,1,WQDSTRSXRJYKJI-UHFFFAOYSA-N,WQDSTRSXRJYKJI,PubChem,,145960602,eval_set_nav_70,0,60.9%
CS(=O)(=O)NC(=O)C1=C(C=C(C(=C1)C2CC2)CN3CCC(CC3)OC4=CC(=C(C=C4)Cl)C(F)(F)F)F,1,NNHKHFSPYFNKEK-UHFFFAOYSA-N,NNHKHFSPYFNKEK,PubChem,118353644,6331,nav_test.csv,1,74.5%
CCC(c1cn(C)c2cc(C(=O)NS(=O)(=O)C3CC3)ccc12)C(C)(C)C,0,KTFUCXLQZYBMAW-UHFFFAOYSA-N,KTFUCXLQZYBMAW,ChEMBL,CHEMBL4563193,,eval_set_nav_70,1,53.0%
Cc1ccc(C(=O)NC(N)=Nc2ccc(OC(C)C)cc2)cc1,1,ADQMCDSJZCPRNK-UHFFFAOYSA-N,ADQMCDSJZCPRNK,PubChem,,135568535,eval_set_nav_60,1,60.8%
CC1(CN2CCOc3ccc(-c4ccc(OC(F)(F)F)cc4)cc3C2=O)COC1,1,KFTQGSDTZSEADY-UHFFFAOYSA-N,KFTQGSDTZSEADY,ChEMBL,CHEMBL3937372,,eval_set_nav_70,1,83.0%
C1CN(C1)S(=O)(=O)NC(=O)C2=C(C=C(C(=C2)C3CC3)OCC4CC5CCC(C4)N5C(C6=CC=CC=C6)C7=CC=CC=C7)F,1,MWSVLDOKXAVVNZ-UHFFFAOYSA-N,MWSVLDOKXAVVNZ,PubChem,118120273,6331,nav_test.csv,1,62.5%
CS(=O)(=O)NC(=O)C1=C(C=C(C(=C1)C2CC2)OCC3CN(C3)[C@H](C4=CC=CC=C4)C5=CC=CC=N5)F,1,UTAOYMGDFRTJNO-AREMUKBSSA-N,UTAOYMGDFRTJNO,PubChem,118120686,6331,nav_test.csv,0,55.2%
C1CC1C2=CC(=C(C=C2OCC3(CCN(CC3)CC4=C(C(=CC(=C4)C(F)(F)F)Cl)F)F)F)C(=O)NS(=O)(=O)C5CC5,1,QIQDHFDWFWPFKT-UHFFFAOYSA-N,QIQDHFDWFWPFKT,PubChem,118120449,6331,nav_test.csv,1,73.1%
CC1=CC(=C(C=C1N(C)C2CCN(CC2)[C@H](C)C3=CC=CC=C3)F)S(=O)(=O)NC4=CSC=N4,0,SUUGGLCRMKIDCF-GOSISDBHSA-N,SUUGGLCRMKIDCF,PubChem,132141689,6331,nav_test.csv,1,61.5%
CC(C)[C@H](C[C@H](O)[C@@H](N)CN1CC(=O)N(c2ccccc2Cl)CC1(C)C)C(=O)NCC(C)(C)C.O=C(O)/C=C/C(=O)O,1,FTDWVSJHXBNDIK-ZOEOTTPFSA-N,FTDWVSJHXBNDIK,ChEMBL,CHEMBL2387446,,eval_set_nav_60,0,64.9%
CS(=O)(=O)NC(=O)C1=C(C=C(C(=C1)C2CC2)OCC3CCN(CC3)CC4=CC=C(C=C4)F)F,1,IBTQLIRAVMSGQT-UHFFFAOYSA-N,IBTQLIRAVMSGQT,PubChem,118110793,6331,nav_test.csv,1,70.3%
Cn1ccnc1C(=O)N1CCOc2ccc(-c3ccc(C(F)(F)F)cc3)cc2C1,1,TXSQHPAXNKLDSO-UHFFFAOYSA-N,TXSQHPAXNKLDSO,ChEMBL,CHEMBL3902055,,eval_set_nav_70,1,89.8%
CC(C)(C)c1ccc(CSc2nc(N)cc(O)n2)cc1,1,ASEDNWCJVUADNB-UHFFFAOYSA-N,ASEDNWCJVUADNB,ChEMBL,CHEMBL1313991,,eval_set_nav_60,1,66.8%
Cc1ccc(NC(=O)C2c3ccccc3C(=O)N2CCc2ccccn2)cc1C,1,OMNRGNMKVRPIKA-UHFFFAOYSA-N,OMNRGNMKVRPIKA,PubChem,,60200914,eval_set_nav_60,1,50.7%
CC1(CCCN(C1)C(=O)NCC2=CC=C(C=C2)C3=CC(=CC=C3)Cl)C4=CC=CC=C4,1,SFAHBRRRIPXYTB-UHFFFAOYSA-N,SFAHBRRRIPXYTB,PubChem,46883509,19682899,nav_test.csv,1,96.5%
Nc1nc2c(s1)CC(CNC(=O)c1ccc[nH]1)CC2,0,IBNFUXFWCOVOHE-UHFFFAOYSA-N,IBNFUXFWCOVOHE,PubChem,,76309797,eval_set_nav_70,0,75.0%
C1COC2=C([C@H]1C3=C(C=C(C=C3)C(F)(F)F)CCC(F)F)C=CC(=C2)S(=O)(=O)NC4=NN=CC=C4,1,GNHZBRMVSAIOCC-GOSISDBHSA-N,GNHZBRMVSAIOCC,PubChem,126668529,6331,nav_test.csv,1,90.5%
CS(=O)(=O)NC1=CC=CC(=N1)[C@H](C2=CC=C(C=C2)F)C(C3=CN=CC=C3)C4=CN=CC=C4,0,QPWKXYZJANVPLF-DEOSSOPVSA-N,QPWKXYZJANVPLF,PubChem,11525190,28131713,nav_test.csv,0,63.0%
CN(Cc1ccccc1)C(=O)[C@@H](c1ccccc1)N1CCN(C(=O)c2cc(F)cc(F)c2)CC1,1,ONXKSGKZNCJRSD-RUZDIDTESA-N,ONXKSGKZNCJRSD,ChEMBL,CHEMBL4283333,,eval_set_nav_70,1,73.5%
C[C@@H]1CN(CCN1[C@H](C)C2=CC(=CC(=C2)Cl)Cl)CC3=CC(=C(C=C3C4CC4)C(=O)N)F,1,JZQURVBEWWCEHW-HUUCEWRRSA-N,JZQURVBEWWCEHW,PubChem,118120731,6331,nav_test.csv,1,57.0%
Cc1ccc(C(=O)NC(N)=NCc2cccc3ccccc23)cc1,1,VPWXWSXUPGZSLH-UHFFFAOYSA-N,VPWXWSXUPGZSLH,PubChem,,22149230,eval_set_nav_60,1,75.2%
O=C(NCc1ccccc1)[C@@H](c1ccccc1)N1CCN(Cc2ccccc2)CC1,1,NJKBBVDDLCQVAF-RUZDIDTESA-N,NJKBBVDDLCQVAF,ChEMBL,CHEMBL4288200,,eval_set_nav_70,1,98.8%
CC1(c2ccccc2)CN(c2cccc3cc(S(=O)(=O)Nc4ncns4)ccc23)CCO1,1,UIHBPMLKWAVTGJ-UHFFFAOYSA-N,UIHBPMLKWAVTGJ,PubChem,,71585933,eval_set_nav_70,1,66.0%
CNS(=O)(=O)NC(=O)c1cc(Cl)c(Oc2cnc(OCC(C)C)c(Cl)c2)cc1F,1,JUNVHJRBBDXQAH-UHFFFAOYSA-N,JUNVHJRBBDXQAH,ChEMBL,CHEMBL3617065,,eval_set_nav_60,0,52.0%
COc1cc(C(F)(F)F)ccc1-n1c(=O)ccc2cc(S(=O)(=O)Nc3nccs3)ccc21,0,RPJTYRXEXCJTKB-UHFFFAOYSA-N,RPJTYRXEXCJTKB,PubChem,,122591381,eval_set_nav_70,0,74.0%
COCCCOC1=C(C=CC(=C1)C(F)(F)F)[C@H]2CCOC3=C2C=CC(=C3)S(=O)(=O)NC4=NC(=CC=C4)F,1,QOFPFEIFBBRZJP-GOSISDBHSA-N,QOFPFEIFBBRZJP,PubChem,126649874,6331,nav_test.csv,1,93.8%
CC1(c2ccccc2)CCCN(C(=O)NCc2ccc(Cl)cc2Cl)C1,1,MBEXSEUYYAPDIQ-UHFFFAOYSA-N,MBEXSEUYYAPDIQ,ChEMBL,CHEMBL1080973,,eval_set_nav_70,1,86.0%
CC1=C(C=CC(=C1)F)S(=O)(=O)N2CCC(CC2)COC3=CC(=C(C=C3C4CC4)C(=O)NS(=O)(=O)C)F,1,LMEMEPZYQPWHMQ-UHFFFAOYSA-N,LMEMEPZYQPWHMQ,PubChem,118110700,6331,nav_test.csv,1,61.3%
CN([C@H]1CCN(C1)CC2=NC(=CC=C2)Br)C3=CC(=C(C=C3Cl)S(=O)(=O)NC4=CSC=N4)F,0,MRCDRWKJKXYPPV-AWEZNQCLSA-N,MRCDRWKJKXYPPV,PubChem,132141591,6331,nav_test.csv,1,59.8%
CC(C)(C)OC(=O)N[C@@H]1C[C@@H]2COc3ccc(-c4ccc(C(F)(F)F)cc4)cc3C(=O)N2C1,1,GYGFZWJSYNPMBL-QZTJIDSGSA-N,GYGFZWJSYNPMBL,ChEMBL,CHEMBL3951016,,eval_set_nav_70,1,72.2%
Nc1nc(-c2cccc(NC(=O)c3cc4ccccc4[nH]3)c2)c[nH]1,0,JKAUHSWORHYCAJ-UHFFFAOYSA-N,JKAUHSWORHYCAJ,CUPID,CUPID,,nav_test.csv,0,65.2%
Cl.Cl.Nc1nc2c(s1)C[C@@H](NC(=O)[C@@H]1CCCN1)CC2,0,QTKCIOLFYDHNAJ-VZIDAPDWSA-N,QTKCIOLFYDHNAJ,ChEMBL,CHEMBL3085868,,eval_set_nav_70,0,76.3%
CC1=C(C(=C(C=C1N(C)[C@H]2CCN(C2)CC3=C(C=CC(=C3)F)F)F)S(=O)(=O)NC4=CSC=N4)F,1,JPGBAAWAHJVFTN-INIZCTEOSA-N,JPGBAAWAHJVFTN,PubChem,132141718,6331,nav_test.csv,1,63.5%
CC1=CC(=C(C=C1N(C)[C@H]2CCN(C2)CC3=CC=CC=C3OC)F)S(=O)(=O)NC4=CSC=N4,0,BDTNKVDLIDNNMC-SFHVURJKSA-N,BDTNKVDLIDNNMC,PubChem,132141514,6331,nav_test.csv,1,57.2%
CC1(C(=O)N2CCOc3ccc(-c4ccc(OC(F)(F)F)cc4)cc3C2)CC1,1,RLWSGJTXZQUQLN-UHFFFAOYSA-N,RLWSGJTXZQUQLN,ChEMBL,CHEMBL3976117,,eval_set_nav_70,1,87.2%
O=C(Nc1ccc(C(F)(F)F)cc1)[C@@H](c1ccccc1)N1CCN(C(=O)c2cc(F)cc(F)c2)CC1,1,LLSHGZAEPXGDRS-HSZRJFAPSA-N,LLSHGZAEPXGDRS,ChEMBL,CHEMBL4286818,,eval_set_nav_70,1,82.8%
Cn1cc(-c2ccc(C(F)(F)F)cc2-c2ccn(C3CNC3)n2)c2ccc(S(=O)(=O)Nc3ncns3)cc21,1,RJDYTEIIPSCEMA-UHFFFAOYSA-N,RJDYTEIIPSCEMA,ChEMBL,CHEMBL3704413,,eval_set_nav_70,1,78.0%
CC1=CC=C(C=C1)C(=O)NC(=NCCC2=CC=C(C=C2)Cl)N,1,BKOQLVIAQSTBSY-UHFFFAOYSA-N,BKOQLVIAQSTBSY,PubChem,22149216,11720863,nav_test.csv,1,68.8%
O=C(NS(=O)(=O)C1CC1)c1cc(Cl)c(OCCC2CCC3(CCN(Cc4ccsc4)CC3)C2)cc1F,0,KCYQMNUPNUZCDA-UHFFFAOYSA-N,KCYQMNUPNUZCDA,CUPID,CUPID,,nav_test.csv,1,64.9%
CS(=O)(=O)NC(=O)C1=C(C=C(C(=C1)C2CC2)OCC3(CCN(CC3)CC4=C(C(=CC(=C4)C(F)(F)F)Cl)F)C#N)F,1,PXIOSRRDENCWDU-UHFFFAOYSA-N,PXIOSRRDENCWDU,PubChem,118120602,6331,nav_test.csv,1,66.1%
O=c1n(Cc2nnc(C3CC3)o2)nc2ccc(-c3ccc(Oc4ccc(F)cc4)cc3)cn12,0,ZOVVXDVDXFAXEL-UHFFFAOYSA-N,ZOVVXDVDXFAXEL,ChEMBL,CHEMBL3809097,,eval_set_nav_70,0,55.8%
O=C(O)CCC1(c2ccc(-c3ccccc3)cc2)CCCN(C(=O)Nc2ccc(OC(F)(F)F)cc2)C1,1,WFKBKGKEWUKRGP-UHFFFAOYSA-N,WFKBKGKEWUKRGP,ChEMBL,CHEMBL1079061,,eval_set_nav_70,1,72.8%
C1=C2C(=CC(=C1Cl)Cl)N=C(N2)CNC(=O)CN,0,PUOWNSGONWNIDT-UHFFFAOYSA-N,PUOWNSGONWNIDT,PubChem,90256571,6331,nav_test.csv,0,61.4%
COc1cc(C(F)(F)F)ccc1COCC(O)CN1CCC(C(=O)Nc2ccccc2)CC1,0,IDTATHNFNARTJV-UHFFFAOYSA-N,IDTATHNFNARTJV,PubChem,,122194677,eval_set_nav_70,1,69.5%
CC1=NC(=C(C=C1)F)CN2CC[C@@H](C2)N(C)C3=C(C(=C(C=C3)S(=O)(=O)NC4=CSC=N4)F)C,0,OMRSEARSOZVCNM-INIZCTEOSA-N,OMRSEARSOZVCNM,PubChem,132141525,6331,nav_test.csv,1,50.2%
Cn1ccc2ccc(C(=O)NS(=O)(=O)C3CC3)cc21,0,HHVUJTNLSZQNBK-UHFFFAOYSA-N,HHVUJTNLSZQNBK,PubChem,,155553847,eval_set_nav_70,0,61.7%
O=C1COc2cc(S(=O)(=O)Nc3nncs3)ccc2N1c1cccc(Cl)c1,1,JINAKERWLWJBCQ-UHFFFAOYSA-N,JINAKERWLWJBCQ,PubChem,,71711364,eval_set_nav_60,1,72.5%
CCCCN=C(N)NC(=O)c1ccc(C)cc1,1,ALSYKIYWLYFZIK-UHFFFAOYSA-N,ALSYKIYWLYFZIK,PubChem,,10955473,eval_set_nav_70,1,54.4%
C1CC1C2=CC(=C(C=C2CN3CCC(CC3)OC4=CC=C(C=C4)F)F)C(=O)NS(=O)(=O)C5CC5,1,PIAMDGSWBSJLFZ-UHFFFAOYSA-N,PIAMDGSWBSJLFZ,PubChem,118353776,6331,nav_test.csv,1,70.0%
CC1(CN(C1)C2=C(C=NC=C2)C(F)(F)F)COC3=CC(=C(C=C3C4CC4)C(=O)NS(=O)(=O)C5CC5)F,1,WDENVSHHVGKVLV-UHFFFAOYSA-N,WDENVSHHVGKVLV,PubChem,118120562,6331,nav_test.csv,1,68.2%
C1CNC[C@H](C1C2=CC(=C(C=C2)Cl)Cl)COC3=CC(=C(C=C3F)S(=O)(=O)NC4=NC=NS4)F,0,JVNFXYUGRQQZML-UEWDXFNNSA-N,JVNFXYUGRQQZML,PubChem,117625346,6331,nav_test.csv,1,89.8%
CCN(CC)C(=O)CN1CCOc2cc(S(=O)(=O)Nc3nccs3)ccc21,1,IGDYUHBVYHZKKR-UHFFFAOYSA-N,IGDYUHBVYHZKKR,PubChem,,89761686,eval_set_nav_70,1,66.4%
Cc1onc(-c2c(Cl)cccc2Cl)c1NC(=O)OCc1cccc(N(C)C)c1,0,JNWBTZFJGMCWBE-UHFFFAOYSA-N,JNWBTZFJGMCWBE,PubChem,,25204471,eval_set_nav_70,1,56.5%
CC1(CN(C1)CC2=CC=CC=C2)NC3=C(C=C(C=C3)S(=O)(=O)NC4=NC=CS4)Cl,0,UZOSWFKJNJAJQE-UHFFFAOYSA-N,UZOSWFKJNJAJQE,PubChem,132141444,6331,nav_test.csv,1,62.7%
CC(C)(C)N1CCC[C@H](C1)OC2=CC(=C(C=C2C3CC3)C(=O)N)F,1,QUPHWLXFBKJNLP-CYBMUJFWSA-N,QUPHWLXFBKJNLP,PubChem,118120697,6331,nav_test.csv,0,54.9%
CN([C@H]1CCN(C1)CC2=CC(=NC=C2)C(F)(F)F)C3=CC(=C(C=C3Cl)S(=O)(=O)NC4=CSC=N4)F,0,OTONOMQCZOPDOY-AWEZNQCLSA-N,OTONOMQCZOPDOY,PubChem,132141480,6331,nav_test.csv,1,73.8%
N=C(NCCCCc1ccccc1)NC(=O)c1ccco1,1,OQXAFBFLDYTRFF-UHFFFAOYSA-N,OQXAFBFLDYTRFF,ChEMBL,CHEMBL109127,,eval_set_nav_70,1,76.8%
Cc1onc(-c2c(Cl)cccc2Cl)c1N(C)C(=O)OCc1ccc(OC(C)C)nc1,0,IATGTRYXSNHQJG-UHFFFAOYSA-N,IATGTRYXSNHQJG,ChEMBL,CHEMBL1797393,,eval_set_nav_70,1,57.4%
Cn1cncc1C(=O)N1CCOc2ccc(-c3ccc(C(F)(F)F)cc3)cc2C1,1,HKWQSDHEZUENQF-UHFFFAOYSA-N,HKWQSDHEZUENQF,ChEMBL,CHEMBL3953488,,eval_set_nav_70,1,93.5%
Cl.Nc1nc(-c2ccc(NC(=O)[C@@H]3CCCN3)cc2)c[nH]1,0,AFQZUHZFTSLCLV-MERQFXBCSA-N,AFQZUHZFTSLCLV,ChEMBL,CHEMBL3113260,,eval_set_nav_70,0,79.2%
CC1=CC(=C(C=C1N(C)[C@H]2CCN(C2)CC3=C(C=CC=N3)OC)F)S(=O)(=O)NC4=CSC=N4,0,HWFLCKQPRJNKEP-INIZCTEOSA-N,HWFLCKQPRJNKEP,PubChem,132141598,6331,nav_test.csv,1,50.2%
C[C@@]12C[C@@H]3CN=C(N[C@@]3([C@@](O1)(CC2=O)O)C)N,0,FHGWEHGBCSMDMW-LFRFXUESSA-N,FHGWEHGBCSMDMW,PubChem,162660578,32896120,nav_test.csv,0,60.9%
CN1C(=O)CN(Cc2ccccc2)C(=O)c2cc(-c3ccc(C(F)(F)F)cc3)ccc21,1,LBHUBBRMFWBZLH-UHFFFAOYSA-N,LBHUBBRMFWBZLH,ChEMBL,CHEMBL3955021,,eval_set_nav_70,1,90.0%
O=C(c1nc[nH]n1)N1CCOc2ccc(-c3ccc(C(F)(F)F)cc3)cc2C1,1,ZLSAZKQEVNWYQT-UHFFFAOYSA-N,ZLSAZKQEVNWYQT,ChEMBL,CHEMBL3913750,,eval_set_nav_70,1,89.5%
C1CC1C2=CC(=C(C=C2OCC3CCN(CC3)C(=O)C4=CC(=CC=C4)Cl)F)C(=O)NS(=O)(=O)C5CC5,1,GFUJFOMKFGBYEO-UHFFFAOYSA-N,GFUJFOMKFGBYEO,PubChem,118111385,6331,nav_test.csv,1,72.1%
C1CN(C[C@@H]([C@H]1OC2=CC(=C(C=C2F)S(=O)(=O)NC3=NC(=CC=C3)Cl)F)C4=CC=CC=C4)CC(F)(F)F,1,RBRGBOMUILERAC-APWZRJJASA-N,RBRGBOMUILERAC,PubChem,164620968,34044121,nav_test.csv,1,72.2%
C[C@H](Nc1cc(F)c(S(=O)(=O)Nc2cscn2)cc1Cl)c1cc(F)ccc1F,0,KLWKJFRXLGLTIH-VIFPVBQESA-N,KLWKJFRXLGLTIH,ChEMBL,CHEMBL4580996,,eval_set_nav_60,1,53.2%
CS(=O)(=O)NC(=O)C1=C(C=C(C(=C1)C2CC2)OCC3CN(C3)[C@@H](C4=CC=CC=C4)C5=CC(=CC(=C5)Cl)Cl)F,1,AGUMLPYUAXPZOR-MHZLTWQESA-N,AGUMLPYUAXPZOR,PubChem,118110748,6331,nav_test.csv,1,57.5%
Nc1nnc2ccc(-c3ccc(OC(F)(F)F)cc3)cn12,1,JHORIZIJHFMQJE-UHFFFAOYSA-N,JHORIZIJHFMQJE,ChEMBL,CHEMBL3810126,,eval_set_nav_70,1,72.8%
O=C(c1ccc(-c2ccc(Cl)cc2)o1)N1CCNCC1,1,FSVUGYFGMKVKHY-UHFFFAOYSA-N,FSVUGYFGMKVKHY,ChEMBL,CHEMBL521211,,eval_set_nav_70,1,76.2%
Nc1[nH]ncc1-c1cc(Cl)ccc1Oc1cc(F)c(S(=O)(=O)Nc2cscn2)cc1Cl,1,ZYSCOUXLBXGGIM-UHFFFAOYSA-N,ZYSCOUXLBXGGIM,ChEMBL,CHEMBL2325014,,eval_set_nav_70,0,53.8%
C[C@H](c1ncccn1)N1CCOc2ccc(-c3ccc(C(F)(F)F)cc3)cc2C1=O,1,QGGWXNRVEXCEHP-CQSZACIVSA-N,QGGWXNRVEXCEHP,ChEMBL,CHEMBL3918884,,eval_set_nav_70,1,98.8%
CS(=O)(=O)NC(=O)C1=C(C=C(C(=C1)C2CC2)OC[C@H]3CCCN(C3)CC4=C(C=C(C=C4)F)Cl)F,1,GFVCFLPKZWOAQW-HNNXBMFYSA-N,GFVCFLPKZWOAQW,PubChem,118110601,6331,nav_test.csv,1,65.8%
C1C[C@H]2CC(C[C@@H]1N2CC3=CC(=C(C=C3C4CC4)C(=O)N)F)OC5=C(C=C(C=N5)C(F)(F)F)Cl,1,YENVCDVPWRTJND-SJPCQFCGSA-N,YENVCDVPWRTJND,PubChem,118120643,6331,nav_test.csv,1,61.3%
O=C(NC1CC(O)C1)c1ccc2cc(Oc3ccc(C(F)(F)F)cn3)ccc2n1,0,RSNYWHWFBAPIII-UHFFFAOYSA-N,RSNYWHWFBAPIII,CUPID,CUPID,,nav_test.csv,1,51.0%
CS(=O)(=O)NC(=O)C1=C(C=C(C(=C1)C2CC2)O[C@@H]3CCCN(C3)CC4=CC(=C(C=C4)C(F)(F)F)Cl)F,1,QJCLEBMUIYIWPM-MRXNPFEDSA-N,QJCLEBMUIYIWPM,PubChem,118120493,6331,nav_test.csv,1,66.2%
CC(C)C[C@H](N)Cc1nc(-c2ccc(Cl)cc2)c[nH]1,0,KWHWTZDVUUPSGW-ZDUSSCGKSA-N,KWHWTZDVUUPSGW,ChEMBL,CHEMBL4070372,,eval_set_nav_60,1,74.0%
CS(=O)(=O)c1ccc2c(c1)CCC1(CCN(C(=O)c3ccc(C(F)(F)F)cc3)CC1)O2,1,TXDIMDCQMFKIQP-UHFFFAOYSA-N,TXDIMDCQMFKIQP,PubChem,,44583354,eval_set_nav_70,1,75.5%
FC(F)(F)Oc1ccc(-c2ccc3nnc(C(F)(F)F)n3n2)cc1,1,PHUZESTUSFSONE-UHFFFAOYSA-N,PHUZESTUSFSONE,ChEMBL,CHEMBL3810347,,eval_set_nav_70,1,84.2%
C1CN(CCC1C(=O)NC2=CC=CC=C2)CC(COC3=CC=C(C=C3)C(F)(F)F)O,1,MQDHWFBAOKEPSN-UHFFFAOYSA-N,MQDHWFBAOKEPSN,PubChem,122194676,26358159,nav_test.csv,1,80.7%
CCCCNC1=CC=C(C=C1)C(=O)OCCN(C)C,1,GKCBAIGFKIBETG-UHFFFAOYSA-N,GKCBAIGFKIBETG,PubChem,5411,29037948,nav_test.csv,1,54.2%
COc1ccccc1OCC(Cn1nc2ccc(-c3ccc(OC(F)(F)F)cc3)cn2c1=O)OC,1,CFZZBGFEIPOQTD-UHFFFAOYSA-N,CFZZBGFEIPOQTD,ChEMBL,CHEMBL2147048,,eval_set_nav_60,1,79.0%
CC1=CC(=C(C=C1N(C)[C@H]2CCN(C2)[C@H]3CCC4=CC=CC=C34)F)S(=O)(=O)NC5=CSC=N5,0,VAEWPQNDVJTFSB-RXVVDRJESA-N,VAEWPQNDVJTFSB,PubChem,132142147,6331,nav_test.csv,1,55.7%
CN(C)c1nnc2ccc(-c3ccc(OC(F)(F)F)cc3)cn12,1,GIMWDFPGQNEHNI-UHFFFAOYSA-N,GIMWDFPGQNEHNI,PubChem,,66849946,eval_set_nav_70,1,74.8%
NCc1noc(-c2nn(Cc3ccccc3)c3ccccc23)n1,1,VUXLKOATKUTQHW-UHFFFAOYSA-N,VUXLKOATKUTQHW,ChEMBL,CHEMBL512079,,eval_set_nav_70,1,54.5%
Cc1cc(-c2ccc3nnc(C(F)(F)F)n3c2)ccc1OC(F)(F)F,1,DMZBMJWTESKAEY-UHFFFAOYSA-N,DMZBMJWTESKAEY,PubChem,,87178674,eval_set_nav_70,1,86.5%
O=C1c2cc(-c3ccc(Cl)c(F)c3)c(F)cc2OCCN1Cc1ncccc1F,1,BUMKRNZIRDZECE-UHFFFAOYSA-N,BUMKRNZIRDZECE,ChEMBL,CHEMBL3895000,,eval_set_nav_70,1,82.6%
CN=C(NCCCCc1ccccc1)NC(=O)c1ccc(C)cc1,1,PGAXJFFFHDNFEC-UHFFFAOYSA-N,PGAXJFFFHDNFEC,PubChem,,9928808,eval_set_nav_70,1,97.0%
O=C(NCc1ccccc1Br)c1c2ccccc2c(O)n1CCc1ccccn1,0,NTMXMLPHBPWTAG-UHFFFAOYSA-N,NTMXMLPHBPWTAG,CUPID,CUPID,,nav_test.csv,0,60.2%
COc1cc(-c2cccc(C(F)(F)F)c2)ccc1-n1c(=O)ccc2cc(S(=O)(=O)Nc3ncccn3)ccc21,0,HSOCYPPAQYZHMJ-UHFFFAOYSA-N,HSOCYPPAQYZHMJ,ChEMBL,CHEMBL3979498,,eval_set_nav_70,0,61.5%
CC(C)(C)OC(=O)N1CC(C1)COC2=CC(=C(C=C2C3CC3)C(=O)NS(=O)(=O)C)F,1,ISWVMFZMELKMAQ-UHFFFAOYSA-N,ISWVMFZMELKMAQ,PubChem,118120415,6331,nav_test.csv,0,57.0%
C1CN(C[C@@H]([C@H]1OC2=CC(=C(C=C2F)S(=O)(=O)NC3=NC=C(S3)F)F)C4=CC=CC=C4)CC(F)(F)F,1,GHQYWTKNXLWZCO-PBHICJAKSA-N,GHQYWTKNXLWZCO,PubChem,164609386,34044121,nav_test.csv,1,65.8%
O=C(COc1nn(-c2ccccc2F)c2ccc(F)cc12)N1CCOCC1,1,FFXBKKBNWGBOAE-UHFFFAOYSA-N,FFXBKKBNWGBOAE,PubChem,,127047643,eval_set_nav_60,1,66.5%
O=C1CCN([C@H]2CCCC[C@@H]2OCCc2cccc3ccccc23)C1,0,OCJAMRRVVABJIC-VXKWHMMOSA-N,OCJAMRRVVABJIC,ChEMBL,CHEMBL375475,,eval_set_nav_70,1,97.2%
C1CN(C[C@@H]([C@H]1OC2=CC(=C(C=C2F)S(=O)(=O)NC3=NC=CC(=C3)F)F)C4=CC=CC=C4)CC(F)(F)F,1,COJIFWFNKQDYFM-XLIONFOSSA-N,COJIFWFNKQDYFM,PubChem,164624292,34044121,nav_test.csv,1,71.4%
O=S(=O)(Nc1nccs1)c1ccc2c(c1)OCCN2Cc1c[nH]c2cccnc12,1,WXQPDHSUBSNERV-UHFFFAOYSA-N,WXQPDHSUBSNERV,PubChem,,89761577,eval_set_nav_70,1,95.0%
CN([C@H]1CCN(C1)CC2=CC=CS2)C3=CC(=C(C=C3Cl)S(=O)(=O)NC4=CSC=N4)F,0,DDDSFCBWEZZPCQ-ZDUSSCGKSA-N,DDDSFCBWEZZPCQ,PubChem,132141750,6331,nav_test.csv,1,60.0%
CCN=C1N[C@@H]2C[C@H](O)[C@@H](CO)O[C@@H]2S1,0,WYAROEYZBMXNIZ-ULAWRXDQSA-N,WYAROEYZBMXNIZ,PubChem,,136416802,eval_set_nav_60,0,87.2%
COc1cccc2c(O)n(CCc3ccccn3)c(C(=O)NCc3ccc(OC(F)(F)F)cc3)c12,0,JLAYXQRVAFRROJ-UHFFFAOYSA-N,JLAYXQRVAFRROJ,CUPID,CUPID,,nav_test.csv,0,52.8%
CS(=O)(=O)c1ccc2c(c1)CCC1(CCN(C(=O)Cc3ccc(Cl)cc3Cl)CC1)O2,1,RTSHWIRSEUIDML-UHFFFAOYSA-N,RTSHWIRSEUIDML,ChEMBL,CHEMBL497829,,eval_set_nav_60,1,74.5%
FC(F)(F)Oc1ccc(-c2ccc3nc(C(F)(F)F)nn3c2)cc1,1,HTDIUSNAZRHFAD-UHFFFAOYSA-N,HTDIUSNAZRHFAD,ChEMBL,CHEMBL3809153,,eval_set_nav_60,1,85.0%
CC1=C(C(=C(C=C1N(C)[C@H]2CCN(C2)CC3=CC=CC=C3)F)S(=O)(=O)NC4=NSC=C4)F,0,FJOZGGJMUOMTMA-KRWDZBQOSA-N,FJOZGGJMUOMTMA,PubChem,132141415,6331,nav_test.csv,1,57.0%
CN1C(=O)C2=C(C=CC(=C2)S(=O)(=O)NC3=NN=CS3)C(=N1)C4=C(C=C(C(=C4)Cl)C5=CC(=CC(=C5)F)F)OC,0,DYYQXBRRKNKUCJ-UHFFFAOYSA-N,DYYQXBRRKNKUCJ,PubChem,139208267,6331,nav_test.csv,0,53.5%
CNc1nc(-c2cccc(NC(=O)c3ccco3)c2)cn1C(=O)OC(C)(C)C,0,LVVGMLWVACRKAD-UHFFFAOYSA-N,LVVGMLWVACRKAD,CUPID,CUPID,,nav_test.csv,0,76.2%
COc1ncc(-c2cc(C)cnc2CCNC(=O)c2ccc(COCC(F)(F)F)nc2)cn1,0,ZBFFVKAVOLWHAN-UHFFFAOYSA-N,ZBFFVKAVOLWHAN,ChEMBL,CHEMBL2147313,,eval_set_nav_70,0,60.5%
Cc1ccc(C(=O)NC(=N)Nc2ccc(C(C)C)cc2)cc1,0,WDPXCMSDLIQGSR-UHFFFAOYSA-N,WDPXCMSDLIQGSR,ChEMBL,CHEMBL107394,,eval_set_nav_60,1,75.4%
CC1(c2ccccc2)CCCN(C(=O)N[C@H]2C[C@@H]2c2ccccc2)C1,1,UUJAMNFWDAPMSE-MFCMXAAESA-N,UUJAMNFWDAPMSE,ChEMBL,CHEMBL1077780,,eval_set_nav_60,1,95.8%
CN1C2=C(C=CC(=C2)C3=C(C(=CC=C3)F)OCC(C(F)(F)F)(F)F)C(=N1)N,0,KKHUHDWUJQBCCS-UHFFFAOYSA-N,KKHUHDWUJQBCCS,PubChem,122574532,6331,nav_test.csv,1,59.2%
Cc1cncc(CN2CCN(c3cccc4c3cnn4-c3ccccc3F)C2=O)n1,0,WSFXDIIZYMRFBH-UHFFFAOYSA-N,WSFXDIIZYMRFBH,ChEMBL,CHEMBL3798774,,eval_set_nav_70,0,63.2%
CC(=O)OC[C@@H]1N=C(N)N2CCC(O)(O)[C@@]23NC(N)=N[C@@H]13,1,FYMGGEYPNDYSSU-HFJPGXAFSA-N,FYMGGEYPNDYSSU,PubChem,,146683623,eval_set_nav_60,0,63.2%
C1C[C@H]2CC(C[C@@H]1N2CC3=CC=CC=C3)OC4=C(C=C(C=C4)S(=O)(=O)NC5=CSC=N5)Cl,0,LFPMMIRLNLKUDE-DFNIBXOVSA-N,LFPMMIRLNLKUDE,PubChem,132141360,6331,nav_test.csv,1,61.0%
CN1CCN(c2ncc(-c3cc(Cl)cc(Cl)c3Cl)c(N)n2)CC1,1,PDOCBJADCWMDGL-UHFFFAOYSA-N,PDOCBJADCWMDGL,ChEMBL,CHEMBL28854,,eval_set_nav_60,1,51.2%
Cc1cc(NS(C)(=O)=O)ccc1-c1ccc(Oc2ccccc2)cc1,1,RUHAKAZZMOIMAP-UHFFFAOYSA-N,RUHAKAZZMOIMAP,ChEMBL,CHEMBL3809761,,eval_set_nav_60,1,55.0%
COCCC1=C(C=CC(=C1)C(F)(F)F)[C@H]2CCOC3=C2C=CC(=C3)S(=O)(=O)NC4=NC=NC=C4,0,IQQDFYOJQNMXMF-LJQANCHMSA-N,IQQDFYOJQNMXMF,PubChem,126668819,6331,nav_test.csv,1,92.8%
Nc1nc2c(s1)C[C@@H](NCc1ccc[nH]1)CC2,0,FSDSCIFVFZAKMK-QMMMGPOBSA-N,FSDSCIFVFZAKMK,PubChem,,76320733,eval_set_nav_60,1,57.0%
C1CN(C[C@@H]1OC2=C(C=C(C=C2)S(=O)(=O)NC3=NC=NS3)Cl)CC4=CC=CC=C4,0,RZHKVIUTGVNHNH-OAHLLOKOSA-N,RZHKVIUTGVNHNH,PubChem,145866026,6331,nav_test.csv,1,68.2%
FC(F)(F)Oc1ccc(-c2ccn3nccc3c2)cc1,1,FHOXJMONASWIJU-UHFFFAOYSA-N,FHOXJMONASWIJU,PubChem,,127044563,eval_set_nav_60,1,72.0%
CC1=CC(=C(C=C1N(C)[C@H]2CCN(C2)CC3=CC=CC=C3)F)S(=O)(=O)NC4=NC(=CC=C4)F,0,IKTNKGPVFJEKTJ-IBGZPJMESA-N,IKTNKGPVFJEKTJ,PubChem,132141871,6331,nav_test.csv,1,58.8%
CN(C)S(=O)(=O)NC(=O)c1cc(Cl)c(OC2CC3CC2C2CCCC32)cc1F,1,RASHHQCIWFZESH-UHFFFAOYSA-N,RASHHQCIWFZESH,ChEMBL,CHEMBL3657921,,eval_set_nav_60,1,75.1%
c1ccc2c(CCO[C@@H]3CCCC[C@H]3N3CCOCC3)cccc2c1,1,JQQLXARPNNPHPC-FGZHOGPDSA-N,JQQLXARPNNPHPC,PubChem,,9927877,eval_set_nav_70,1,95.8%
O=C(Nc1cccc(C(F)(F)F)c1N1CCOCC1)c1cccc(-c2ccccn2)c1,1,AFULOBBVYHAEMW-UHFFFAOYSA-N,AFULOBBVYHAEMW,PubChem,,137649075,eval_set_nav_60,1,74.2%
O=C(CCc1ccccc1)N1CCC2(CCc3cc(F)ccc3O2)CC1,1,DZCNPAGZPPBTBP-UHFFFAOYSA-N,DZCNPAGZPPBTBP,ChEMBL,CHEMBL447085,,eval_set_nav_60,1,95.0%
COC1=C(C=C(C(=C1)Cl)C2=CC(=CC=C2)F)C3=NC=CC4=C3C=CC(=C4)S(=O)(=O)NC5=NOC=C5,0,SCHLNJGQPNICPE-UHFFFAOYSA-N,SCHLNJGQPNICPE,PubChem,121333896,6331,nav_test.csv,1,53.8%
FC(F)(F)Oc1ccc(-c2ccc3ncnn3c2)cc1,1,WPGPHZLRUDISOQ-UHFFFAOYSA-N,WPGPHZLRUDISOQ,ChEMBL,CHEMBL3809877,,eval_set_nav_60,1,73.0%
CC1=C(C=C(C=C1)C2=CC(=C(C=C2C#N)C3=NC=CC4=C3C=CC(=C4)S(=O)(=O)NC5=NOC=C5)OC)Cl,0,VTLPWCHHXZNAJC-UHFFFAOYSA-N,VTLPWCHHXZNAJC,PubChem,121333890,6331,nav_test.csv,0,57.2%
CC1(c2ccccc2)CCCN(C(=O)Nc2noc3ccccc23)C1,1,RECUJGQMLDHPOK-UHFFFAOYSA-N,RECUJGQMLDHPOK,PubChem,,42646450,eval_set_nav_60,1,81.5%
C[C@H](C1=CC=CC=C1)N2CC(C2)COC3=CC(=C(C=C3C4CC4)C(=O)NS(=O)(=O)C)F,1,QOURFJYNWPPLEV-OAHLLOKOSA-N,QOURFJYNWPPLEV,PubChem,118110814,6331,nav_test.csv,1,57.8%
Cn1cnc(Cn2nc3ccc(-c4ccc(OC(F)(F)F)cc4)cn3c2=O)n1,1,PKMGMZYOIJAWBK-UHFFFAOYSA-N,PKMGMZYOIJAWBK,ChEMBL,CHEMBL3809560,,eval_set_nav_70,1,89.2%
O=C1c2cc(-c3ccc(C(F)(F)F)cc3)ccc2-n2ccnc2CN1Cc1ccccc1,1,BAUSMXBDXMYSIS-UHFFFAOYSA-N,BAUSMXBDXMYSIS,ChEMBL,CHEMBL3906856,,eval_set_nav_70,1,86.8%
COc1cnc(-c2ccc(Cl)cc2CCNC(=O)c2ccc(COCC(F)(F)F)nc2)cn1,0,RUGNJDOOGDMCOZ-UHFFFAOYSA-N,RUGNJDOOGDMCOZ,ChEMBL,CHEMBL2147209,,eval_set_nav_70,1,54.8%
COc1ccccc1-c1cncc2cc(S(=O)(=O)Nc3nccs3)ccc12,0,DVSKGEGXEVPISY-UHFFFAOYSA-N,DVSKGEGXEVPISY,ChEMBL,CHEMBL3687566,,eval_set_nav_70,0,77.8%
CC(C)(C)OC(=O)N1CCn2cc(C(=O)N3CCOc4ccc(-c5ccc(C(F)(F)F)cc5)cc4C3)nc2C1,1,ULOASPGLPYXCSB-UHFFFAOYSA-N,ULOASPGLPYXCSB,ChEMBL,CHEMBL3963242,,eval_set_nav_60,1,77.5%
C1CNC[C@H](C1C2=CC(=C(C=C2)F)F)COC3=CC(=C(C=C3F)S(=O)(=O)NC4=NC=C(S4)Cl)F,0,VHKPEJOGTWZSOP-UEWDXFNNSA-N,VHKPEJOGTWZSOP,PubChem,117625304,6331,nav_test.csv,1,85.8%
Cn1cc(C2=CCN(C(=O)OC(C)(C)C)CC2)c2ccc(C(=O)NS(=O)(=O)C3CC3)cc21,0,QPKHWNRGHCPSOD-UHFFFAOYSA-N,QPKHWNRGHCPSOD,ChEMBL,CHEMBL4576709,,eval_set_nav_70,0,85.2%
CC1=CC(=C(C=C1N(C)[C@H]2CCN(C2)CC3=NN(C=C3)CC(F)F)F)S(=O)(=O)NC4=CSC=N4,0,FOWVCVFRPKIDJL-INIZCTEOSA-N,FOWVCVFRPKIDJL,PubChem,132141704,6331,nav_test.csv,0,53.5%
NCc1noc(-c2c3ccccc3nn2Cc2ccccc2)n1,1,WAKOOJIYVSJBBE-UHFFFAOYSA-N,WAKOOJIYVSJBBE,ChEMBL,CHEMBL466715,,eval_set_nav_70,1,50.7%
CC1(C)COC(C)(CCN2CCOc3ccc(-c4ccc(OC(F)(F)F)cc4)cc3C2=O)OC1,1,FTSCTVIJKUBBPP-UHFFFAOYSA-N,FTSCTVIJKUBBPP,ChEMBL,CHEMBL3960574,,eval_set_nav_70,1,75.5%
N=C(NCCCCc1ccccc1)NC(=O)c1cccs1,1,UAHRZSFLMXMQQA-UHFFFAOYSA-N,UAHRZSFLMXMQQA,ChEMBL,CHEMBL108361,,eval_set_nav_70,1,79.2%
O=S(=O)(Nc1ncns1)c1cc(F)c(OCC2(F)CNCCC2c2ccc(F)cc2)cc1F,1,YKHBPEAAJKQFPN-UHFFFAOYSA-N,YKHBPEAAJKQFPN,ChEMBL,CHEMBL3325530,,eval_set_nav_70,1,70.5%
C1C[C@H](CN(C1)CC2=CC(=C(C=C2)Cl)Cl)OC3=CC(=C(C=C3C4CC4)C(=O)NS(=O)(=O)N5CCC5)F,1,SNRRDPDZYDUBBS-GOSISDBHSA-N,SNRRDPDZYDUBBS,PubChem,118120458,6331,nav_test.csv,1,70.0%
C1CC1S(=O)(=O)NC(=O)C2=CC(=C(C=C2F)OCC3CCN(CC3)CC4=CC(=CC(=C4)Cl)OC(F)(F)F)Cl,1,VOGXZTHYVIFHTJ-UHFFFAOYSA-N,VOGXZTHYVIFHTJ,PubChem,118120497,6331,nav_test.csv,1,72.0%
CC(C)(C1=CC=CC=C1)N2CC[C@@H](C2)N(C)C3=CC(=C(C=C3Cl)S(=O)(=O)NC4=CSC=N4)F,0,HBGSYDPAKUXTJO-KRWDZBQOSA-N,HBGSYDPAKUXTJO,PubChem,132141680,6331,nav_test.csv,1,57.2%
O=c1sc2cc(S(=O)(=O)Nc3ncns3)ccc2n1Cc1ccccc1,0,GTHCYFOABKSWFV-UHFFFAOYSA-N,GTHCYFOABKSWFV,PubChem,,137638536,eval_set_nav_70,1,58.5%
C1CC1C2=CC(=C(C=C2CN3CCC(CC3)OC4=CC(=C(C=C4)Cl)Cl)F)C(=O)NS(=O)(=O)C5CC5,1,ODTVLWVECQNUSX-UHFFFAOYSA-N,ODTVLWVECQNUSX,PubChem,118110887,6331,nav_test.csv,1,68.2%
Cn1nccc1CCOc1cc(F)c(S(=O)(=O)Nc2ncns2)cc1F,0,RUZRQWYTSWEZCR-UHFFFAOYSA-N,RUZRQWYTSWEZCR,ChEMBL,CHEMBL4644497,,eval_set_nav_70,0,55.2%
O=C1C2CN(Cc3ccccc3)CC2CN1c1cccc2c1cnn2-c1ccccc1F,1,MNFGXJGJVQMIQT-UHFFFAOYSA-N,MNFGXJGJVQMIQT,ChEMBL,CHEMBL3800069,,eval_set_nav_70,1,58.8%
O=C(c1ccccc1)c1ccccc1OCC(O)CN1CCC(n2c(=O)oc3ccccc32)CC1,1,AJVUWOJCUJMYCS-UHFFFAOYSA-N,AJVUWOJCUJMYCS,ChEMBL,CHEMBL3634327,,eval_set_nav_70,0,51.2%
C1CC1C2=CC(=C(C=C2OCC3CCN(CC3)C4(COC4)C5=CC(=CC(=C5)Cl)Cl)F)C(=O)NS(=O)(=O)C6CC6,1,LNZNUXVENBAPOZ-UHFFFAOYSA-N,LNZNUXVENBAPOZ,PubChem,118111040,6331,nav_test.csv,1,64.4%
CCS(=O)(=O)NC(=O)C1=C(C=C(C(=C1)C2CC2)OCC3CCN(CC3)CC4=NC(=CC(=C4)C(F)(F)F)C5CC5)F,1,QMRDOUTXSQARSD-UHFFFAOYSA-N,QMRDOUTXSQARSD,PubChem,118120567,6331,nav_test.csv,1,66.5%
O=C1N(Cc2ccc(C(F)(F)F)o2)c2ccccc2[C@]12COc1cc3c(cc12)OCO3,1,NEBUOXBYNAHKFV-NRFANRHFSA-N,NEBUOXBYNAHKFV,PubChem,,49836093,eval_set_nav_70,1,63.2%
FC(F)(F)Oc1ccc(-c2ccc3ncc(C(F)(F)F)n3c2)cc1,1,WIBWEQRTGVQDDM-UHFFFAOYSA-N,WIBWEQRTGVQDDM,PubChem,,127044897,eval_set_nav_70,1,92.2%
C[C@H](C1=CC=CC=C1)N2CCC(CC2)OC3=C(C=C(C=C3)S(=O)(=O)NC4=NC=C(C=N4)F)Cl,0,OSDNUBHAHGVCFG-MRXNPFEDSA-N,OSDNUBHAHGVCFG,PubChem,132141644,6331,nav_test.csv,1,65.5%
CC1(c2ccccc2)CCCN(C(=O)NCc2ccc(-c3ccccc3C(F)(F)F)cc2)C1,1,JAJFLSQZGKSQFF-UHFFFAOYSA-N,JAJFLSQZGKSQFF,ChEMBL,CHEMBL1080974,,eval_set_nav_70,1,78.5%
C1CN(C[C@H](C1C2=CC(=C(C=C2)F)F)COC3=CC(=C(C=C3F)S(=O)(=O)NC4=NC=C(S4)Cl)F)C(=O)N,0,DCTXGZORGKDRBN-UEWDXFNNSA-N,DCTXGZORGKDRBN,PubChem,117625334,6331,nav_test.csv,1,75.5%
O=C(c1ncc[nH]1)N1CCOc2ccc(-c3ccc(C(F)(F)F)cc3)cc2C1,1,HLRLFPZLTDEYLD-UHFFFAOYSA-N,HLRLFPZLTDEYLD,ChEMBL,CHEMBL3899278,,eval_set_nav_70,1,93.2%
C1CN(C(=O)N1C2=CC=NC=C2)C3=CC=CC4=C3C=NN4C5=CC=CC=C5F,1,RPGAGCSEOOCHRH-UHFFFAOYSA-N,RPGAGCSEOOCHRH,PubChem,118937702,27015369,nav_test.csv,1,52.8%
FC(F)(F)Oc1ccc(-c2ccc3nccn3c2)cc1,1,RMBCZKTYFLIFNY-UHFFFAOYSA-N,RMBCZKTYFLIFNY,ChEMBL,CHEMBL3809092,,eval_set_nav_70,1,72.5%
CNC1CCN(C1)C2=C(C=CC(=C2)C(F)(F)F)NC3=CC(=C(C=C3)S(=O)(=O)NC4=CSC=N4)F,0,YZHSBAJGLZIGBN-UHFFFAOYSA-N,YZHSBAJGLZIGBN,PubChem,135325200,6331,nav_test.csv,1,74.0%
O=C(NCc1noc(-c2nn(CCn3ccnc3)c3ccccc23)n1)c1ccccc1,0,PYIJFQHNPPKBFX-UHFFFAOYSA-N,PYIJFQHNPPKBFX,ChEMBL,CHEMBL3236343,,eval_set_nav_60,0,52.5%
CS(=O)(=O)NC(=O)C1=C(C=C(C(=C1)C2CC2)O[C@@H]3CCCN(C3)CC4=CC(=CC=C4)C5=CC=CC=C5)F,1,FMFYHAKGBTVJEQ-XMMPIXPASA-N,FMFYHAKGBTVJEQ,PubChem,118110830,6331,nav_test.csv,1,57.0%
COc1ccc2c(c1)NC1(CCN(C(=O)OCc3ccccc3)CC1)c1cccn1-2,1,MZPRXOBVFQASBN-UHFFFAOYSA-N,MZPRXOBVFQASBN,PubChem,,70814180,eval_set_nav_70,1,87.8%
CC1=CC(=C(C=C1N(C)[C@H]2CCN(C2)CC3=NC(=CN3C)C)F)S(=O)(=O)NC4=CSC=N4,0,CGAZMXTTWBQTDZ-INIZCTEOSA-N,CGAZMXTTWBQTDZ,PubChem,132141806,6331,nav_test.csv,0,57.4%
O=C(NCc1noc(-c2c3ccccc3nn2CCn2ccnc2)n1)c1cccc(OC(F)(F)F)c1,1,IWCGRJRLSWGIIP-UHFFFAOYSA-N,IWCGRJRLSWGIIP,ChEMBL,CHEMBL3236329,,eval_set_nav_60,1,57.2%
O=C(COc1cccc2cccnc12)Nc1ccccc1N1CCOCC1,1,ZJRDHGFMVANNGO-UHFFFAOYSA-N,ZJRDHGFMVANNGO,ChEMBL,CHEMBL1480490,,eval_set_nav_60,1,79.2%
CN([C@@H]1CCN(C1)CC2=CC=CC=C2)C3=C(C=C(C=C3)S(=O)(=O)NC4=NC=NS4)Cl,0,HWZPSRQCMSIPIQ-MRXNPFEDSA-N,HWZPSRQCMSIPIQ,PubChem,132142372,6331,nav_test.csv,1,67.1%
O=C(NCc1ccc(OCC(F)(F)F)nc1)c1c2ccccc2c(O)n1CCc1ccccn1,0,ZFHSQCIITNKBHR-UHFFFAOYSA-N,ZFHSQCIITNKBHR,CUPID,CUPID,,nav_test.csv,1,55.8%
O=C(c1ccccc1)c1ccccc1OCC(O)CN1CCC(C(=O)Nc2ccccc2)CC1,1,DFHYYUOTBAUYHX-UHFFFAOYSA-N,DFHYYUOTBAUYHX,PubChem,,122196018,eval_set_nav_70,1,71.8%
FC(F)(F)Oc1ccc(-c2ccn3ncc(C(F)(F)F)c3c2)cc1,1,YOUNPEUJZBBMQQ-UHFFFAOYSA-N,YOUNPEUJZBBMQQ,PubChem,,127044564,eval_set_nav_60,1,88.0%
Clc1ccc(CCO[C@@H]2CCCC[C@H]2N2CCOCC2)cc1Cl,0,XYNMOULGJNGXPD-QZTJIDSGSA-N,XYNMOULGJNGXPD,PubChem,,10406083,eval_set_nav_60,1,72.8%
O=C1COc2cc(S(=O)(=O)Nc3ncns3)ccc2N1Cc1ccccc1,0,ZLQDTAHLXHGBGM-UHFFFAOYSA-N,ZLQDTAHLXHGBGM,ChEMBL,CHEMBL4060266,,eval_set_nav_60,1,85.5%
CN([C@H]1CCN(C1)CC2=CC(=CC=C2)C(F)(F)F)C3=CC(=C(C=C3Cl)S(=O)(=O)NC4=CSC=N4)F,1,BSMGQIYCOMFQNZ-INIZCTEOSA-N,BSMGQIYCOMFQNZ,PubChem,132142096,6331,nav_test.csv,1,77.5%
C1CC1C2=CC(=C(C=C2OCC3CCN(CC3)C(C4=CC(=CC=C4)Cl)C5=CC(=CC=C5)Cl)F)C(=O)NS(=O)(=O)C6CC6,1,KHSJWWIRIZMXGO-UHFFFAOYSA-N,KHSJWWIRIZMXGO,PubChem,118120196,6331,nav_test.csv,1,61.5%
Cc1nc(C(F)(F)F)n2cc(-c3ccc(OC(F)(F)F)cc3)ccc12,1,IVXSNVZBSOJWTN-UHFFFAOYSA-N,IVXSNVZBSOJWTN,ChEMBL,CHEMBL3809647,,eval_set_nav_60,1,83.2%
CS(=O)(=O)NC(=O)C1=C(C=C(C(=C1)C2CC2)OCC3CCN(CC3)S(=O)(=O)C4=CC(=C(C=C4)Br)Cl)F,1,RAMYNPHHIXANPH-UHFFFAOYSA-N,RAMYNPHHIXANPH,PubChem,118120184,6331,nav_test.csv,1,65.6%
CCS(=O)(=O)NC(=O)C1=C(C=C(C(=C1)C2CC2)OCC3CCN(CC3)[C@@H](COC)C4=C(C=C(C=C4)Cl)Cl)F,1,IKDXHRATCNECAM-VWLOTQADSA-N,IKDXHRATCNECAM,PubChem,118110749,6331,nav_test.csv,1,53.8%
O=c1[nH]nc2ccc(-c3ccc(Oc4ccc(F)cc4)cc3)cn12,0,GBFWACWSCPFMSP-UHFFFAOYSA-N,GBFWACWSCPFMSP,CUPID,CUPID,,nav_test.csv,1,55.8%
N=C(N)NC(=O)c1nc(Cl)c(N)nc1N,0,XSDQTOBWRPYKKA-UHFFFAOYSA-N,XSDQTOBWRPYKKA,ChEMBL,CHEMBL945,,eval_set_nav_60,0,69.5%
C1COC2=C([C@H]1C3=C(C=C(C=C3)C(F)(F)F)Cl)C=CC(=C2)S(=O)(=O)NC4=NC(=CC=C4)F,1,OFIZVUDYKDVTHT-CQSZACIVSA-N,OFIZVUDYKDVTHT,PubChem,126668808,6331,nav_test.csv,1,95.8%
C[C@H]1C[C@H](CCO1)N2C(=O)C[C@@](N=C2N)(C)C3=C(C(=CC=C3)NC4=CN=C(C=C4)C5CC5)Cl,1,NRQARCCHBBGTDO-LCAJTWGOSA-N,NRQARCCHBBGTDO,PubChem,156198318,36216349,nav_test.csv,1,52.2%
CC1=CC(=C(C=C1C2=NC(=C(C=C2)F)C)OC)C3=NC=NC4=C3C=CC(=C4)S(=O)(=O)NC5=NOC=C5,0,SKFPOMQAIREXML-UHFFFAOYSA-N,SKFPOMQAIREXML,PubChem,117739807,6331,nav_test.csv,1,53.0%
O=C1NCCOc2ccc(-c3ccc(OC(F)(F)F)cc3)cc21,1,UNKDYGGGKXYGKX-UHFFFAOYSA-N,UNKDYGGGKXYGKX,ChEMBL,CHEMBL3891035,,eval_set_nav_70,1,83.2%
Fc1ccc2c(c1)c(OCCn1ccnc1)nn2-c1ccccc1F,1,QLEMAKXGMGBFET-UHFFFAOYSA-N,QLEMAKXGMGBFET,ChEMBL,CHEMBL3797315,,eval_set_nav_70,1,62.3%
CS(=O)(=O)NC(=O)C1=C(C=C(C(=C1)C2CC2)OCC3CCN(CC3)C4=CC=CC=C4)F,1,ODRKYAAJDAGRKU-UHFFFAOYSA-N,ODRKYAAJDAGRKU,PubChem,118120443,6331,nav_test.csv,1,69.5%
FC(F)(F)Oc1ccc(-c2ccn3nccc3n2)cc1,1,AJTLZXBEQAQOBC-UHFFFAOYSA-N,AJTLZXBEQAQOBC,ChEMBL,CHEMBL3808625,,eval_set_nav_60,1,72.5%
C[C@@H]1CN(C(=O)c2ncccn2)Cc2cc(-c3ccc(OC(F)(F)F)cc3)ccc2O1,1,JMEACSYKIHYEGZ-CQSZACIVSA-N,JMEACSYKIHYEGZ,ChEMBL,CHEMBL3967208,,eval_set_nav_70,1,94.2%
N=C(NCCCCc1ccccc1)NC(=O)c1ccc(Cl)c(Cl)c1,0,HXRGKALAMOSVRR-UHFFFAOYSA-N,HXRGKALAMOSVRR,ChEMBL,CHEMBL107684,,eval_set_nav_70,1,86.0%
COC1=C(C=C(C(=C1)C2=C(N=CC(=C2)F)OC)C#N)C3=NC=CC4=C3C=CC(=C4)S(=O)(=O)NC5=NOC=C5,0,VSNFDPKPLZSPLQ-UHFFFAOYSA-N,VSNFDPKPLZSPLQ,PubChem,121333958,6331,nav_test.csv,0,50.5%
COC1=CC=C(C=C1)C2=CC=CC=C2N3CCN(CC3)C[C@H](COC4=CC=C(C=C4)C5=CN6C=CC=CC6=N5)O,1,UMIUFZIZERXHBB-HHHXNRCGSA-N,UMIUFZIZERXHBB,PubChem,162674732,32442850,nav_test.csv,1,72.2%
CCCC1=CC=C(C=C1)CN2CC[C@@H](C2)N(C)C3=CC(=C(C=C3Cl)S(=O)(=O)NC4=CSC=N4)F,1,HHNFXOYVWYCPDX-IBGZPJMESA-N,HHNFXOYVWYCPDX,PubChem,132141426,6331,nav_test.csv,1,55.0%
CC1(C)[C@H]2CC[C@H](COc3cc(F)c(C(=O)NS(C)(=O)=O)cc3Cl)[C@@H]1C2,1,PFDGMDBCUUBXKJ-MDZLAQPJSA-N,PFDGMDBCUUBXKJ,PubChem,,86702830,eval_set_nav_70,1,66.5%
Cc1noc(C)c1-c1cn(C)c2cc(S(=O)(=O)Nc3ncns3)ccc12,1,YQWSACSHCYOHJR-UHFFFAOYSA-N,YQWSACSHCYOHJR,ChEMBL,CHEMBL3704433,,eval_set_nav_70,1,77.4%
CC1(c2ccccc2)CCCN(C(=O)NCc2ccc(-c3ccccn3)cc2)C1,1,JQJWBTBQHCLTMC-UHFFFAOYSA-N,JQJWBTBQHCLTMC,PubChem,,46883510,eval_set_nav_70,1,97.5%
FC(F)(F)Oc1ccc(-c2ccn3c(C(F)(F)F)nnc3c2)cc1,1,ISFOQZMECBLUGO-UHFFFAOYSA-N,ISFOQZMECBLUGO,ChEMBL,CHEMBL3810074,,eval_set_nav_70,1,87.2%
CC(C)Oc1ncc(Oc2cc(F)c(C(=O)NS(=O)(=O)N3CCC3)cc2C2CC2)cc1Cl,1,FTFVFAHJHJQWBC-UHFFFAOYSA-N,FTFVFAHJHJQWBC,ChEMBL,CHEMBL3341984,,eval_set_nav_60,1,56.2%
COc1cc(-c2ccc(F)c(F)c2)ccc1-c1cccc2c1CCN(S(=O)(=O)Nc1nncs1)C2,1,DRFLHOUHDJPQKF-UHFFFAOYSA-N,DRFLHOUHDJPQKF,PubChem,,71737517,eval_set_nav_60,1,77.2%
CS(=O)(=O)NC(=O)c1cc(C2CC2)c(OCC2CCN(Cc3cc(C(F)(F)F)ccc3Cl)CC2)cc1F,1,KYBPOTYVFWNSGS-UHFFFAOYSA-N,KYBPOTYVFWNSGS,PubChem,,118120545,eval_set_nav_70,1,73.0%
CC1(CCN(CC1)C2=NC=C(C(=C2)C(F)(F)F)Cl)COC3=CC(=C(C=C3C4CC4)C(=O)NS(=O)(=O)C5CC5)F,1,DBQDFEJHUOPISY-UHFFFAOYSA-N,DBQDFEJHUOPISY,PubChem,118120529,6331,nav_test.csv,1,74.8%
O=C1c2cc(-c3ccc(C(F)(F)F)cc3)ccc2OC[C@H]2CCCN12,1,XGRIJLUQHBJDKB-OAHLLOKOSA-N,XGRIJLUQHBJDKB,ChEMBL,CHEMBL3915454,,eval_set_nav_70,1,95.2%
CC1=NC(=C(C=C1)F)CN2CC[C@@H](C2)N(C)C3=CC(=C(C=C3Cl)S(=O)(=O)NC4=CSC=N4)F,0,YLUTWCUFBMBBBY-AWEZNQCLSA-N,YLUTWCUFBMBBBY,PubChem,132141445,6331,nav_test.csv,1,58.2%
FC(F)(F)c1nnc2ccc(-c3ccc(Cl)cc3Cl)cn12,1,VPHPSGABKOYERE-UHFFFAOYSA-N,VPHPSGABKOYERE,ChEMBL,CHEMBL3809139,,eval_set_nav_60,1,74.9%
O=C(NC1CCN(CC(O)COc2ccc(C(F)(F)F)cc2)CC1)c1ccccc1,1,LSHATFQUHCHGOI-UHFFFAOYSA-N,LSHATFQUHCHGOI,PubChem,,122194675,eval_set_nav_70,1,76.7%
CN1C=CC=C1CN2CC[C@@H](C2)N(C)C3=CC(=C(C=C3Cl)S(=O)(=O)NC4=CSC=N4)F,0,OIZLNPMPHGORJB-HNNXBMFYSA-N,OIZLNPMPHGORJB,PubChem,132141757,6331,nav_test.csv,1,52.3%
COc1cccc2[nH]cc(CC/N=C(/N)NC(=O)c3ccc(C)cc3)c12,1,XEAYYEPMPLLWAA-UHFFFAOYSA-N,XEAYYEPMPLLWAA,ChEMBL,CHEMBL320314,,eval_set_nav_70,1,53.0%
COc1ncccc1-c1c(NC(=O)c2cccc(-c3ccccn3)c2)cccc1C(F)(F)F,1,YERWQIGIPLROEU-UHFFFAOYSA-N,YERWQIGIPLROEU,PubChem,,137659739,eval_set_nav_70,1,73.8%
COc1cc(C(=O)NS(C)(=O)=O)ccc1-c1cnc(Sc2cccc(C)c2)c(Cl)c1,1,QVFAODGDCYHYFO-UHFFFAOYSA-N,QVFAODGDCYHYFO,PubChem,,155545889,eval_set_nav_60,0,70.5%
CN([C@H]1CCN(C1)CC2=CC=C(C=C2)Br)C3=CC(=C(C=C3Cl)S(=O)(=O)NC4=CSC=N4)F,1,MUZRKCPDAHUGSX-INIZCTEOSA-N,MUZRKCPDAHUGSX,PubChem,132141725,6331,nav_test.csv,1,62.0%
Cc1ccc(C(=O)NC(N)=NCCc2cccs2)cc1,0,QBQQLAJXKVUTGB-UHFFFAOYSA-N,QBQQLAJXKVUTGB,PubChem,,44337512,eval_set_nav_70,1,57.0%
O=c1oc2cc(S(=O)(=O)Nc3ncns3)ccc2n1Cc1ccccc1,0,HMJMQGPOPAKICS-UHFFFAOYSA-N,HMJMQGPOPAKICS,PubChem,,71555980,eval_set_nav_70,1,57.8%
N=C(NCCCCc1ccccc1)NC(=O)c1c(Cl)cccc1Cl,1,JWJQGUNULCBYAL-UHFFFAOYSA-N,JWJQGUNULCBYAL,ChEMBL,CHEMBL110352,,eval_set_nav_70,1,79.5%
O=C(Nc1ccc(S(=O)(=O)Nc2nccs2)cc1)C(c1ccccc1)c1ccccc1,1,URSQNPPONHUJDL-UHFFFAOYSA-N,URSQNPPONHUJDL,ChEMBL,CHEMBL3617053,,eval_set_nav_60,0,52.5%
CS(=O)(=O)Nc1nnc2cc(COc3cc(Cl)cc(Cl)c3)c(C3CC3)cn12,1,DPIPLAYFRAXNRK-UHFFFAOYSA-N,DPIPLAYFRAXNRK,PubChem,,117608566,eval_set_nav_60,1,52.7%
CS(=O)(=O)NC(=O)c1cc(Cl)c(OCC2CC3C4CCC(C4)C3C2)cc1F,1,YTSQUJOXQNTPEU-UHFFFAOYSA-N,YTSQUJOXQNTPEU,ChEMBL,CHEMBL3657929,,eval_set_nav_70,1,74.6%
C1CN(CCC1OC2=C(C=C(C=C2)S(=O)(=O)NC3=NC=CS3)Cl)CC4=CC=CC=N4,0,LMSYMVSTHZPGCN-UHFFFAOYSA-N,LMSYMVSTHZPGCN,PubChem,132141599,6331,nav_test.csv,1,67.2%
COC1=C(C=C(C(=C1)C2=CC(=CC=C2)F)Cl)C3=NC=CC4=CC(=C(C=C43)F)S(=O)(=O)NC5=NOC=C5,0,KOLQEMHICHJBIM-UHFFFAOYSA-N,KOLQEMHICHJBIM,PubChem,117740260,6331,nav_test.csv,1,60.5%
Cc1nnc2ccc(-c3ccc(OC(F)(F)F)cc3)cn12,1,WRRDEJWTTVWCNI-UHFFFAOYSA-N,WRRDEJWTTVWCNI,ChEMBL,CHEMBL3809921,,eval_set_nav_70,1,80.2%
CC1(COc2cc(F)c(C(=O)NS(=O)(=O)C3CC3)cc2C2CC2)CCC2(CC1)CC2,1,GFDXIUXAFNREKM-UHFFFAOYSA-N,GFDXIUXAFNREKM,PubChem,,90026208,eval_set_nav_70,1,76.5%
CCCCc1nc2cc(C(=O)N3CCC4(CC3)Nc3cc(OC)ccc3-n3cccc34)ccc2o1,1,OMHJTLHCDDLJNN-UHFFFAOYSA-N,OMHJTLHCDDLJNN,PubChem,,90700276,eval_set_nav_70,1,76.2%
Cn1nccc1-c1ccccc1Oc1ccc(S(=O)(=O)Nc2nccs2)cc1C#N,0,MKSKJVIBSRUWSZ-UHFFFAOYSA-N,MKSKJVIBSRUWSZ,PubChem,,71718072,eval_set_nav_70,0,70.8%
N#CC1(c2ccc(-c3ccc4c(c3)C(=O)N(Cc3ncccn3)CCO4)cc2)CCCC1,1,MSMUGKYVPPWLNZ-UHFFFAOYSA-N,MSMUGKYVPPWLNZ,ChEMBL,CHEMBL3977673,,eval_set_nav_70,1,83.8%
CC1=CC(=C(C=C1C2=CC(=C(N=C2)OC3=C(C=C(C=C3Cl)F)F)Cl)F)C(=O)NS(=O)(=O)C,1,FTOCXEGUCFSPQX-UHFFFAOYSA-N,FTOCXEGUCFSPQX,PubChem,122422470,6331,nav_test.csv,0,56.8%
O=C(C1CC(F)(F)C1)N1CCOc2ccc(-c3ccc(OC(F)(F)F)cc3)cc2C1,1,NKVQCSLWBYQOCB-UHFFFAOYSA-N,NKVQCSLWBYQOCB,ChEMBL,CHEMBL3911554,,eval_set_nav_70,1,86.5%
O=c1[nH]nc2ccc(-c3ccc(OC(F)(F)F)cc3)cn12,1,WCKSPUOMUKLNAH-UHFFFAOYSA-N,WCKSPUOMUKLNAH,PubChem,,58044589,eval_set_nav_70,1,73.8%
Cn1cc(-c2cccc(F)c2F)c2ccc(C(=O)NS(C)(=O)=O)cc21,0,XBOOMOJPCVTGEG-UHFFFAOYSA-N,XBOOMOJPCVTGEG,ChEMBL,CHEMBL4473435,,eval_set_nav_70,0,78.8%
CC(C)(C)OC(=O)n1cc(-c2ccc(NC(=O)c3ccco3)cc2)nc1N,0,UISKLKRCGRFVKZ-UHFFFAOYSA-N,UISKLKRCGRFVKZ,ChEMBL,CHEMBL3113249,,eval_set_nav_70,0,85.5%
O=C1CCCc2ccc(N3CCOc4cc(S(=O)(=O)Nc5nccs5)ccc43)cc21,1,IOWZAVOJWNVIGR-UHFFFAOYSA-N,IOWZAVOJWNVIGR,ChEMBL,CHEMBL3930854,,eval_set_nav_70,1,95.2%
Fc1ccc(C(CCCNCCCN2CCCCC2)c2ccc(F)cc2)cc1,1,YHDCQGYFBMAZSX-UHFFFAOYSA-N,YHDCQGYFBMAZSX,PubChem,,71521279,eval_set_nav_70,1,97.0%
N=C(N)NCCC[C@@H]1NC(=O)[C@H]2CSSC[C@@H]3NC(=O)[C@@H](N)CSSC[C@H](NC(=O)[C@H](CCCNC(=N)N)NC(=O)[C@H](CO)NC(=O)[C@H](Cc4c[nH]cn4)NC(=O)[C@H](CC(=O)O)NC1=O)C(=O)N[C@H](C(=O)O)CSSC[C@H](NC(=O)[C@H](CC(N)=O)NC3=O)C(=O)N[C@@H](CO)C(=O)N[C@@H](CO)C(=O)N[C@@H](CCCCN)C(=O)N[C@@H](Cc1c[nH]c3ccccc13)C(=O)N2,0,RBQRPVYHDUYUMZ-HXUJBDNLSA-N,RBQRPVYHDUYUMZ,ChEMBL,CHEMBL4524078,,eval_set_nav_60,1,60.8%
Cc1ccc(O)c(C)c1OCC(C)N,0,LBHCZYGJQAXJSW-UHFFFAOYSA-N,LBHCZYGJQAXJSW,ChEMBL,CHEMBL2018453,,eval_set_nav_70,0,61.0%
CN=C(N)NC(=O)Nc1c(C)cccc1C,0,RRHJHSBDJDZUGL-UHFFFAOYSA-N,RRHJHSBDJDZUGL,CUPID,CUPID,,nav_test.csv,0,58.7%
Cl.Nc1nc(-c2cccc(NC(=O)c3c[nH]c4ccccc34)c2)c[nH]1,0,BVGBQFYLRMCMEZ-UHFFFAOYSA-N,BVGBQFYLRMCMEZ,ChEMBL,CHEMBL3113255,,eval_set_nav_70,0,84.2%
CN[C@@H]1CCCN(C1)C2=C(C=CC(=C2)F)NC3=C(C=C(C=C3)S(=O)(=O)NC4=CSC=N4)Cl,0,HWVPSCMQPQCOFC-OAHLLOKOSA-N,HWVPSCMQPQCOFC,PubChem,135325359,6331,nav_test.csv,1,62.7%
CC1(c2ccccc2)CCCN(C(=O)NCc2ccc(-c3ccc4[nH]ccc4c3)cc2)C1,1,HIQKQNMARNQIET-UHFFFAOYSA-N,HIQKQNMARNQIET,ChEMBL,CHEMBL1078264,,eval_set_nav_70,1,93.2%
CC1=NC(=CO1)C2=C(C=CC(=C2)C(F)(F)F)[C@@H]3CCOC4=C3C=CC(=C4)S(=O)(=O)NC5=NN=CC=C5,0,UPTAXZJGAITAKS-SFHVURJKSA-N,UPTAXZJGAITAKS,PubChem,126650400,6331,nav_test.csv,1,98.8%
CC1=CC=CC=C1CN2CCC(CC2)OC3=C(C=C(C=C3)S(=O)(=O)NC4=NC=CS4)Cl,1,GLZPATOXLOANPL-UHFFFAOYSA-N,GLZPATOXLOANPL,PubChem,132141434,6331,nav_test.csv,1,68.5%
C1COC2=C([C@H]1C3=C(C=C(C=C3)C(F)(F)F)Cl)C=CC(=C2)S(=O)(=O)NC4=NC=C(C=N4)F,0,NGWMASDQSKMXDG-CQSZACIVSA-N,NGWMASDQSKMXDG,PubChem,126650598,6331,nav_test.csv,1,93.8%
C1C[C@H]2CC(C[C@@H]1N2CC3=C(C=CC(=C3)Cl)F)OC4=C(C=C(C=C4)S(=O)(=O)NC5=CSC=N5)Cl,1,SSSNYOKSRVVKFL-JWTNVVGKSA-N,SSSNYOKSRVVKFL,PubChem,132141788,6331,nav_test.csv,1,61.3%
CC1=CC(=C(C=C1C2=CC(=C(C=C2)F)F)OC)C3=NC=NC4=C3C=CC(=C4)S(=O)(=O)NC5=NOC=C5,0,CTFKEUGESYHASU-UHFFFAOYSA-N,CTFKEUGESYHASU,PubChem,117740023,6331,nav_test.csv,1,50.5%
C1CC1C2=CC(=C(C=C2CN3CCN(CC3)S(=O)(=O)C4=CC(=CC(=C4)Cl)Cl)F)C(=O)N,1,ZHOVMQJWRQDRFQ-UHFFFAOYSA-N,ZHOVMQJWRQDRFQ,PubChem,118120677,6331,nav_test.csv,1,67.2%
Cn1cc(-c2cnn(C3CC3)c2)c2ccc(S(=O)(=O)Nc3ncns3)cc21,1,BUZQYWYNCQKZIN-UHFFFAOYSA-N,BUZQYWYNCQKZIN,ChEMBL,CHEMBL3704445,,eval_set_nav_70,1,80.5%
O=C1N=C(O)NC1(c1ccccc1)c1ccccc1,0,CXOFVDLJLONNDW-UHFFFAOYSA-N,CXOFVDLJLONNDW,ChEMBL,CHEMBL16,,eval_set_nav_60,0,52.4%
COc1ccccc1-c1ccnc2cc(S(=O)(=O)Nc3ncns3)ccc12,0,YFMVUUMVGDFCMU-UHFFFAOYSA-N,YFMVUUMVGDFCMU,PubChem,,89614157,eval_set_nav_70,0,67.5%
C1COC2=C([C@H]1C3=C(C=C(C=C3)C(F)(F)F)OC4COC4)C=CC(=C2)S(=O)(=O)NC5=NC=C(C=N5)F,0,XWEYNZGJCHTDHN-KRWDZBQOSA-N,XWEYNZGJCHTDHN,PubChem,126649822,6331,nav_test.csv,1,92.5%
COc1cc(C(=O)NS(C)(=O)=O)ccc1-c1cnc(N2CCC[C@H]2C(C)C)c(Cl)c1,1,POFCZXSWSQJBSJ-SFHVURJKSA-N,POFCZXSWSQJBSJ,ChEMBL,CHEMBL4448552,,eval_set_nav_70,0,62.3%
N#Cc1ccc(-c2ccc3nnc(C(F)(F)F)n3c2)cc1,1,SVCKABQCSKRGBH-UHFFFAOYSA-N,SVCKABQCSKRGBH,ChEMBL,CHEMBL3808910,,eval_set_nav_70,1,85.8%
CNC(=O)Nc1ccc2c(c1)CC[C@@]21OC(=O)N(CC(=O)N(Cc2ccc(F)cc2)[C@@H](C)C(F)(F)F)C1=O,1,VRVJKILQRBSEAG-LFPIHBKWSA-N,VRVJKILQRBSEAG,ChEMBL,CHEMBL4282264,,eval_set_nav_60,1,56.2%
C1CN(CCC1OC2=CC(=C(C=C2Cl)S(=O)(=O)NC3=NC=CS3)F)CC4=CC=CC=C4,0,GLMLTBONXAXOHT-UHFFFAOYSA-N,GLMLTBONXAXOHT,PubChem,132141636,6331,nav_test.csv,1,72.6%
FC(F)(F)CNc1ccc(-c2ccc3nnc(C(F)(F)F)n3c2)cc1,1,FIAUAOCLBYJKGH-UHFFFAOYSA-N,FIAUAOCLBYJKGH,ChEMBL,CHEMBL3808781,,eval_set_nav_70,1,88.2%
CC(C)(C)OC(=O)N1CCN(c2cccc3c2cnn3-c2ccccc2F)C1=O,1,WGXUOYQUTHHSEZ-UHFFFAOYSA-N,WGXUOYQUTHHSEZ,ChEMBL,CHEMBL3798258,,eval_set_nav_70,0,65.8%
Nc1nc(N)c(-c2cc(Cl)cc(Cl)c2Cl)c(CF)n1,1,QEDNOUAODRFJQN-UHFFFAOYSA-N,QEDNOUAODRFJQN,ChEMBL,CHEMBL448556,,eval_set_nav_60,0,52.8%
Cc1cccc(C)c1-c1noc(C)c1CC(=O)NCc1cccc(OCCOCC(F)(F)F)n1,0,JUYDFOZPLNPPHM-UHFFFAOYSA-N,JUYDFOZPLNPPHM,PubChem,,56676812,eval_set_nav_70,0,62.7%
C[Si](C)(C)CCS(=O)(=O)NC(=O)C1=C(C=C(C(=C1)C2CC2)OCC3CN(C3)C(C4=CC=CC=C4)C5=CC=CC=C5)F,1,AGYHSBIECCQIMW-UHFFFAOYSA-N,AGYHSBIECCQIMW,PubChem,123359639,6331,nav_test.csv,1,58.8%
O=C1N(Cc2ncco2)CCN1c1cccc2c1cnn2-c1ccccc1F,0,CWIZVJATUFGKBM-UHFFFAOYSA-N,CWIZVJATUFGKBM,ChEMBL,CHEMBL3799838,,eval_set_nav_70,0,51.2%
CC1=NC(=C(C=C1)F)CN2CC[C@@H](C2)N(C)C3=CC(=C(C=C3C)S(=O)(=O)NC4=CSC=N4)F,0,GQBIUYQZBTXKCI-INIZCTEOSA-N,GQBIUYQZBTXKCI,PubChem,132141490,6331,nav_test.csv,0,52.8%
CC1=C(C(=C(C=C1OC2(CCN(C2)CC3=CC=CC=C3)C)F)S(=O)(=O)NC4=NC=CS4)F,0,DBDVMPBQLFTNNJ-UHFFFAOYSA-N,DBDVMPBQLFTNNJ,PubChem,132142229,6331,nav_test.csv,1,60.2%
FC(F)(F)Oc1ccc(-c2ccc3nncn3c2)cc1,1,WZVPHJFWDKUPJJ-UHFFFAOYSA-N,WZVPHJFWDKUPJJ,PubChem,,66849415,eval_set_nav_70,1,75.8%
O=[N+]([O-])c1ccc(-c2ccc3nnc(C(F)(F)F)n3c2)cc1,1,QFLBDPRBRBLTMC-UHFFFAOYSA-N,QFLBDPRBRBLTMC,ChEMBL,CHEMBL3810029,,eval_set_nav_70,1,76.8%
CN1CCN(CC1)C2=C(C=CC(=C2)OC(F)(F)F)NC3=CC(=C(C=C3Cl)S(=O)(=O)NC4=CSC=N4)F,0,FNPORSLWKWJIJE-UHFFFAOYSA-N,FNPORSLWKWJIJE,PubChem,135325368,6331,nav_test.csv,1,69.3%
O=C(c1ccccc1-n1nccn1)N1CCC(F)(F)[C@@H](Oc2ccc3ccccc3n2)C1,1,VCYRJXZNOOUBSE-FQEVSTJZSA-N,VCYRJXZNOOUBSE,ChEMBL,CHEMBL3394848,,eval_set_nav_60,1,59.8%
COc1ccc(CCN(C)CCCOc2nsc(-c3ccccc3)n2)cc1OC,1,RHJGWXNLFGHPHA-UHFFFAOYSA-N,RHJGWXNLFGHPHA,ChEMBL,CHEMBL452043,,eval_set_nav_60,1,79.0%
CC(C)(C)CCCCNCCCN1CCCCC1,1,NWFIZDUHNMOFRW-UHFFFAOYSA-N,NWFIZDUHNMOFRW,ChEMBL,CHEMBL4225258,,eval_set_nav_60,0,58.5%
O=S(=O)(Nc1nccs1)c1cc(Cl)c(NC2CC3CCC2O3)cc1F,1,PJIHSPMTVBOMNJ-UHFFFAOYSA-N,PJIHSPMTVBOMNJ,ChEMBL,CHEMBL4069801,,eval_set_nav_70,1,80.1%
O=S(=O)(Nc1ccncn1)c1cc2c(cc1F)[C@@H](N1CC[C@H](C(F)(F)F)C[C@@H]1c1ccccn1)CCO2,1,XQUOWYVEKSXNET-RYGJVYDSSA-N,XQUOWYVEKSXNET,ChEMBL,CHEMBL4464990,,eval_set_nav_60,1,88.5%
Cl.Cl.Nc1nc2c(s1)CC(CNC(=O)[C@@H]1CCCN1)CC2,0,VUAHISPVYZJISX-ZHLJYLQZSA-N,VUAHISPVYZJISX,PubChem,,76313502,eval_set_nav_70,0,73.3%
C1C[C@@H](CN(C1)CC2=CC=CC=C2)OC3=CC(=C(C=C3C4CC4)C(=O)NS(=O)(=O)N5CCC5)F,1,NVDJRUZWJVKEIQ-FQEVSTJZSA-N,NVDJRUZWJVKEIQ,PubChem,118120769,6331,nav_test.csv,1,75.0%
O=S(=O)(Nc1ncns1)c1ccc2c(c1)OCC(c1ccccc1)N2c1ccc(C(F)(F)F)cc1,1,RPOHHODXGPCIOK-UHFFFAOYSA-N,RPOHHODXGPCIOK,PubChem,,71712048,eval_set_nav_60,1,88.5%
FC(F)(F)Oc1ccc(-c2ccc3cnc(C(F)(F)F)n3c2)cc1,1,VXUJOFHIKATQFY-UHFFFAOYSA-N,VXUJOFHIKATQFY,PubChem,,58118918,eval_set_nav_70,1,89.5%
N=C1N[C@H]2[C@H](COC(N)=O)NC(=N)N3CCC(O)(O)[C@]23N1,1,RPQXVSUAYFXFJA-HGRQIUPRSA-N,RPQXVSUAYFXFJA,ChEMBL,CHEMBL501134,,eval_set_nav_60,0,61.2%
COc1ccc2[nH]cc(CC/N=C(/N)NC(=O)c3ccc(C)cc3)c2c1,1,MWVDXILYDYYTKX-UHFFFAOYSA-N,MWVDXILYDYYTKX,ChEMBL,CHEMBL421032,,eval_set_nav_70,1,51.0%
COc1ccccc1-c1c(C#N)cnc2cc(S(=O)(=O)Nc3nccs3)ccc12,0,AJMSKIHDFBXAAG-UHFFFAOYSA-N,AJMSKIHDFBXAAG,PubChem,,86687577,eval_set_nav_70,0,75.8%
COc1ncc(-c2nc(C(=O)N=C(N)N)c(N)nc2N)cn1,0,XFGYFQDKMRBURI-UHFFFAOYSA-N,XFGYFQDKMRBURI,CUPID,CUPID,,nav_test.csv,0,73.0%
Cc1cnc(N)c(-c2cn(C)c3cc(S(=O)(=O)Nc4ncns4)ccc23)c1,1,VRPIWMZJPXYBAV-UHFFFAOYSA-N,VRPIWMZJPXYBAV,PubChem,,71259586,eval_set_nav_70,1,81.2%
CC(C)(C)Oc1cc(-c2ccc3c(c2)C(=O)N(Cc2ccccn2)CCO3)ccn1,1,WXRUYCXPUQTRHE-UHFFFAOYSA-N,WXRUYCXPUQTRHE,ChEMBL,CHEMBL3914690,,eval_set_nav_70,1,73.5%
C1=CC(=CN=C1)C(C2=CN=CC=C2)[C@H](C3=C(N=CC=C3)C4=CC(=CC(=C4)Cl)Cl)O,0,ZRXWXSZEIJIKNS-QHCPKHFHSA-N,ZRXWXSZEIJIKNS,PubChem,16722295,28131713,nav_test.csv,1,52.8%
CCS(=O)(=O)NC(=O)C1=C(C=C(C(=C1)C2CC2)OCC3CCN(CC3)[C@@H](C4=CC(=CC(=C4)Cl)Cl)C(C)(C)OC)F,1,QMIHBNPMTMLUMI-MHZLTWQESA-N,QMIHBNPMTMLUMI,PubChem,118111078,6331,nav_test.csv,1,59.9%
CC1(C)CCc2cc(OCc3cc(F)c(C(=O)NS(=O)(=O)N4CCC4)cc3Cl)ccc2O1,1,BTKIGPLGDZHMLE-UHFFFAOYSA-N,BTKIGPLGDZHMLE,ChEMBL,CHEMBL3657848,,eval_set_nav_60,1,69.8%
COC1=CC=CC=C1N2C=NC(=C2N)C(=O)NC3=CC=C(C=C3)Cl,0,QRHWRVOGYSGMTL-UHFFFAOYSA-N,QRHWRVOGYSGMTL,PubChem,139268656,6331,nav_test.csv,0,53.8%
O=S(=O)(Nc1ncns1)c1ccc2c(N3CCOC(c4ccccc4)C3)cccc2c1,0,PRMPMEPZCSZBOP-UHFFFAOYSA-N,PRMPMEPZCSZBOP,CUPID,CUPID,,nav_test.csv,1,69.8%
COCCCC1=C(C=CC(=C1)C(F)(F)F)[C@H]2CCOC3=C2C=CC(=C3)S(=O)(=O)NC4=NC=NC=C4,1,UOTNRDAWNWUHGV-HXUWFJFHSA-N,UOTNRDAWNWUHGV,PubChem,126668815,6331,nav_test.csv,1,92.5%
C1CC1C2=CC(=C(C=C2CN3CCC(CC3)(CF)C4=CC=C(C=C4)F)F)C(=O)NS(=O)(=O)C5CC5,1,JNHAPOOUQJCAFX-UHFFFAOYSA-N,JNHAPOOUQJCAFX,PubChem,118353791,6331,nav_test.csv,1,76.4%
CNc1nc(-c2cccc(NC(=O)c3cc4ccccc4[nH]3)c2)c[nH]1,0,UMBIDIUNTWEHKV-UHFFFAOYSA-N,UMBIDIUNTWEHKV,CUPID,CUPID,,nav_test.csv,0,55.8%
CC1C(=O)NC2=C(O1)C=CC(=C2)OCCCCN3CCN(CC3)C4=CC=CC=C4C5=CC=C(C=C5)OC,1,YWHVBZKUIRBJHI-UHFFFAOYSA-N,YWHVBZKUIRBJHI,PubChem,162676611,32442850,nav_test.csv,1,76.5%
Cc1ccc(C(=O)NC(N)=Nc2ccccc2C(C)C)cc1,1,HAZYNDYPJCTQNO-UHFFFAOYSA-N,HAZYNDYPJCTQNO,PubChem,,135568488,eval_set_nav_60,1,65.1%
Cn1cccc1C(=O)N[C@H]1CCc2nc(N)sc2C1,0,JNFQGNNJCPRLFH-QMMMGPOBSA-N,JNFQGNNJCPRLFH,PubChem,,76309796,eval_set_nav_70,0,71.4%
C1CC1C2=CC(=C(C=C2OCC3CCN(CC3)C(=O)C4=CC=CC=C4)F)C(=O)NS(=O)(=O)C5CC5,1,JDRAVOBAUSSLSR-UHFFFAOYSA-N,JDRAVOBAUSSLSR,PubChem,118111312,6331,nav_test.csv,1,68.2%
Cc1cc(Cn2nc3ccc(-c4ccc(OC(F)(F)F)cc4)cn3c2=O)on1,1,GVLLPSKBAGVQRD-UHFFFAOYSA-N,GVLLPSKBAGVQRD,PubChem,,58044315,eval_set_nav_70,1,89.2%
FC(F)(F)Oc1ccc(-c2ccc3nc(C(F)(F)F)cn3c2)cc1,1,FCGKHXGDDHEBGB-UHFFFAOYSA-N,FCGKHXGDDHEBGB,ChEMBL,CHEMBL3808489,,eval_set_nav_60,1,84.8%
CCN([C@H]1CCN(C1)CC2=CC=CC(=C2)C)C3=C(C=C(C=C3)S(=O)(=O)NC4=NC=NS4)Cl,0,UPJXEWCQPSMPFR-SFHVURJKSA-N,UPJXEWCQPSMPFR,PubChem,132141425,6331,nav_test.csv,1,61.2%
N#Cc1ccc([C@H](C(=O)NCC(F)(F)C2CC2)N2CCN(C(=O)c3cc(F)ccc3Cl)CC2)cc1,0,SQVMZLKQHMCEPN-JOCHJYFZSA-N,SQVMZLKQHMCEPN,ChEMBL,CHEMBL4278502,,eval_set_nav_70,1,53.0%
COc1ccc(CNC(=O)c2c3ccccc3c(O)n2CCc2ccccn2)cc1,0,MLUUGSGOUWMXGU-UHFFFAOYSA-N,MLUUGSGOUWMXGU,CUPID,CUPID,,nav_test.csv,0,53.0%
COC1=NC=CC(=C1)C2=CC=CC=C2N3C(=C(C=N3)C(=O)NC4=NC=C(C=C4)Cl)N,0,YOSGDVIVCBOVNI-UHFFFAOYSA-N,YOSGDVIVCBOVNI,PubChem,122640624,6331,nav_test.csv,0,67.8%
O=C(NC1CCN(CC(O)COc2ccccc2C(=O)c2ccccc2)CC1)c1ccccc1,1,LRUQDGQDQUKJEI-UHFFFAOYSA-N,LRUQDGQDQUKJEI,ChEMBL,CHEMBL3634330,,eval_set_nav_70,1,62.3%
CC[C@H](C1=CC(=C(C=C1)F)C)OC2=C(C=C(C=N2)C3=CC(=C(C=C3C)C(=O)NS(=O)(=O)C)F)Cl,0,FYANUSCVICVUOC-JOCHJYFZSA-N,FYANUSCVICVUOC,PubChem,122422586,6331,nav_test.csv,0,52.0%
CS(=O)(=O)NC(=O)c1cc(C2CC2)c(OCC2CN(C(c3ccccc3)c3ccccc3)C2)cc1F,1,KSBYUWHBUZLDDL-UHFFFAOYSA-N,KSBYUWHBUZLDDL,ChEMBL,CHEMBL3662226,,eval_set_nav_70,1,55.2%
C1CC1C2=CC(=C(C=C2OC3CC4(C3)CN(C4)CC5=C(C=C(C=C5)F)Cl)F)C(=O)NS(=O)(=O)N6CC(C6)F,1,PJROXNYIBSIPGN-UHFFFAOYSA-N,PJROXNYIBSIPGN,PubChem,118120287,6331,nav_test.csv,1,73.5%
O=C(Oc1ccc([N+](=O)[O-])cc1)N1CCOc2cc(S(=O)(=O)Nc3nccs3)ccc21,1,DRRSLMJDRWFTEP-UHFFFAOYSA-N,DRRSLMJDRWFTEP,PubChem,,89761937,eval_set_nav_60,1,75.0%
C[C@H](Nc1cc(F)c(S(=O)(=O)Nc2cscn2)c(F)c1)c1ccccc1F,0,KTUKIQYULOKPOV-JTQLQIEISA-N,KTUKIQYULOKPOV,PubChem,,134585678,eval_set_nav_60,1,52.0%
COc1cc(C(F)F)c(C2CC2)cc1-c1nccc2cc(S(=O)(=O)Nc3ccncn3)ccc12,0,BEETUKNXEFWWHR-UHFFFAOYSA-N,BEETUKNXEFWWHR,CUPID,CUPID,,nav_test.csv,0,64.5%
CC1(CCN(CC1)CC2=CC(=CC(=C2)Cl)C(F)(F)F)COC3=CC(=C(C=C3C4CC4)C(=O)NS(=O)(=O)C)F,1,QZFIAUDHZFQMKI-UHFFFAOYSA-N,QZFIAUDHZFQMKI,PubChem,118110575,6331,nav_test.csv,1,69.1%
Cc1onc(-c2c(Cl)cccc2Cl)c1N(C)C(=O)OCc1c(F)cccc1Cl,0,WYDJTQKFXIRJPP-UHFFFAOYSA-N,WYDJTQKFXIRJPP,PubChem,,25204534,eval_set_nav_70,1,68.2%
FC(F)(F)Oc1ccc(-c2cn3c(C(F)(F)F)nnc3cn2)cc1,1,CVHMYXJRQRRLRW-UHFFFAOYSA-N,CVHMYXJRQRRLRW,ChEMBL,CHEMBL3809962,,eval_set_nav_70,1,78.0%
