Query_smiles,Query_label,Query_InChIKey,Query_InChIKey_14,Query_Source,Query_Compound_ID,Query_PMID,Query_Source_File,Query_Cav1.2,Query_Cav1.2_confidence,Max_Tanimoto_Similarity
FC(F)(F)C(Cl)Br,0,BCQZXOMGPXTTIC-UHFFFAOYSA-N,BCQZXOMGPXTTIC,CUPID,CUPID,,cav_test.csv,0,61.8%,0.100000001490116
CO/N=C(\C(=O)N[C@@H]1C(=O)N2C(C(=O)O)=C(CSc3nc(=O)c(O)nn3C)CS[C@H]12)c1csc(N)n1,0,VAAUVRVFOQPIGI-SPQHTLEESA-N,VAAUVRVFOQPIGI,ChEMBL,CHEMBL161,,eval_set_cav_60,0,63.5%,0.176991149783134
COc1cc(Br)c(C[N+]2(CCOCCC3CCC4CC3C4(C)C)CCOCC2)cc1OC,1,DDHUTBKXLWCZCO-UHFFFAOYSA-N,DDHUTBKXLWCZCO,PubChem,,40704,eval_set_cav_60,0,51.7%,0.177777782082558
CC(C)Cn1c(=O)n(C)c(=O)c2nc[nH]c21,0,APIXJSLKIYYUKG-UHFFFAOYSA-N,APIXJSLKIYYUKG,ChEMBL,CHEMBL275084,,eval_set_cav_60,0,72.0%,0.180000007152557
CC1CC[C@@]2([C@@]3(C[C@]4([C@](C(=O)[C@]2(C1O)O4)([C@](C(C3=O)OC(=O)C5=CC=CN5)(C(C)C)O)C)O)C)O,1,ZAWQSHZZSAUOKQ-PMSKBOPRSA-N,ZAWQSHZZSAUOKQ,PubChem,49823669,8387597,cav_test.csv,0,51.0%,0.18823529779911
C[C@H]1CC[C@@]2([C@H]([C@]1(C)CCC3=CCOC3=O)CCC=C2C(=O)O)C,1,WUUOACSBQPHDQM-NCJOTSGUSA-N,WUUOACSBQPHDQM,PubChem,101321350,30049584,cav_test.csv,1,52.8%,0.19178082048893
CSc1c(C#N)c(=O)c2ccc(F)cc2n1-c1c(Cl)cccc1Cl,0,AWQZXHDLUBADMM-UHFFFAOYSA-N,AWQZXHDLUBADMM,CUPID,CUPID,,cav_test.csv,0,55.8%,0.194029852747917
CC(C)CC(CN)CC(=O)O,1,AYXYPKUFHZROOJ-UHFFFAOYSA-N,AYXYPKUFHZROOJ,BindingDB,,,eval_set_cav_60,0,67.8%,0.196078434586525
O=C1NC(=O)C2C1C1c3ccccc3C2(/C=N/Cc2ccccc2)c2ccccc21,0,DFDSFRIADGLKAL-JFLMPSFJSA-N,DFDSFRIADGLKAL,ChEMBL,CHEMBL4549511,,eval_set_cav_60,1,57.5%,0.200000002980232
CC(=C1C([C@]2([C@]3(C[C@]4([C@@]1([C@@]2([C@@]5([C@@]3(CCC(=C)C5O)O)O4)O)C)O)C)O)OC(=O)C6=CC=CN6)C,1,WKNCDWJILGLPCR-NBNOSRFISA-N,WKNCDWJILGLPCR,PubChem,49823659,8691427,cav_test.csv,1,51.7%,0.202127665281296
CC1CC[C@@]2([C@@]3(CC(=O)O[C@@]2(C1OC(=O)CCN)[C@@]4([C@]3(C(C(=C4C)C(C)C)OC(=O)C5=CC=CN5)O)O)C)O,1,NJCSEUYLWFFKSS-GKWXKVAVSA-N,NJCSEUYLWFFKSS,PubChem,49823664,8388466,cav_test.csv,1,58.5%,0.202127665281296
C1OC2=C(O1)C3=C4C(=C2)C=CN=C4C(=O)C5=CC=CC=C53,1,MUMCCPUVOAUBAN-UHFFFAOYSA-N,MUMCCPUVOAUBAN,PubChem,10144,,cav_test.csv,0,60.2%,0.209876537322998
C1=C(C=C2C(=C1C(F)(F)F)N=C(N2)CCCN)C(F)(F)F,0,MEPTTXLFPKJMDP-UHFFFAOYSA-N,MEPTTXLFPKJMDP,PubChem,60194129,,cav_test.csv,0,58.8%,0.210526317358017
C[C@H](N)Cn1ncc2ccc(O)cc21,1,WBYHTZYHAFNBKW-ZETCQYMHSA-N,WBYHTZYHAFNBKW,ChEMBL,CHEMBL371300,,eval_set_cav_60,0,83.8%,0.212765961885452
NC(=O)c1cnc(NC(C2CC2)C(F)(F)F)c2c1[nH]c1cc(-c3cnc(N)nc3)ccc12,0,SHSWWKAPCSHSHG-UHFFFAOYSA-N,SHSWWKAPCSHSHG,CUPID,CUPID,,cav_test.csv,0,62.0%,0.213483139872551
CCN=C(N)NC(=O)Nc1c(CC)cc(C(=O)NC(C)C)cc1CC,0,YNLDPQYFFGLCQF-UHFFFAOYSA-N,YNLDPQYFFGLCQF,CUPID,CUPID,,cav_test.csv,0,52.5%,0.215384617447853
C1CN(CC(C1(F)F)OC2=NC3=CC=CC=C3S2)C(=O)C4=CC=CC=C4N5N=CC=N5,1,QCYLNVINPBFEFB-UHFFFAOYSA-N,QCYLNVINPBFEFB,PubChem,90286288,27818110,cav_test.csv,0,53.2%,0.217391297221184
CS(=O)(=O)C1=C2[C@@H]([C@@H]([C@@H](C2=C(C=C1)OC3=CC(=CC(=C3)C#N)F)F)F)O,0,LOMMPXLFBTZENJ-ZACQAIPSSA-N,LOMMPXLFBTZENJ,PubChem,117947097,31282155,cav_test.csv,1,51.5%,0.219512194395065
Cc1ncc([N+](=O)[O-])n1CCO,0,VAOCPAMSLUNLGC-UHFFFAOYSA-N,VAOCPAMSLUNLGC,PubChem,,4173,eval_set_cav_70,0,77.2%,0.220338985323906
CN(C)CCOC1=NC(=C2CNC(=O)N(C2=N1)C3=C(C=CC=C3Cl)Cl)C4=CC=CC=C4Cl,1,XOFKBZXMDGGJMM-UHFFFAOYSA-N,XOFKBZXMDGGJMM,PubChem,23647640,16750629,cav_test.csv,1,59.0%,0.221052631735802
O=c1cc(O)n(C2CCCC2)c(=O)n1C1Cc2ccccc2C1,0,XZGGWLKYOWKOOO-UHFFFAOYSA-N,XZGGWLKYOWKOOO,CUPID,CUPID,,cav_test.csv,0,51.2%,0.223880603909493
CCCCCCCCC[C@@H]1CN[C@@H](CN1CC2=CC=CC=C2)C,1,UXIFSRRMGBJFIO-TZIWHRDSSA-N,UXIFSRRMGBJFIO,PubChem,71625084,23639535,cav_test.csv,0,61.5%,0.225806444883347
CC(C)(CN1C2=CC(=CC(=C2N=C1CN3CCNCC3=O)C(F)(F)F)C(F)(F)F)O,0,BWRPSKBZGOXVSU-UHFFFAOYSA-N,BWRPSKBZGOXVSU,PubChem,90256544,,cav_test.csv,1,50.2%,0.226190477609634
C1CN(C(=O)CN1)CC2=NC3=C(N2)C=C(C=C3F)F,0,GNNGVLNZEACNJH-UHFFFAOYSA-N,GNNGVLNZEACNJH,PubChem,90256757,,cav_test.csv,0,83.2%,0.227272734045982
CC(C)NC(=O)Nc1ccc2c(c1)C(=O)N([C@H](C)CO)C[C@@H](C)[C@H](CN(C)S(=O)(=O)c1ccc(Cl)cc1)O2,1,NMFHWISFZINRTB-GGUMNFRJSA-N,NMFHWISFZINRTB,ChEMBL,CHEMBL2356172,,eval_set_cav_60,1,66.5%,0.230000004172325
CC(c1cccc2ccccc12)n1c(=O)cc(O)n(CCc2cccc(Cl)c2)c1=O,0,JBYPIXVQOWQTKL-UHFFFAOYSA-N,JBYPIXVQOWQTKL,CUPID,CUPID,,cav_test.csv,1,68.8%,0.230769231915474
CCN(CC)CCCC(C)NC1=C2C=C(C=CC2=NC3=C1C=CC(=C3)Cl)OC,1,GPKJTRJOBQGKQK-UHFFFAOYSA-N,GPKJTRJOBQGKQK,PubChem,237,22761000,cav_test.csv,1,63.7%,0.231707319617271
CC1CCCC1n1c(=O)cc(O)n(CCc2ccc(Cl)cc2)c1=O,0,XUTIYZFWAIMWJG-UHFFFAOYSA-N,XUTIYZFWAIMWJG,CUPID,CUPID,,cav_test.csv,0,51.2%,0.234567895531654
CCCN(CCC)CCCOC1=CC=C(C=C1)S(=O)(=O)C2=C3C=CC=CN3C=C2C(C)C,1,GPFUTUJQFMQKIL-UHFFFAOYSA-N,GPFUTUJQFMQKIL,PubChem,13938113,1552511,cav_test.csv,1,66.8%,0.236111104488373
C1CN(C[C@@H](C1(F)F)OC2=NC3=CC=CC=C3C=C2)C(=O)C4=C5C=CNC5=NC=C4,1,LWHCPVBTBFAYDP-SFHVURJKSA-N,LWHCPVBTBFAYDP,PubChem,90286316,27818110,cav_test.csv,0,60.8%,0.236559137701988
Nc1ccn([C@@H]2CS[C@H](CO)O2)c(=O)n1,0,JTEGQNOMFQHVDC-NKWVEPMBSA-N,JTEGQNOMFQHVDC,PubChem,,60825,eval_set_cav_60,0,91.0%,0.238095238804817
CCOC1=CC=C(C=C1)N2C(=C3C(=NN=C(C3=C2C)NCC4=CC=CC=N4)C)C,1,YKQDJXYJQLUWFK-UHFFFAOYSA-N,YKQDJXYJQLUWFK,PubChem,44407131,16321528,cav_test.csv,1,55.5%,0.238805964589119
Nc1cccc2c1C1c3ccccc3C2C2C(=O)NC(=O)C12,0,WROSVRBJVGVXHR-UHFFFAOYSA-N,WROSVRBJVGVXHR,ChEMBL,CHEMBL4573134,,eval_set_cav_70,0,53.2%,0.239999994635582
COc1nc(NCCCN2CCOCC2)nc(OC)c1NC(=O)c1ccc(Oc2cc3c(cc2C)CCC3(C)C)o1,1,IGTBNUVMBDYPQG-UHFFFAOYSA-N,IGTBNUVMBDYPQG,ChEMBL,CHEMBL210514,,eval_set_cav_60,1,54.0%,0.240740746259689
C[C@@H]1CN([C@@H](CN1)CCCO[Si](C)(C)C(C)(C)C)C(C2=CC=CC=C2)C3=CC=CC=C3,1,SFZXKAGZEZOKPY-RCZVLFRGSA-N,SFZXKAGZEZOKPY,PubChem,71625085,23639535,cav_test.csv,1,55.5%,0.243243247270584
O=C1CCc2cc(OCCCCc3nnnn3C3CCCCC3)ccc2N1,0,RRGUKTPIGVIEKM-UHFFFAOYSA-N,RRGUKTPIGVIEKM,ChEMBL,CHEMBL799,,eval_set_cav_60,0,73.2%,0.243902444839478
C1CN(C(=O)CN1)CC(=O)NC(C2=CC=CC=N2)C(F)(F)F,0,ZBNNJWUHEXLXFB-UHFFFAOYSA-N,ZBNNJWUHEXLXFB,PubChem,90257355,,cav_test.csv,0,72.5%,0.244186043739319
Nc1ccc2c(c1)C1c3ccccc3C2C2C(=O)NC(=O)C12,0,PLOBPQHEVIXYCK-UHFFFAOYSA-N,PLOBPQHEVIXYCK,ChEMBL,CHEMBL4574696,,eval_set_cav_70,0,59.8%,0.244897961616516
CN1CCN(c2ccc(-c3ccc4c(c3)CCNC4)cc2C(F)(F)F)CC1,0,XSHJZXZIAWBGCX-UHFFFAOYSA-N,XSHJZXZIAWBGCX,PubChem,,53327817,eval_set_cav_60,1,55.5%,0.246575340628624
C1=C(C=C2C(=C1C(F)(F)F)N=C(N2)CNC(=O)CN)C(F)(F)F,0,TWXCYETVTGQUSO-UHFFFAOYSA-N,TWXCYETVTGQUSO,PubChem,88924623,,cav_test.csv,0,58.2%,0.246575340628624
CC1(C)CCC(n2c(=O)cc(O)n(CCc3cccc(Cl)c3)c2=O)C1,0,HCJGBVOQKBZSBO-UHFFFAOYSA-N,HCJGBVOQKBZSBO,CUPID,CUPID,,cav_test.csv,1,59.5%,0.246753245592117
CCN1CCN(C(=O)N[C@@H](C(=O)N[C@@H]2C(=O)N3[C@@H](C(=O)O)C(C)(C)S[C@H]23)c2ccccc2)C(=O)C1=O,0,IVBHGBMCVLDMKU-GXNBUGAJSA-N,IVBHGBMCVLDMKU,PubChem,,43672,eval_set_cav_70,1,55.2%,0.246913582086563
CCCCCCCNC(=O)C12c3ccccc3C(c3ccccc31)C1C(=O)NC(=O)C12,1,UPMMVZTYVHPJGZ-UHFFFAOYSA-N,UPMMVZTYVHPJGZ,PubChem,,155520693,eval_set_cav_60,1,57.0%,0.25
Cc1nnc2sc(C(=O)NCc3ccc(S(=O)(=O)C(F)F)cc3)c(N)c2c1C,1,KNZAIFIZJGFOCI-UHFFFAOYSA-N,KNZAIFIZJGFOCI,PubChem,,89768534,eval_set_cav_70,1,51.7%,0.25
Cc1ccc(CNC[C@H](NC(=O)CNC(=O)c2cc(C(F)(F)F)ccc2N)C(=O)NC(C)(C)C)c(C)c1,1,JJYNUAMIRAIFBQ-NRFANRHFSA-N,JJYNUAMIRAIFBQ,ChEMBL,CHEMBL247245,,eval_set_cav_60,1,65.0%,0.25
CNC1(c2ccccc2Cl)CCCCC1=O,1,YQEZLKZALYSWHR-UHFFFAOYSA-N,YQEZLKZALYSWHR,ChEMBL,CHEMBL742,,eval_set_cav_60,0,68.2%,0.25
C1CN(CC(C1(F)F)OC2=NC=CC3=CC=CC=C32)C(=O)C4=CC=CC=C4N5N=CC=N5,1,RCRZQMQCOBKRAY-UHFFFAOYSA-N,RCRZQMQCOBKRAY,PubChem,134142573,27818110,cav_test.csv,0,50.7%,0.252747267484665
C1CN(CC(C1(F)F)OC2=CC=CC=N2)C(=O)C3=CC=CC=C3N4N=CC=N4,1,MCRVAAHURKFSNP-UHFFFAOYSA-N,MCRVAAHURKFSNP,PubChem,134150272,27818110,cav_test.csv,0,63.5%,0.25301206111908
CC1(C(=O)N(CCN1)CC2=NC3=C(N2)C=C(C(=C3)C(F)(F)F)C(F)(F)F)C,0,AJGPNRUJRONQCG-UHFFFAOYSA-N,AJGPNRUJRONQCG,PubChem,90256635,,cav_test.csv,0,52.8%,0.253731340169907
CC(=O)OC1(C2=CC=CN2C3=C(S1)C(=CC=C3)Cl)C4=CC=CC=C4,1,XKYTWYHHWUGWBX-UHFFFAOYSA-N,XKYTWYHHWUGWBX,PubChem,10641958,9016337,cav_test.csv,1,52.5%,0.253968268632889
COC1=CC(=C(C=C1)C2C3=CC=C(N3C4=CC=CC=C4S2)CN5CCOCC5)OC,1,UAZHCBHXTWVCAF-UHFFFAOYSA-N,UAZHCBHXTWVCAF,PubChem,10717126,9016337,cav_test.csv,1,67.0%,0.255813956260681
O=C(O)c1cc(-c2ccc(C3CCNCC3)cc2)c2ccc(-c3ccc(C(F)(F)F)cc3)cc2c1,0,FOECKIWHCOYYFL-UHFFFAOYSA-N,FOECKIWHCOYYFL,ChEMBL,CHEMBL1800685,,eval_set_cav_60,1,72.5%,0.255813956260681
O=C1NC(=O)C2C1C1(Cl)c3ccccc3C2(Cl)c2ccccc21,0,BKMAOYXRRTVIDE-UHFFFAOYSA-N,BKMAOYXRRTVIDE,PubChem,,155568188,eval_set_cav_60,0,57.5%,0.257142871618271
CC(=O)OC1=C(SC2=CC=CC=C2N3C1CCC3=O)C4=CC=CC=C4,1,DFNIZSUPEXULRD-UHFFFAOYSA-N,DFNIZSUPEXULRD,PubChem,10498127,,cav_test.csv,1,57.0%,0.25806450843811
O=c1cc(O)n(CCc2cccc(Cl)c2)c(=O)n1C1CCNC1,0,LUTGQBXMPMFIKP-UHFFFAOYSA-N,LUTGQBXMPMFIKP,CUPID,CUPID,,cav_test.csv,0,60.5%,0.25806450843811
COC1=CC(=C(C=C1)C2C3=CC=C(N3C4=CC=CC=C4S2)CNCCC5=CC(=C(C=C5)OC)OC)OC,1,TVRYKHLITVVFBH-UHFFFAOYSA-N,TVRYKHLITVVFBH,PubChem,10625705,9016337,cav_test.csv,1,74.5%,0.25842696428299
CN1CCC(=C2c3ccccc3C=Cc3ccccc32)CC1,0,JJCFRYNCJDLXIK-UHFFFAOYSA-N,JJCFRYNCJDLXIK,CUPID,CUPID,,cav_test.csv,0,58.8%,0.259259253740311
CC1CCC(n2c(=O)cc(O)n(CCc3cccc(Cl)c3)c2=O)CC1,0,WDXZOIHDJIWGSX-UHFFFAOYSA-N,WDXZOIHDJIWGSX,CUPID,CUPID,,cav_test.csv,0,51.7%,0.260273963212967
CCNCCc1c(C(=O)NCc2ccccc2OCC(F)(F)F)nn(-c2ccccc2)c1-c1ccccc1,1,PYXDWIWBQXUGPX-UHFFFAOYSA-N,PYXDWIWBQXUGPX,PubChem,,145965861,eval_set_cav_60,1,75.8%,0.26732674241066
O=C1NC(=O)C2C3c4ccccc4C(c4ccc(Cl)cc43)C12,0,UKJJKBLWMYINRP-UHFFFAOYSA-N,UKJJKBLWMYINRP,PubChem,,44563971,eval_set_cav_70,0,54.5%,0.267857134342194
O=c1cc(O)n(C2CCCC2)c(=O)n1C1CCc2ccccc21,0,HJEGXMSQVGGHHP-UHFFFAOYSA-N,HJEGXMSQVGGHHP,CUPID,CUPID,,cav_test.csv,0,53.0%,0.268656730651855
CCCOc1ccc(CCc2nc3cc(-c4c(C)noc4C)ccc3n2CCN2CCOCC2)cc1,1,CGWBJJZOKGZCSJ-UHFFFAOYSA-N,CGWBJJZOKGZCSJ,ChEMBL,CHEMBL3963965,,eval_set_cav_60,1,59.0%,0.268817216157913
CC(=O)c1ccc2c(c1)C1c3ccccc3C2C2C(=O)NC(=O)C12,0,PXQVMOUDEVWYEZ-UHFFFAOYSA-N,PXQVMOUDEVWYEZ,ChEMBL,CHEMBL4443178,,eval_set_cav_70,0,50.2%,0.269230782985687
Cl.O=C(c1cc(S(=O)(=O)Nc2ccccc2F)c(F)cc1Cl)N1CCN2CCC[C@@H]2C1,1,AGPIHNZOZNKRGT-CYBMUJFWSA-N,KZRCYRFDOFTBHY,ChEMBL,CHEMBL3589557,,eval_set_cav_60,1,58.8%,0.270588248968124
CCOc1ccc(Oc2ccc(OCc3cc(F)ccc3F)cc2)c(N)c1,1,YSUBLPUJDOWYDP-UHFFFAOYSA-N,YSUBLPUJDOWYDP,ChEMBL,CHEMBL332214,,eval_set_cav_60,1,50.5%,0.27118644118309
CN1C(=CC(=N1)C(F)(F)F)NC(=O)CN2CCNCC2=O,0,UCKQVNPAMYQNKT-UHFFFAOYSA-N,UCKQVNPAMYQNKT,PubChem,90256814,,cav_test.csv,0,73.5%,0.272727280855179
CN1CCN(CC1)C2=NN=C(C(=C2)C3=CC=NC=C3)C4=CC5=CC=CC=C5C=C4,0,CIIVUDIZZJLXCN-UHFFFAOYSA-N,CIIVUDIZZJLXCN,PubChem,86270361,30978288,cav_test.csv,1,57.0%,0.272727280855179
CN(CCCN1C(SCC1=O)C2=CC(=C(C(=C2)Cl)O)Cl)CCOC3=CC4=C(C=C3)OCO4,1,NIDBQJCROFLCRC-UHFFFAOYSA-N,NIDBQJCROFLCRC,PubChem,10625165,,cav_test.csv,0,58.8%,0.273809522390366
CN1C(=O)CN=C(c2ccccc2)c2cc(Cl)ccc21,0,AAOVKJBEBIDNHE-UHFFFAOYSA-N,AAOVKJBEBIDNHE,ChEMBL,CHEMBL12,,eval_set_cav_60,0,65.8%,0.274193555116653
C[C@@H]1CN([C@@H](CN1)CC2=CC=CC=C2)C(C3=CC=CC=C3)C4=CC=CC=C4,1,YMPROSRVUQJLNK-HYBUGGRVSA-N,YMPROSRVUQJLNK,PubChem,73345858,23639535,cav_test.csv,1,56.5%,0.275862067937851
CC(=O)Nc1ccc2c(c1)C1c3ccccc3C2C2C(=O)NC(=O)C12,0,GUUBZYJUXOVCNT-UHFFFAOYSA-N,GUUBZYJUXOVCNT,ChEMBL,CHEMBL4577064,,eval_set_cav_70,1,50.2%,0.277777791023254
Cl.Cl.O=c1c2cc(Cl)ccc2oc2ccc(CN3CCN(CCOCCO)CC3)cc12,1,LWOOQIZOYDLTJU-UHFFFAOYSA-N,RSWCRQQSEYRTAG,ChEMBL,CHEMBL4471059,,eval_set_cav_60,0,58.0%,0.279411762952805
NC(=O)c1ncn([C@@H]2O[C@H](CO)[C@@H](O)[C@H]2O)n1,0,IWUCXVSUMQZMFG-AFCXAGJDSA-N,IWUCXVSUMQZMFG,ChEMBL,CHEMBL1643,,eval_set_cav_60,0,99.0%,0.280701756477356
CCOC1=CC=C(C=C1)N2C(=C3C(=NN=C(C3=C2C)NC)C)C,1,FASKULMRUUGIHB-UHFFFAOYSA-N,FASKULMRUUGIHB,PubChem,10380703,16321528,cav_test.csv,0,53.5%,0.280701756477356
O=c1cc(O)n(C2CCCC2)c(=O)n1CCCc1ccccc1,0,FPRTYLILBQKHOK-UHFFFAOYSA-N,FPRTYLILBQKHOK,CUPID,CUPID,,cav_test.csv,0,75.0%,0.283783793449402
CCC(=O)N(c1ccccc1)C1(C(=O)OC)CCN(CCC(=O)OC)CC1,0,ZTVQQQVZCWLTDF-UHFFFAOYSA-N,ZTVQQQVZCWLTDF,ChEMBL,CHEMBL1005,,eval_set_cav_60,0,53.8%,0.28571429848671
Cc1ccc(C(C)C)cc1O,0,RECUKUPTGUEGMW-UHFFFAOYSA-N,RECUKUPTGUEGMW,ChEMBL,CHEMBL281202,,eval_set_cav_60,0,61.5%,0.28571429848671
CCN(CC)CC(=O)N1C[C@@H](c2ccc(Cl)cc2)Sc2ccccc21,0,LAAWZJIRZCHDIM-IBGZPJMESA-N,LAAWZJIRZCHDIM,ChEMBL,CHEMBL3638035,,eval_set_cav_60,1,69.2%,0.289473682641983
C1=CC(=CC=C1CCSC(=N)N)OCC2=CC=C(C=C2)[N+](=O)[O-],1,UMJUNUMSJDTYTM-UHFFFAOYSA-N,UMJUNUMSJDTYTM,PubChem,4534086,,cav_test.csv,0,52.0%,0.290322571992874
O=C1NCN(c2ccccc2)C12CCN(Cc1cc3c(cc1Cl)OCO3)CC2,1,QATNQFJQXRFOHL-UHFFFAOYSA-N,QATNQFJQXRFOHL,ChEMBL,CHEMBL115652,,eval_set_cav_60,0,61.3%,0.290697664022446
Cc1ccc2nc(O)n(C3CCN(Cc4cc5c(cc4Cl)OCO5)CC3)c2c1,1,PAJSQNJPMJTKTN-UHFFFAOYSA-N,PAJSQNJPMJTKTN,ChEMBL,CHEMBL420863,,eval_set_cav_70,0,51.7%,0.291666656732559
O=C(N1CCS(=O)(=O)CC1)N1C[C@H](c2ccc(OC(F)(F)F)cc2)C[C@H](c2nc(C3CC3)no2)C1,0,RNQODBQYMXYMCT-SJORKVTESA-N,RNQODBQYMXYMCT,ChEMBL,CHEMBL4630644,,eval_set_cav_60,1,60.0%,0.292134821414948
COC1=CC=C(C=C1)C2=C(C3=CC=CN3C4=CC=CC=C4S2)OC(=O)C5=CC(=C(C(=C5)OC)OC)OC,0,XWDHBAKLQDYMCG-UHFFFAOYSA-N,XWDHBAKLQDYMCG,PubChem,14743217,8709127,cav_test.csv,1,59.8%,0.29268291592598
COc1ccc([C@H](CN(C)C)[Si]2(O)CCCCC2)cc1,1,KIXBFSFRCBHKLN-INIZCTEOSA-N,KIXBFSFRCBHKLN,ChEMBL,CHEMBL427215,,eval_set_cav_60,0,71.5%,0.293103456497192
Clc1ccccc1CCN1CCN(c2[nH]nc3c2CCc2ccccc2-3)CC1,1,DBPSAINLCKSSJL-UHFFFAOYSA-N,DBPSAINLCKSSJL,ChEMBL,CHEMBL422314,,eval_set_cav_60,1,51.5%,0.294117659330368
CC(=O)OC1=C(SC2=C(C=C(C=C2)Cl)N3C1=CC=C3)C4=CC=C(C=C4)OC,1,QPEMGAPGYJWSBS-UHFFFAOYSA-N,QPEMGAPGYJWSBS,PubChem,10408532,8709127,cav_test.csv,1,56.5%,0.294117659330368
CCCCCCOC(=O)[C@H](CCC(=O)NCCC1CCN(Cc2ccccc2)CC1)NC(=O)c1ccccc1,0,XFEJPTLRXOZZDA-LJAQVGFWSA-N,XFEJPTLRXOZZDA,PubChem,,44550725,eval_set_cav_60,0,51.0%,0.294117659330368
COc1ccccc1CN[C@H]1C2CCN(CC2)[C@H]1C(c1ccccc1)c1ccccc1,1,FLNYLINBEZROPL-NSOVKSMOSA-N,FLNYLINBEZROPL,ChEMBL,CHEMBL16192,,eval_set_cav_70,1,55.0%,0.296875
O=C1NCN(c2ccccc2)C12CCN(Cc1cccc(Oc3ccccc3)c1)CC2,1,SKVXOYIMICHFPV-UHFFFAOYSA-N,SKVXOYIMICHFPV,PubChem,,11811722,eval_set_cav_60,1,54.0%,0.297619044780731
CN(C)CC1=CC=C2N1C3=CC=CC=C3SC2C4=CC=CC=C4,1,FDBYIIBXPLWFTK-UHFFFAOYSA-N,FDBYIIBXPLWFTK,PubChem,10758070,,cav_test.csv,1,53.0%,0.300000011920929
CC(C)(C)C1=CC(=CC(=C1O)C(C)(C)C)C2N(C(=O)CS2)CCCN(C)CC3=CC(=C(C=C3)OC)OC,1,AENYUXFGNVUDBE-UHFFFAOYSA-N,AENYUXFGNVUDBE,PubChem,10649855,9784106,cav_test.csv,1,85.5%,0.300000011920929
C1CN(CC(C1(F)F)OC2=NC=C(C=C2)C(F)(F)F)C(=O)C3=CC=CC=C3N4N=CC=N4,1,STOAHUPMLALESQ-UHFFFAOYSA-N,STOAHUPMLALESQ,PubChem,90286502,27818110,cav_test.csv,0,50.0%,0.304347813129425
CC(C)[C@H](C1=CC=C(C=C1)F)NC(=O)CC2CCN(CC2)CCC3=C(C(=CC=C3)F)OCCOC,1,VVKYNFFWKQUGFK-HHHXNRCGSA-N,VVKYNFFWKQUGFK,PubChem,56931168,,cav_test.csv,1,55.8%,0.304347813129425
CCOC1=CC=C(C=C1)N2C(=C3C(=NN=C(C3=C2C)C)C)C,1,PNNKFYQBFUGYEX-UHFFFAOYSA-N,PNNKFYQBFUGYEX,PubChem,715493,15080973,cav_test.csv,0,55.0%,0.306122452020645
CCOC(=O)CC[C@H](NC(=O)OCc1ccccc1)C(=O)NCCC1CCN(Cc2ccccc2)CC1,0,TXMSSTXNRQZQDT-SANMLTNESA-N,TXMSSTXNRQZQDT,ChEMBL,CHEMBL4067388,,eval_set_cav_60,0,54.5%,0.308641970157623
CN(C)C(=O)OC1=C(SC2=CC=CC=C2N3C1=CC=C3)C4=CC=C(C=C4)OC,0,RGAJIKNGJBAVQP-UHFFFAOYSA-N,RGAJIKNGJBAVQP,PubChem,1785,8709127,cav_test.csv,1,63.2%,0.311688303947449
CCCN1CCCCC1C(=O)Nc1c(C)cccc1C,0,ZKMNUMMKYBVTFN-UHFFFAOYSA-N,ZKMNUMMKYBVTFN,CUPID,CUPID,,cav_test.csv,0,80.2%,0.313432842493057
CN(C)CCC(c1ccc(Cl)c(Cl)c1)N1CCOCC1,1,KEGBICCDHKITSP-UHFFFAOYSA-N,KEGBICCDHKITSP,ChEMBL,CHEMBL3334797,,eval_set_cav_60,0,72.5%,0.316666662693024
COc1ccc(CN2CCN(C(=O)CCn3cc(C)c4ccccc43)CC2)cc1OCc1ccccc1,1,RXWYCJKVGBGHNC-UHFFFAOYSA-N,RXWYCJKVGBGHNC,PubChem,,10874724,eval_set_cav_60,1,63.2%,0.323943674564362
CCOC(=O)C1=C(C)N=C(C)C(C(=O)OC(C)c2ccccc2)C1c1csc(-c2ccc(Cl)cc2)n1,0,AIWNUVKKORMWGK-UHFFFAOYSA-N,AIWNUVKKORMWGK,CUPID,CUPID,,cav_test.csv,1,94.8%,0.323943674564362
C=CCc1ccc(O)c(OC)c1,0,RRAFCDWBNXTKKO-UHFFFAOYSA-N,RRAFCDWBNXTKKO,ChEMBL,CHEMBL42710,,eval_set_cav_60,0,72.5%,0.327272713184357
Cc1ccc(CN2CCC(n3c(O)nc4ccccc43)CC2)c(Cl)c1,1,KTQASNDGWLUTPN-UHFFFAOYSA-N,KTQASNDGWLUTPN,ChEMBL,CHEMBL114484,,eval_set_cav_70,1,51.2%,0.333333343267441
CC(CCC(C1=CC=CC=C1)(C2=CC=CC=C2)O)(C3=CC(=C(C=C3)O)CN4CCCCCC4)C5=CC(=C(C=C5)O)CN6CCCCCC6,1,UFNFPRCIIMCYDD-UHFFFAOYSA-N,UFNFPRCIIMCYDD,PubChem,9875854,10476885,cav_test.csv,1,66.0%,0.338709682226181
O=C(CN1CCCC1)NN1c2ccccc2Sc2cc(Cl)ccc21,1,LLYYMSFSWPNTPP-UHFFFAOYSA-N,LLYYMSFSWPNTPP,ChEMBL,CHEMBL1938460,,eval_set_cav_60,1,64.5%,0.344262301921845
CCN(CC)CC(=O)Nc1c(C)cccc1C,0,NNJVILVZKWQKPM-UHFFFAOYSA-N,NNJVILVZKWQKPM,CUPID,CUPID,,cav_test.csv,0,82.8%,0.344827592372894
CC(C)(C)NC(=O)CN1CC(C1)CC2=NC3=C(C=C(C=C3N2)C(F)(F)F)C(F)(F)F,1,KUPRRUQAZUUGQL-UHFFFAOYSA-N,KUPRRUQAZUUGQL,PubChem,90256520,,cav_test.csv,1,67.0%,0.346666663885117
CC(CCCN(CC1=CC=CC=C1)CC2=CC=CC=C2)(C3=CC(=C(C=C3)O)CN4CCCCCC4)C5=CC(=C(C=C5)O)CN6CCCCCC6,1,UEIMMISDNLYGEC-UHFFFAOYSA-N,UEIMMISDNLYGEC,PubChem,23293552,10476885,cav_test.csv,1,63.5%,0.348484843969345
Cc1ccc(C(C)C)c(O)c1,0,MGSRCZKZVOBKFT-UHFFFAOYSA-N,MGSRCZKZVOBKFT,PubChem,,6989,eval_set_cav_60,0,58.0%,0.357142865657806
COc1cc(CCC(C)=O)ccc1O,0,OJYLAHXKWMRDGS-UHFFFAOYSA-N,OJYLAHXKWMRDGS,ChEMBL,CHEMBL25894,,eval_set_cav_60,0,80.0%,0.363636374473572
COC1=CC=C(C=C1)C2C3=CC=CN3C4=CC=CC=C4S2,1,YMIXJSCCOUOPPZ-UHFFFAOYSA-N,YMIXJSCCOUOPPZ,PubChem,10541761,7473567,cav_test.csv,0,60.0%,0.363636374473572
CN(C)Cc1c[nH]c2ccccc12,0,OCDGBSUVYYVKQZ-UHFFFAOYSA-N,OCDGBSUVYYVKQZ,ChEMBL,CHEMBL254348,,eval_set_cav_70,0,77.2%,0.380952388048172
CN(C)CCN1C(=O)c2ccccc2N(C)c2ccccc21,0,QPGGEKPRGVJKQB-UHFFFAOYSA-N,QPGGEKPRGVJKQB,CUPID,CUPID,,cav_test.csv,1,55.5%,0.386363625526428
C=CCO/C(O)=C1\C(C)=NC(SCC)=C(C#N)C1c1ccc(Cl)cc1,1,IQMVJFVQLOPOGH-KNTRCKAVSA-N,IQMVJFVQLOPOGH,ChEMBL,CHEMBL1588859,,eval_set_cav_60,1,77.5%,0.388888895511627
C1=CC=C(C=C1)CN2C=CC(=N2)NC(=O)CC3=CC(=CC=C3)Cl,1,XZTPJUXNDXSIRK-UHFFFAOYSA-N,XZTPJUXNDXSIRK,PubChem,145965046,29116786,cav_test.csv,0,50.5%,0.391891896724701
OC1(CCCc2ccc(-c3nn[nH]n3)cc2)CCN(C[C@H]2CN(CC3CCCCC3)C[C@@H]2c2ccccc2)CC1,1,MYTRYQKUDUGKTA-IOWSJCHKSA-N,MYTRYQKUDUGKTA,PubChem,,10414981,eval_set_cav_60,1,59.2%,0.395348846912384
CN(C)c1ccc(CC(=O)Nc2ccn(Cc3ccc(F)c(F)c3)n2)cc1,1,KPGSICCPLOYMLZ-UHFFFAOYSA-N,KPGSICCPLOYMLZ,PubChem,,118560409,eval_set_cav_60,0,55.8%,0.400000005960465
CC1=C(C(C(=C(N1)CSC2=CC=CC=C2)C(=O)OCCC#N)C3=CC=CC=C3C(F)(F)F)C#N,1,FQPLFVMNPNQAGU-UHFFFAOYSA-N,FQPLFVMNPNQAGU,PubChem,15050294,2066997,cav_test.csv,1,84.8%,0.410256415605545
CC(=O)CC1C(CC2=C(C=CC(=C2)C(F)(F)F)N(C1=O)CCN(C)C)C3=CC=C(C=C3)OC,1,VBQCTFVNGZBNTP-UHFFFAOYSA-N,VBQCTFVNGZBNTP,PubChem,14257330,1311765,cav_test.csv,1,78.8%,0.412499994039536
Cc1ccc2[nH]cc(CN(C)C)c2c1,0,GXCDTJAVATWRFZ-UHFFFAOYSA-N,GXCDTJAVATWRFZ,ChEMBL,CHEMBL4584108,,eval_set_cav_70,0,79.8%,0.413043469190598
CC1=C(C(=O)OCCCCCCCCCC[N+](C)(C)C)C(c2cccc3nonc23)C(C(=O)OC(C)C)=C(C)N1,1,MPZILEAILJCTEU-UHFFFAOYSA-O,MPZILEAILJCTEU,ChEMBL,CHEMBL3436049,,eval_set_cav_70,1,66.5%,0.415584415197372
CCOC(=O)[C@H]\1[C@@H](C(=C(N/C1=C\C(=O)C2=CC=CC=C2)C)[N+](=O)[O-])C3=CC=CC=C3C(F)(F)F,1,FTKNLMRIUGWKMG-YKVCFYRQSA-N,FTKNLMRIUGWKMG,PubChem,44290214,2840504,cav_test.csv,1,89.0%,0.416666656732559
C[C@]12CC[C@@H]3c4ccc(O)cc4CC[C@H]3[C@@H]1CC[C@@H]2O,0,VOXZDWNPVJITMN-ZBRFXRBCSA-N,VOXZDWNPVJITMN,PubChem,,5757,eval_set_cav_70,1,56.8%,0.41818180680275
CN(C)Cc1c[nH]c2ccc(Br)cc12,0,FSERHDPEOFYMMK-UHFFFAOYSA-N,FSERHDPEOFYMMK,ChEMBL,CHEMBL1253697,,eval_set_cav_70,0,80.0%,0.425531923770905
CN(C)CC1=CC=C2N1C3=CC=CC=C3SC2C4=CC=C(C=C4)OC,1,TYMAXGQYKWRKGX-UHFFFAOYSA-N,TYMAXGQYKWRKGX,PubChem,10760342,9016337,cav_test.csv,1,64.2%,0.426470577716827
CC(C)(C)NC(=O)C(c1ccccn1)n1ccc2cc(C(C)(C)C(=O)NC(C)(C)C)ccc21,1,WBRMXFKTCZLINW-UHFFFAOYSA-N,WBRMXFKTCZLINW,ChEMBL,CHEMBL1643739,,eval_set_cav_60,1,86.5%,0.432835817337036
COC(=O)C1C(C(C)C)=NC(=O)NC1c1cccc([N+](=O)[O-])c1,0,GHYAPWMBHNILQF-UHFFFAOYSA-N,GHYAPWMBHNILQF,CUPID,CUPID,,cav_test.csv,1,67.5%,0.441176474094391
CC(C)[C@H](C(=O)O)N1C[C@H](CN2CCC(c3ccc(F)cc3)CC2)[C@@H](c2ccccc2)C1,1,AIEWGCAUTFKWHF-SKBVVQJISA-N,AIEWGCAUTFKWHF,ChEMBL,CHEMBL322693,,eval_set_cav_70,1,71.2%,0.444444447755814
CC(C)[C@H](C1=CC=C(C=C1)F)NC(=O)NC2CCN(CC2)CCC3=CC=CC=C3,1,DYGPHHIMORZMIH-HSZRJFAPSA-N,DYGPHHIMORZMIH,PubChem,56930892,,cav_test.csv,0,50.2%,0.44594594836235
CN(C)CCN1C2=CC=CC=C2CC(C(C1=O)CC=C)C3=CC=C(C=C3)OC,1,ZKDCTJVGBODVRR-UHFFFAOYSA-N,ZKDCTJVGBODVRR,PubChem,15612147,1311765,cav_test.csv,1,68.8%,0.452054798603058
c1ccc2c(CN3CCCCC3)c[nH]c2c1,0,HPKXPFRRVVWAPD-UHFFFAOYSA-N,HPKXPFRRVVWAPD,ChEMBL,CHEMBL57535,,eval_set_cav_70,0,82.0%,0.454545468091965
COC(=O)C1=C(C)N(CCN(C)C)c2ccccc2SC1c1cccc([N+](=O)[O-])c1,1,JTOAMNKQXXGKQO-UHFFFAOYSA-N,JTOAMNKQXXGKQO,ChEMBL,CHEMBL345843,,eval_set_cav_60,1,82.2%,0.455696195363998
CCNC[C@]1(Cc2nnn[nH]2)C[C@H]2CC(CC)=C[C@H]21,1,VNSNLAKASFDGRH-YRGRVCCFSA-N,VNSNLAKASFDGRH,BindingDB,,,eval_set_cav_60,1,62.0%,0.46551725268364
CC1=C(C(C(=C(N1)C)C(=O)OCCCCCCCCCCCCCCCC[N+](C)(C)C)C2=CC=CC=C2C(F)(F)F)C(=O)OC,1,IKCOPTIVXBNSMS-UHFFFAOYSA-O,IKCOPTIVXBNSMS,PubChem,10100618,8246246,cav_test.csv,1,56.2%,0.46551725268364
COC(=O)C1=C(C)NC(C)=C(C(=O)OC(C)C)C1c1cccc2nonc12,1,HMJIYCCIJYRONP-UHFFFAOYSA-N,HMJIYCCIJYRONP,PubChem,,3784,eval_set_cav_70,1,90.8%,0.481481492519379
CC1=NC(=S)NC(c2cccc([N+](=O)[O-])c2)C1C(=O)OC(C)C,0,TZMYRDILZSQPJW-UHFFFAOYSA-N,TZMYRDILZSQPJW,CUPID,CUPID,,cav_test.csv,1,85.8%,0.485294103622437
Brc1ccc2[nH]cc(CN3CCCCC3)c2c1,0,MGUTUCDTXIZGTH-UHFFFAOYSA-N,MGUTUCDTXIZGTH,ChEMBL,CHEMBL4558243,,eval_set_cav_70,0,81.5%,0.489795923233032
CCOC(=O)C1=C(C)NC(=S)NC1c1cccc(O)c1,0,LOBCDGHHHHGHFA-UHFFFAOYSA-N,LOBCDGHHHHGHFA,ChEMBL,CHEMBL236789,,eval_set_cav_60,0,54.5%,0.490566045045853
COC(=O)C1=C(C)NC(SC)=NC1c1ccccc1SC,1,ICYWRBHDRZSYQC-UHFFFAOYSA-N,ICYWRBHDRZSYQC,PubChem,,44459189,eval_set_cav_70,1,53.5%,0.490909099578857
CCOC(=O)C1=C(NC(=C(C1C2=CC=CC=C2C(F)(F)F)C(=O)OCC)CSC3=CC=CC=N3)C,1,UZYNAZUAXOBAEL-UHFFFAOYSA-N,UZYNAZUAXOBAEL,PubChem,15050318,2066997,cav_test.csv,1,88.5%,0.493333339691162
Cc1ccc2[nH]cc(CN3CCCCC3)c2c1,0,PHCFFMPFQZYYSC-UHFFFAOYSA-N,PHCFFMPFQZYYSC,ChEMBL,CHEMBL4588029,,eval_set_cav_70,0,80.0%,0.5
CCOC(=O)[C@H]\1[C@@H](C(=C(N/C1=C\C(=O)C2=CC=C(C=C2)Cl)C)C(=O)OCC)C3=CC=CC=C3C(F)(F)F,1,WCJTVFLWDCUPOI-IILLLQGVSA-N,WCJTVFLWDCUPOI,PubChem,44290370,2840504,cav_test.csv,1,97.5%,0.5
CCOC(=O)C1=C(NC(=C(C1C2=CC=CC=C2C(F)(F)F)C(=O)OCC)CSC3=CC=NC=C3)C,1,OMVGYVKRPXTXMZ-UHFFFAOYSA-N,OMVGYVKRPXTXMZ,PubChem,15050316,2066997,cav_test.csv,1,88.8%,0.5
CCOC(=O)[C@H]\1[C@@H](C(=C(N/C1=C\C(=O)C2=CC=NC=C2)C)C(=O)OCC)C3=CC=CC=C3C(F)(F)F,1,GDKVFMHRFGTBGY-AARRXVBRSA-N,GDKVFMHRFGTBGY,PubChem,44290140,2840504,cav_test.csv,1,87.2%,0.507462680339813
COC(=O)C1=C(C)N=C(SC)NC1c1cccc([N+](=O)[O-])c1,1,MVPKEMFRHCJQBS-UHFFFAOYSA-N,MVPKEMFRHCJQBS,ChEMBL,CHEMBL282279,,eval_set_cav_60,1,62.0%,0.507692337036133
CC1=C(C(C(=C(N1)C(OC)OC)C(=O)OC/C=C/C2=CC=C(C=C2)F)C3=CC(=CC=C3)Cl)C(=O)O,1,OWYKGAZERKKVPX-AATRIKPKSA-N,OWYKGAZERKKVPX,PubChem,44562332,18684623,cav_test.csv,1,80.5%,0.514705896377564
CO/C(O)=C1\C(C)=Nc2ccccc2SC1c1cccc([N+](=O)[O-])c1,1,VZLQGKDGWRSDGQ-FBMGVBCBSA-N,VZLQGKDGWRSDGQ,ChEMBL,CHEMBL158853,,eval_set_cav_60,1,69.2%,0.514705896377564
CCCCOC(=O)C1=C(NC(=C(C1C2=CC=CC=C2C(F)(F)F)C(=O)OC)C)C,1,NMUVIUSWLTWQPR-UHFFFAOYSA-N,NMUVIUSWLTWQPR,PubChem,9978970,8246246,cav_test.csv,1,93.0%,0.518518507480621
CCOC(=O)c1c(C)nc(C)c(C(=O)OCC)c1-c1c(-c2ccccc2)noc1C,1,YAJHDFKCHQMQDM-UHFFFAOYSA-N,YAJHDFKCHQMQDM,ChEMBL,CHEMBL4067399,,eval_set_cav_60,1,78.8%,0.527272701263428
Cc1cc(C)cc(COC[C@H](C(c2ccccc2)c2ccccc2)N(C)C)c1,1,KYAGVGRXHALGSE-RUZDIDTESA-N,KYAGVGRXHALGSE,ChEMBL,CHEMBL56427,,eval_set_cav_60,1,62.3%,0.529411792755127
COC(=O)C1=C(C)NC(SC)=NC1c1cccc([N+](=O)[O-])c1SC,1,KMFKCFMOHRCDDA-UHFFFAOYSA-N,KMFKCFMOHRCDDA,PubChem,,15758671,eval_set_cav_70,1,81.0%,0.535714268684387
CCCN1C(S)=NC(C)=C(C(=O)OCC)C1c1cccc([N+](=O)[O-])c1,1,NMUYSGNBSUTZOC-UHFFFAOYSA-N,NMUYSGNBSUTZOC,ChEMBL,CHEMBL261982,,eval_set_cav_70,1,88.2%,0.538461565971375
CCC1=C[C@@H]2[C@H](C1)C[C@]2(CN)Cc1nc(=O)o[nH]1,1,ZTKAJVXFDWQBSJ-GIPNMCIBSA-N,ZTKAJVXFDWQBSJ,BindingDB,,,eval_set_cav_60,1,54.8%,0.545454561710358
CC1=C(C(C(=C(N1)C(OC)OC)C(=O)OC/C=C/C2=CC=CC=C2)C3=CC(=CC=C3)Cl)C(=O)O,1,DYCQZLTXFOLEKQ-DHZHZOJOSA-N,DYCQZLTXFOLEKQ,PubChem,22949282,21514827,cav_test.csv,1,83.2%,0.546875
CCOC(=O)/C=C\1/C(C(C(=C(N1)C)C(=O)OCC)C2=CC=CC=C2C(F)(F)F)C(=O)OCC,1,ZZEQABVQAKTWOG-VBKFSLOCSA-N,ZZEQABVQAKTWOG,PubChem,14364304,2840504,cav_test.csv,1,97.8%,0.548387110233307
CCOC(=O)C1=C(C)NC(SC)=NC1c1ccccc1C(F)(F)F,1,HKWBTRNGUFFCKG-UHFFFAOYSA-N,HKWBTRNGUFFCKG,ChEMBL,CHEMBL3392285,,eval_set_cav_60,1,81.5%,0.550000011920929
C=CCOC(=O)C1=C(C)NC(C)=C(C(=O)OCC=C)C1/C=C/c1ccccc1OC,1,OSJGPDPQZVCQTN-OUKQBFOZSA-N,OSJGPDPQZVCQTN,ChEMBL,CHEMBL1814701,,eval_set_cav_60,1,95.2%,0.553571403026581
C=CCOC(=O)C1=C(C)NC(SC)=C(C#N)C1c1ccc(Cl)cc1,1,NZRBLOSRZNKWLW-UHFFFAOYSA-N,NZRBLOSRZNKWLW,ChEMBL,CHEMBL2063843,,eval_set_cav_70,1,74.5%,0.553571403026581
COC(=O)C1=C(C)N=C(C)/C(=C(/O)OC)C1c1c(F)cccc1Cl,1,KBVQWNQUDGWFCF-FOWTUZBSSA-N,KBVQWNQUDGWFCF,ChEMBL,CHEMBL288883,,eval_set_cav_70,1,93.5%,0.555555582046509
C#CCN1C2C3C4CC5C6C4C2C6C1(O)C53,1,YYWNSTKWZKEJAS-UHFFFAOYSA-N,YYWNSTKWZKEJAS,ChEMBL,CHEMBL3263485,,eval_set_cav_60,1,52.8%,0.555555582046509
CC1=C(C(SC2=CC=CC=C2N1)C3=CC(=CC=C3)[N+](=O)[O-])C(=O)OC,1,ZFFNFBMBLAAUBL-UHFFFAOYSA-N,ZFFNFBMBLAAUBL,PubChem,13763163,2435903,cav_test.csv,1,71.8%,0.566666662693024
COc1ccc(C(=O)OC2C(C(=O)OCc3ccccc3)=C(C)NC(C)=C2C(=O)OCc2ccccc2)cc1OC,1,GCBJSFIGGZEBLR-UHFFFAOYSA-N,GCBJSFIGGZEBLR,ChEMBL,CHEMBL2063811,,eval_set_cav_60,1,83.0%,0.568965494632721
COC(=O)C1=C(C)NC(SC)=NC1c1cc([N+](=O)[O-])ccc1SC,1,ZEHBIHWWQHGKFZ-UHFFFAOYSA-N,ZEHBIHWWQHGKFZ,PubChem,,44459191,eval_set_cav_70,1,80.8%,0.571428596973419
CCC1=C(C(C(=C(N1)C)C(=O)O)C2=CC(=CC=C2)Cl)C(=O)OC/C=C/C3=CC=CC=C3,1,PFYXLKJEPSKGSK-DHZHZOJOSA-N,PFYXLKJEPSKGSK,PubChem,22949283,18684623,cav_test.csv,1,88.0%,0.573770463466644
COC(=O)C1=C(C)N(c2ccc(N(C)C)cc2)C(C)=C(C(=O)OC)C1c1ccc(Cl)cc1,1,IQSPLOPHNWOJRK-UHFFFAOYSA-N,IQSPLOPHNWOJRK,ChEMBL,CHEMBL2063632,,eval_set_cav_60,1,97.2%,0.574468076229096
CCOC(=O)C1=C(C)N(c2ccc(OC)cc2)C(C)=C(C(=O)OCC)C1c1ccccc1,1,INNKVSIPMKSCPE-UHFFFAOYSA-N,INNKVSIPMKSCPE,ChEMBL,CHEMBL2063631,,eval_set_cav_60,1,96.8%,0.574468076229096
CCOC(=O)C1=C(NC(=C(C1C2=C(C(=CC=C2)[N+](=O)[O-])SC)C(=O)OCC)C)C,1,WDNUOVJKQOKDLD-UHFFFAOYSA-N,WDNUOVJKQOKDLD,PubChem,13755646,2435904,cav_test.csv,1,98.2%,0.576923072338104
CC1=C(C(C(=C(N1)C)C(=O)OCCN2C(=O)C3=CC=CC=C3S2(=O)=O)C4=CC=CC=C4Cl)C(=O)OC,1,GXBTXARRJIXOAZ-UHFFFAOYSA-N,GXBTXARRJIXOAZ,PubChem,15041276,1377748,cav_test.csv,1,85.5%,0.578947365283966
CC1=CC=C(O1)C2C(=C(NC(=C2C(=O)OC)C)C)C(=O)OC,0,QFBBWNBTECTMDL-UHFFFAOYSA-N,QFBBWNBTECTMDL,PubChem,698276,19880323,cav_test.csv,1,76.2%,0.583333313465118
Cc1cc(C)cc(-c2cc3cc(OC(F)(F)F)ccc3n2CC(C)O)c1,1,LEPSNUKXKULMID-UHFFFAOYSA-N,LEPSNUKXKULMID,ChEMBL,CHEMBL1643715,,eval_set_cav_70,1,70.2%,0.586206912994385
CCOc1ccc(CCNC(=O)N2CCN(CCCC(c3ccc(F)cc3)c3ccc(F)cc3)CC2)cc1,1,NFBNIRNKYJTDIE-UHFFFAOYSA-N,NFBNIRNKYJTDIE,PubChem,,10907460,eval_set_cav_70,1,79.5%,0.590163946151733
CCOC(=O)C1=C(C)N=C(C)/C(=C(/O)OCC)C1c1cccc([N+](=O)[O-])c1SC,1,HRPHTZYJZLXWIU-XDJHFCHBSA-N,HRPHTZYJZLXWIU,ChEMBL,CHEMBL159854,,eval_set_cav_70,1,98.5%,0.590909063816071
COC(=O)C1=C(C)N=C(C)/C(=C(/O)OC)C1c1cccc(Cl)c1,1,CVMLRZLTFZHPGP-DTQAZKPQSA-N,CVMLRZLTFZHPGP,ChEMBL,CHEMBL38597,,eval_set_cav_70,1,96.2%,0.593220353126526
COc1ccccc1-n1nc(OCC2C(C)(C)OC2(C)C)cc1-c1ccc(Cl)cc1,1,GTVKXVAXHKIMQX-UHFFFAOYSA-N,GTVKXVAXHKIMQX,PubChem,,73294919,eval_set_cav_60,1,90.2%,0.59375
CC1=C(C(C(=C(N1)C)C(=O)OC/C=C/C2=CC=CC=C2)C3=CC=CC=C3[N+](=O)[O-])C(=O)O,1,PYUWWHKVVHBRFI-DHZHZOJOSA-N,PYUWWHKVVHBRFI,PubChem,22949289,16309909,cav_test.csv,1,90.2%,0.600000023841858
N[C@H](COCc1cc(C(F)(F)F)cc(C(F)(F)F)c1)c1ccccc1,1,UYZIPLMTFSGKAJ-OAHLLOKOSA-N,UYZIPLMTFSGKAJ,ChEMBL,CHEMBL92818,,eval_set_cav_70,1,71.0%,0.604166686534882
COC(=O)C1=C(C)N(C)C(C)=C(C(=O)OC)C1c1ccc(-c2ccccc2)cc1,1,KDYRDHHZIJSBLT-UHFFFAOYSA-N,KDYRDHHZIJSBLT,ChEMBL,CHEMBL2063805,,eval_set_cav_70,1,90.5%,0.604651153087616
CO/C(O)=C1\C(C)=NC(C)=C([N+](=O)[O-])[C@H]1c1ccccc1C(F)(F)F,1,YTMCTWONBYRCCU-UESPBHMZSA-N,YTMCTWONBYRCCU,ChEMBL,CHEMBL283013,,eval_set_cav_70,1,76.5%,0.606557369232178
CN(CC(N)=O)[C@H](COCc1cc(C(F)(F)F)cc(C(F)(F)F)c1)c1ccccc1,1,YVLZVIUUVUBKNC-QGZVFWFLSA-N,YVLZVIUUVUBKNC,ChEMBL,CHEMBL327765,,eval_set_cav_70,1,80.2%,0.607142865657806
COC(=O)C1=C(C)NC(C)=C([N+](=O)[O-])[C@H]1c1ccccc1C(F)(F)F,1,ZFLWDHHVRRZMEI-ZDUSSCGKSA-N,ZFLWDHHVRRZMEI,PubChem,,6603728,eval_set_cav_70,1,78.0%,0.607843160629273
COC(=O)C1=CNC=C(C(=O)OC)C1c1ccccc1Cl,1,OXIGQRYDADOYEB-UHFFFAOYSA-N,OXIGQRYDADOYEB,ChEMBL,CHEMBL1324955,,eval_set_cav_70,1,53.0%,0.609756112098694
CCOC(=O)C1=C(C)NC(C)=C(C(=O)OCC)C1c1c(F)c(F)c(F)c(F)c1F,1,QABNLWXKUCMDBP-UHFFFAOYSA-N,QABNLWXKUCMDBP,ChEMBL,CHEMBL1516111,,eval_set_cav_70,1,72.2%,0.615384638309479
COC(=O)C1=CNC=C(C(=O)OC)C1c1ccc(Cl)c(Cl)c1,1,FTUDAMYKRYOOIG-UHFFFAOYSA-N,FTUDAMYKRYOOIG,ChEMBL,CHEMBL602780,,eval_set_cav_70,1,53.0%,0.61904764175415
CCOC(=O)C1=C(C)NC(C)=C(C(=O)OC)C1c1ccc(C)o1,1,AARJIBDJVXSJTN-UHFFFAOYSA-N,AARJIBDJVXSJTN,ChEMBL,CHEMBL2063639,,eval_set_cav_70,1,82.8%,0.622222244739533
CCOC(=O)C1=C(C)NC(SC)=C(C#N)C1c1ccccc1,1,MWAFUYZPEXGPIM-UHFFFAOYSA-N,MWAFUYZPEXGPIM,ChEMBL,CHEMBL2063846,,eval_set_cav_70,1,61.8%,0.630434811115265
C#CCn1cc(CN(C)C)c2cc(Br)cnc21,0,CAMFVAOSQPCIGG-UHFFFAOYSA-N,CAMFVAOSQPCIGG,ChEMBL,CHEMBL4287669,,eval_set_cav_70,0,91.5%,0.632653057575226
CCCCn1cc(CN(C)C)c2cc(Br)cnc21,0,OKZPEMQFOIRSPK-UHFFFAOYSA-N,OKZPEMQFOIRSPK,ChEMBL,CHEMBL4279347,,eval_set_cav_70,0,91.5%,0.632653057575226
Cc1cc(C)cc(-c2cc3cc(C(=O)NC(C)(C)C)ccc3n2CC(C)O)c1,1,CELTXAXVXKSEGR-UHFFFAOYSA-N,CELTXAXVXKSEGR,ChEMBL,CHEMBL1643720,,eval_set_cav_70,1,90.5%,0.637931048870087
CCOC(=O)C1=C(C)NC(C)=C(C(=O)OCC)C1c1cc([N+](=O)[O-])ccc1SC,1,KURASCZCFSMWOR-UHFFFAOYSA-N,KURASCZCFSMWOR,PubChem,,13755648,eval_set_cav_70,1,98.2%,0.639999985694885
CCOC(=O)C1=C(C)N=C(C)/C(=C(/O)OCC)C1c1cc([N+](=O)[O-])ccc1SC,1,YZMARTUHSZYWMA-KNTRCKAVSA-N,YZMARTUHSZYWMA,ChEMBL,CHEMBL161165,,eval_set_cav_70,1,98.5%,0.640625
COC(=O)C1=C(C)NC(C)=C(C(=O)OC)C1c1ccc(-c2ccc(Cl)c(Cl)c2)o1,1,ZYMSFAMMMKTLJR-UHFFFAOYSA-N,ZYMSFAMMMKTLJR,ChEMBL,CHEMBL2063953,,eval_set_cav_70,1,93.2%,0.641509413719177
CCOC(=O)C1=C(C)NC(C)=C(C(=O)OC)C1c1ccco1,1,OLXWQAXTBFSAHN-UHFFFAOYSA-N,OLXWQAXTBFSAHN,ChEMBL,CHEMBL2063637,,eval_set_cav_70,1,75.0%,0.644444465637207
C#CCNCc1ccc(CN2C3C4C5CC6C7C5C3C7C2(O)C64)cc1,0,SLRQRSNVMWWBMB-UHFFFAOYSA-N,SLRQRSNVMWWBMB,ChEMBL,CHEMBL4528196,,eval_set_cav_70,1,69.8%,0.647058844566345
CSC1=NC(c2cccc([N+](=O)[O-])c2SC)C2=C(COC2=O)N1,0,IZYKMGJBOIIZTP-UHFFFAOYSA-N,IZYKMGJBOIIZTP,PubChem,,10338023,eval_set_cav_70,0,72.5%,0.649999976158142
CSC1=NC(c2cccc([N+](=O)[O-])c2SC)C2=C(O)OCC2=N1,0,JKEUCMDAFXJKEQ-UHFFFAOYSA-N,JKEUCMDAFXJKEQ,ChEMBL,CHEMBL22705,,eval_set_cav_70,0,73.0%,0.649999976158142
COC(=O)C1=C(C)NC(C)=C(C(=O)OC)C1c1ccc(OC)c([N+](=O)[O-])c1,1,YBQSZAUZMJPTJM-UHFFFAOYSA-N,YBQSZAUZMJPTJM,ChEMBL,CHEMBL2063652,,eval_set_cav_70,1,89.5%,0.652173936367035
CCCCn1cc(CN2CCCCC2)c2cc(Br)cnc21,0,WJWBWUFTYRLDSL-UHFFFAOYSA-N,WJWBWUFTYRLDSL,ChEMBL,CHEMBL4277037,,eval_set_cav_70,0,92.8%,0.653846144676209
CCOC(=O)C1=C(C)NC(C)=C(C(=O)OCC)C1c1ccc(OC)cc1OC,1,ZUSRJOLABHKRGS-UHFFFAOYSA-N,ZUSRJOLABHKRGS,ChEMBL,CHEMBL2063635,,eval_set_cav_70,1,96.0%,0.659090936183929
Cc1ccc2c(c1)c(CN1CCCCC1)cn2Cc1ccccc1[N+](=O)[O-],1,VQZFIBLXQDWSBN-UHFFFAOYSA-N,VQZFIBLXQDWSBN,PubChem,,145989039,eval_set_cav_70,1,66.0%,0.660377383232117
CCOC(=O)C1=C(C)N=C(N)N(C(=O)OCC)C1c1cccc([N+](=O)[O-])c1,1,CCSNTESBCKUCEA-UHFFFAOYSA-N,CCSNTESBCKUCEA,ChEMBL,CHEMBL89256,,eval_set_cav_70,1,91.2%,0.661016941070557
CCOC(=O)N1C(=O)N(C(=O)OCC)C(c2cccc([N+](=O)[O-])c2)C(C(=O)OC)=C1C,0,WRSFXMVDUKDKJP-UHFFFAOYSA-N,WRSFXMVDUKDKJP,CUPID,CUPID,,cav_test.csv,1,86.2%,0.661290347576141
CCCCn1cc(CN(C)C)c2ccccc21,0,FLSKDCMIVHPTQS-UHFFFAOYSA-N,FLSKDCMIVHPTQS,ChEMBL,CHEMBL4292931,,eval_set_cav_70,0,92.2%,0.666666686534882
COC(=O)C1=C(C)NC(C)=C(C(=O)OCC(C)C)C1c1ccccc1C(F)(F)F,1,GDMWOXCBWARCKK-UHFFFAOYSA-N,GDMWOXCBWARCKK,PubChem,,44334389,eval_set_cav_70,1,95.0%,0.666666686534882
C#CCn1cc(CN2CCCCC2)c2cc(Br)cnc21,0,WTVJEVUUMDYBSI-UHFFFAOYSA-N,WTVJEVUUMDYBSI,ChEMBL,CHEMBL4280465,,eval_set_cav_70,0,94.8%,0.666666686534882
CC1=NN(C(=O)Nc2ccc(F)cc2)C(c2ccc(F)cc2)C1,1,STMDEYYXKAEPPR-UHFFFAOYSA-N,STMDEYYXKAEPPR,ChEMBL,CHEMBL3911637,,eval_set_cav_70,1,66.2%,0.666666686534882
CN1C(=O)[C@@H](N2CCc3c(nn(Cc4ccccc4)c3Br)C2=O)COc2ccccc21,0,KHVVJKLNKLQLJZ-SFHVURJKSA-N,KHVVJKLNKLQLJZ,ChEMBL,CHEMBL4549667,,eval_set_cav_70,0,55.2%,0.671641767024994
CCc1ccccc1-n1nc(OC2CCC3(CC2)OCCO3)cc1-c1ccc(Cl)cc1,1,BQQHWRLQVWTKDU-UHFFFAOYSA-N,BQQHWRLQVWTKDU,ChEMBL,CHEMBL3958264,,eval_set_cav_70,1,80.0%,0.671875
Cc1cc(C)cc(-c2cc3cc(C(C)(C)C(=O)NC(C)(C)C)ccc3n2Cc2c(C)noc2C)c1,1,YMTRVXQPSPPPID-UHFFFAOYSA-N,YMTRVXQPSPPPID,ChEMBL,CHEMBL1643726,,eval_set_cav_70,1,90.2%,0.6721311211586
Nc1c2c(nc3c1C(c1ccc4c(c1)OCO4)NC(=S)N3)CCCC2,1,HCMONNLOJLHXAS-UHFFFAOYSA-N,HCMONNLOJLHXAS,ChEMBL,CHEMBL4168179,,eval_set_cav_70,1,63.2%,0.672727286815643
COC(=O)C1=C(C)NC(C)=C(C(=O)OC)C1c1ccc(OC)c(Br)c1,1,RFPRKJVKJRURCT-UHFFFAOYSA-N,RFPRKJVKJRURCT,ChEMBL,CHEMBL2063651,,eval_set_cav_70,1,96.8%,0.673913061618805
COc1ccccc1C1NC(=S)Nc2nc3c(c(N)c21)CCCC3,1,QBDIJKJLYFGFCQ-UHFFFAOYSA-N,QBDIJKJLYFGFCQ,ChEMBL,CHEMBL4160908,,eval_set_cav_70,1,88.5%,0.679245293140411
C#CCn1cc(CN(C)C)c2ccccc21,0,LNJFKJCYDCJTSX-UHFFFAOYSA-N,LNJFKJCYDCJTSX,ChEMBL,CHEMBL4289551,,eval_set_cav_70,0,93.2%,0.682926833629608
Cc1cc(C)cc(-c2cc3cc(C(C)(C)CO)ccc3n2CC(C)O)c1,1,SENSSHKTWUNSLH-UHFFFAOYSA-N,SENSSHKTWUNSLH,ChEMBL,CHEMBL1643717,,eval_set_cav_70,1,70.8%,0.685185194015503
C#CCn1cc(CN2CCCCC2)c2ccccc21,0,IIXLUPBEBUPOHH-UHFFFAOYSA-N,IIXLUPBEBUPOHH,ChEMBL,CHEMBL4278203,,eval_set_cav_70,0,95.2%,0.688888907432556
Cc1ccc(C(c2ccccc2)N2CCN(C(=O)NC(c3ccccc3)c3ccccc3)CC2)c(C)c1,0,QVLIXEZADCIAGA-UHFFFAOYSA-N,QVLIXEZADCIAGA,ChEMBL,CHEMBL596944,,eval_set_cav_70,1,67.0%,0.688888907432556
CCOC(=O)CCCn1cc(CN(C)C)c2cc(Br)ccc21,0,MDDYMAUKNDPRRE-UHFFFAOYSA-N,MDDYMAUKNDPRRE,ChEMBL,CHEMBL4586966,,eval_set_cav_70,0,77.5%,0.689655184745789
COC(=O)C1=C(C)N(C)C(C)=C(C(=O)OC)C1c1cccc(Cl)c1,1,ODICPULKHOZXSO-UHFFFAOYSA-N,ODICPULKHOZXSO,ChEMBL,CHEMBL2063807,,eval_set_cav_70,1,97.8%,0.690476179122925
COC(=O)C1=C(C)NC(C)=C(C(=O)OC)C1c1ccccc1F,1,KALSHWKRMSJLAB-UHFFFAOYSA-N,KALSHWKRMSJLAB,ChEMBL,CHEMBL2063648,,eval_set_cav_70,1,98.5%,0.692307710647583
CSC1=NC2/C(=C(/O)OCCCCCSc3c2cccc3[N+](=O)[O-])C(C)=N1,1,WASSYUHVCUFIGT-VKAVYKQESA-N,WASSYUHVCUFIGT,ChEMBL,CHEMBL23692,,eval_set_cav_70,1,90.2%,0.695652186870575
CC(C)(C)c1ccc(CC(=O)Nc2ccn(Cc3ccc(C#N)cn3)n2)cc1,1,XZPYWTFDULVLJE-UHFFFAOYSA-N,XZPYWTFDULVLJE,ChEMBL,CHEMBL4218608,,eval_set_cav_70,1,52.8%,0.69696968793869
Cc1ccc2c(c1)c(CN1CCCCC1)cn2Cc1cccc([N+](=O)[O-])c1,1,LVXPNPJAPIJXOS-UHFFFAOYSA-N,LVXPNPJAPIJXOS,PubChem,,145968031,eval_set_cav_70,1,63.2%,0.698113203048706
CCOC(=O)C1=C(C)NC(=S)N(S(=O)(=O)c2ccccc2)C1c1cccc([N+](=O)[O-])c1,1,YKNGHCPXBSRJAV-UHFFFAOYSA-N,YKNGHCPXBSRJAV,PubChem,,13912577,eval_set_cav_70,1,90.0%,0.698412716388702
CCN=C1N[C@H]2[C@H](O[C@H](CO)[C@@H](O)[C@@H]2O)S1,0,PPAIMZHKIXDJRN-FMDGEEDCSA-N,PPAIMZHKIXDJRN,PubChem,,135566354,eval_set_cav_70,0,99.8%,0.699999988079071
C#CCNCc1ccc(CNC23OC4C5C6CC(C7C6C4C72)C53)cc1,1,SLBNGFUQKDAVKH-UHFFFAOYSA-N,SLBNGFUQKDAVKH,ChEMBL,CHEMBL4520421,,eval_set_cav_70,1,70.8%,0.699999988079071
COC(=O)C1=C(C)NC(C)=C(C(=O)OC)C1c1ccc(Cl)cc1Cl,0,FFQZJXYLJQZVPJ-UHFFFAOYSA-N,FFQZJXYLJQZVPJ,ChEMBL,CHEMBL2063638,,eval_set_cav_70,1,99.5%,0.699999988079071
