Query_SMILES,Query_Predicted_Class,Query_Actual_Class,Query_InChIKey,Query_InChIKey_14,Query_Source,Query_Compound_ID,Query_PMID,Max_Tanimoto_Similarity
CN1C(=O)CN=C(c2ccccc2)c2cc(Cl)ccc21,Non-blocker,Non-blocker,AAOVKJBEBIDNHE-UHFFFAOYSA-N,AAOVKJBEBIDNHE,eval_set_cav_60.csv,,,0.288135588169098
CCOC(=O)C1=C(C)NC(C)=C(C(=O)OC)C1c1ccc(C)o1,Blocker,Blocker,AARJIBDJVXSJTN-UHFFFAOYSA-N,AARJIBDJVXSJTN,eval_set_cav_70.csv,,,0.622222244739533
CC(C)[C@H](C(=O)O)N1C[C@H](CN2CCC(c3ccc(F)cc3)CC2)[C@@H](c2ccccc2)C1,Blocker,Blocker,AIEWGCAUTFKWHF-SKBVVQJISA-N,AIEWGCAUTFKWHF,eval_set_cav_70.csv,,,0.444444447755814
COc1ccccc1-n1nc(C2CC(C)(C)OC(C)(C)C2)cc1-c1csc(Cl)c1,Non-blocker,Blocker,AIMMHDGCSFCVJN-UHFFFAOYSA-N,AIMMHDGCSFCVJN,data_cav_dev,CHEMBL4277584,,0.514705896377564
CC1(C(=O)N(CCN1)CC2=NC3=C(N2)C=C(C(=C3)C(F)(F)F)C(F)(F)F)C,Non-blocker,Non-blocker,AJGPNRUJRONQCG-UHFFFAOYSA-N,AJGPNRUJRONQCG,PubChem,90256635,,0.705882370471954
CCN(CC)C(=O)c1ccc(C2=CC3(CCNCC3)Oc3ccccc32)c(O)c1,Non-blocker,Blocker,ALGHKWSXJUQNJJ-UHFFFAOYSA-N,ALGHKWSXJUQNJJ,data_cav_dev,CHEMBL561339,,0.207792207598686
CSc1c(C#N)c(=O)c2ccc(F)cc2n1-c1c(Cl)cccc1Cl,Non-blocker,Non-blocker,AWQZXHDLUBADMM-UHFFFAOYSA-N,AWQZXHDLUBADMM,CUPID,CUPID,,0.294117659330368
CC(C)CC(CN)CC(=O)O,Non-blocker,Blocker,AYXYPKUFHZROOJ-UHFFFAOYSA-N,AYXYPKUFHZROOJ,eval_set_cav_60.csv,,,0.315789461135864
FC(F)(F)C(Cl)Br,Blocker,Non-blocker,BCQZXOMGPXTTIC-UHFFFAOYSA-N,BCQZXOMGPXTTIC,CUPID,CUPID,,0.100000001490116
COC(=O)C1=C(C)NC(C)=C(C(=O)OC)C1c1cccc(F)c1,Blocker,Blocker,BEVXZWSISNHLKP-UHFFFAOYSA-N,BEVXZWSISNHLKP,data_cav_dev,CHEMBL2063845,,0.707317054271698
O=C1NC(=O)C2C1C1(Cl)c3ccccc3C2(Cl)c2ccccc21,Blocker,Non-blocker,BKMAOYXRRTVIDE-UHFFFAOYSA-N,BKMAOYXRRTVIDE,eval_set_cav_60.csv,,,0.342105269432068
CCc1ccccc1-n1nc(OC2CCC3(CC2)OCCO3)cc1-c1ccc(Cl)cc1,Blocker,Blocker,BQQHWRLQVWTKDU-UHFFFAOYSA-N,BQQHWRLQVWTKDU,eval_set_cav_70.csv,,,0.671875
C#CCn1cc(CN(C)C)c2cc(Br)cnc21,Non-blocker,Non-blocker,CAMFVAOSQPCIGG-UHFFFAOYSA-N,CAMFVAOSQPCIGG,eval_set_cav_70.csv,,,0.632653057575226
Cc1cc(C)cc(-c2cc3cc(C(=O)NC(C)(C)C)ccc3n2CC(C)O)c1,Blocker,Blocker,CELTXAXVXKSEGR-UHFFFAOYSA-N,CELTXAXVXKSEGR,eval_set_cav_70.csv,,,0.637931048870087
CN1CCN(CC1)C2=NN=C(C(=C2)C3=CC=NC=C3)C4=CC5=CC=CC=C5C=C4,Non-blocker,Non-blocker,CIIVUDIZZJLXCN-UHFFFAOYSA-N,CIIVUDIZZJLXCN,PubChem,86270361,30978288,0.272727280855179
CCC1C2CC3C4N(C)c5ccccc5C45CC(C2C5O)N3C1O,Non-blocker,Non-blocker,CJDRUOGAGYHKKD-UHFFFAOYSA-N,CJDRUOGAGYHKKD,CUPID,CUPID,,0.200000002980232
COC(=O)C1=C(C)N=C(C)/C(=C(/O)OC)C1c1cccc(Cl)c1,Blocker,Blocker,CVMLRZLTFZHPGP-DTQAZKPQSA-N,CVMLRZLTFZHPGP,eval_set_cav_70.csv,,,0.593220353126526
O=C1NC(=O)C(c2ccccc2)(c2ccccc2)N1,Non-blocker,Non-blocker,CXOFVDLJLONNDW-UHFFFAOYSA-N,CXOFVDLJLONNDW,CUPID,CUPID,,0.238095238804817
Cc1nnc(C(=O)NC(C)(C)c2nc(C(=O)NCc3ccc(F)cc3)c(O)c(=O)n2C)o1,Non-blocker,Non-blocker,CZFFBEXEKNGXKS-UHFFFAOYSA-N,CZFFBEXEKNGXKS,data_cav_dev,CHEMBL254316,,0.25
Clc1ccccc1CCN1CCN(c2[nH]nc3c2CCc2ccccc2-3)CC1,Non-blocker,Blocker,DBPSAINLCKSSJL-UHFFFAOYSA-N,DBPSAINLCKSSJL,eval_set_cav_60.csv,,,0.3125
O=C1NC(=O)C2C1C1c3ccccc3C2(/C=N/Cc2ccccc2)c2ccccc21,Blocker,Non-blocker,DFDSFRIADGLKAL-JFLMPSFJSA-N,DFDSFRIADGLKAL,eval_set_cav_60.csv,,,0.403225809335709
CC(=O)OC1=C(SC2=CC=CC=C2N3C1CCC3=O)C4=CC=CC=C4,Non-blocker,Blocker,DFNIZSUPEXULRD-UHFFFAOYSA-N,DFNIZSUPEXULRD,PubChem,10498127,,0.482758611440659
CC(C)[C@H](C1=CC=C(C=C1)F)NC(=O)NC2CCN(CC2)CCC3=CC=CC=C3,Blocker,Blocker,DYGPHHIMORZMIH-HSZRJFAPSA-N,DYGPHHIMORZMIH,PubChem,56930892,,0.58730161190033
COc1c(N2CC3CCCNC3C2)c(F)cc2c(=O)c(C(=O)O)cn(C3CC3)c12,Non-blocker,Non-blocker,FABPRXSRWADJSP-UHFFFAOYSA-N,FABPRXSRWADJSP,CUPID,CUPID,,0.415584415197372
CCOC1=CC=C(C=C1)N2C(=C3C(=NN=C(C3=C2C)NC)C)C,Blocker,Blocker,FASKULMRUUGIHB-UHFFFAOYSA-N,FASKULMRUUGIHB,PubChem,10380703,16321528,0.708333313465118
CN(C)CC1=CC=C2N1C3=CC=CC=C3SC2C4=CC=CC=C4,Blocker,Blocker,FDBYIIBXPLWFTK-UHFFFAOYSA-N,FDBYIIBXPLWFTK,PubChem,10758070,,0.611111104488373
COC(=O)C1=C(C)NC(C)=C(C(=O)OC)C1c1ccc(Cl)cc1Cl,Blocker,Non-blocker,FFQZJXYLJQZVPJ-UHFFFAOYSA-N,FFQZJXYLJQZVPJ,eval_set_cav_70.csv,,,0.699999988079071
CCCCn1cc(CN(C)C)c2ccccc21,Non-blocker,Non-blocker,FLSKDCMIVHPTQS-UHFFFAOYSA-N,FLSKDCMIVHPTQS,eval_set_cav_70.csv,,,0.666666686534882
O=C(O)c1cc(-c2ccc(C3CCNCC3)cc2)c2ccc(-c3ccc(C(F)(F)F)cc3)cc2c1,Non-blocker,Non-blocker,FOECKIWHCOYYFL-UHFFFAOYSA-N,FOECKIWHCOYYFL,eval_set_cav_60.csv,,,0.275362312793732
O=C(Nc1ccc(C(F)(F)F)cc1)N1CCC(c2nc(-c3ccccn3)no2)CC1,Non-blocker,Non-blocker,FOJGGWIJRFOXIF-UHFFFAOYSA-N,FOJGGWIJRFOXIF,CUPID,CUPID,,0.621212124824524
O=c1cc(O)n(C2CCCC2)c(=O)n1CCCc1ccccc1,Non-blocker,Non-blocker,FPRTYLILBQKHOK-UHFFFAOYSA-N,FPRTYLILBQKHOK,CUPID,CUPID,,0.698113203048706
CN(C)Cc1c[nH]c2ccc(Br)cc12,Non-blocker,Non-blocker,FSERHDPEOFYMMK-UHFFFAOYSA-N,FSERHDPEOFYMMK,eval_set_cav_70.csv,,,0.425531923770905
COC(=O)C1=CNC=C(C(=O)OC)C1c1ccc(Cl)c(Cl)c1,Blocker,Blocker,FTUDAMYKRYOOIG-UHFFFAOYSA-N,FTUDAMYKRYOOIG,eval_set_cav_70.csv,,,0.61904764175415
COc1ccc(C(=O)OC2C(C(=O)OCc3ccccc3)=C(C)NC(C)=C2C(=O)OCc2ccccc2)cc1OC,Blocker,Blocker,GCBJSFIGGZEBLR-UHFFFAOYSA-N,GCBJSFIGGZEBLR,eval_set_cav_60.csv,,,0.568965494632721
C1CN(C(=O)CN1)CC2=NC3=C(N2)C=C(C=C3F)F,Non-blocker,Non-blocker,GNNGVLNZEACNJH-UHFFFAOYSA-N,GNNGVLNZEACNJH,PubChem,90256757,,0.647058844566345
CCCN(CCC)CCCOC1=CC=C(C=C1)S(=O)(=O)C2=C3C=CC=CN3C=C2C(C)C,Blocker,Blocker,GPFUTUJQFMQKIL-UHFFFAOYSA-N,GPFUTUJQFMQKIL,PubChem,13938113,1552511,0.633802831172943
CCN(CC)CCCC(C)NC1=C2C=C(C=CC2=NC3=C1C=CC(=C3)Cl)OC,Non-blocker,Blocker,GPKJTRJOBQGKQK-UHFFFAOYSA-N,GPKJTRJOBQGKQK,PubChem,237,22761000,0.231707319617271
CNC(=O)c1c(-c2ccc(F)cc2)oc2cc(N(C)S(C)(=O)=O)c(-c3ccc4ccn5c6cccc(F)c6cc5c4n3)cc12,Non-blocker,Non-blocker,GSURGAWEPTXPFX-UHFFFAOYSA-N,GSURGAWEPTXPFX,CUPID,CUPID,,0.681318700313568
COc1ccccc1-n1nc(OCC2C(C)(C)OC2(C)C)cc1-c1ccc(Cl)cc1,Blocker,Blocker,GTVKXVAXHKIMQX-UHFFFAOYSA-N,GTVKXVAXHKIMQX,eval_set_cav_60.csv,,,0.59375
CC(=O)Nc1ccc2c(c1)C1c3ccccc3C2C2C(=O)NC(=O)C12,Non-blocker,Non-blocker,GUUBZYJUXOVCNT-UHFFFAOYSA-N,GUUBZYJUXOVCNT,eval_set_cav_70.csv,,,0.547619044780731
Cc1ccc2[nH]cc(CN(C)C)c2c1,Non-blocker,Non-blocker,GXCDTJAVATWRFZ-UHFFFAOYSA-N,GXCDTJAVATWRFZ,eval_set_cav_70.csv,,,0.413043469190598
CC1CC1C(=O)N1CCN(c2cnc(C#N)c(-c3cnn(C)c3)n2)CC1C,Non-blocker,Non-blocker,GXEXIUKEWXZCEF-UHFFFAOYSA-N,GXEXIUKEWXZCEF,CUPID,CUPID,,0.26373627781868
CC1(O)CCC2C(CCC3C2CCC2(C)C(C(=O)Cn4cc(C#N)cn4)CCC32)C1,Non-blocker,Non-blocker,HARRKNSQXBRBGZ-UHFFFAOYSA-N,HARRKNSQXBRBGZ,CUPID,CUPID,,0.212765961885452
Nc1c2c(nc3c1C(c1ccc4c(c1)OCO4)NC(=S)N3)CCCC2,Blocker,Blocker,HCMONNLOJLHXAS-UHFFFAOYSA-N,HCMONNLOJLHXAS,eval_set_cav_70.csv,,,0.672727286815643
c1ccc2c(CN3CCCCC3)c[nH]c2c1,Blocker,Non-blocker,HPKXPFRRVVWAPD-UHFFFAOYSA-N,HPKXPFRRVVWAPD,eval_set_cav_70.csv,,,0.454545468091965
CCOC(=O)C1=C(C)N=C(C)/C(=C(/O)OCC)C1c1cccc([N+](=O)[O-])c1SC,Blocker,Blocker,HRPHTZYJZLXWIU-XDJHFCHBSA-N,HRPHTZYJZLXWIU,eval_set_cav_70.csv,,,0.575757563114166
C#CCn1cc(CN2CCCCC2)c2ccccc21,Non-blocker,Non-blocker,IIXLUPBEBUPOHH-UHFFFAOYSA-N,IIXLUPBEBUPOHH,eval_set_cav_70.csv,,,0.688888907432556
CCOC(=O)C1=C(C)N(c2ccc(OC)cc2)C(C)=C(C(=O)OCC)C1c1ccccc1,Blocker,Blocker,INNKVSIPMKSCPE-UHFFFAOYSA-N,INNKVSIPMKSCPE,eval_set_cav_60.csv,,,0.574468076229096
C=CCO/C(O)=C1\C(C)=NC(SCC)=C(C#N)C1c1ccc(Cl)cc1,Blocker,Blocker,IQMVJFVQLOPOGH-KNTRCKAVSA-N,IQMVJFVQLOPOGH,eval_set_cav_60.csv,,,0.388888895511627
COC(=O)C1=C(C)N(c2ccc(N(C)C)cc2)C(C)=C(C(=O)OC)C1c1ccc(Cl)cc1,Blocker,Blocker,IQSPLOPHNWOJRK-UHFFFAOYSA-N,IQSPLOPHNWOJRK,eval_set_cav_60.csv,,,0.574468076229096
CCN1CCN(C(=O)N[C@@H](C(=O)N[C@@H]2C(=O)N3[C@@H](C(=O)O)C(C)(C)S[C@H]23)c2ccccc2)C(=O)C1=O,Non-blocker,Non-blocker,IVBHGBMCVLDMKU-GXNBUGAJSA-N,IVBHGBMCVLDMKU,eval_set_cav_70.csv,,,0.246913582086563
NC(=O)c1ncn([C@@H]2O[C@H](CO)[C@@H](O)[C@H]2O)n1,Non-blocker,Non-blocker,IWUCXVSUMQZMFG-AFCXAGJDSA-N,IWUCXVSUMQZMFG,eval_set_cav_60.csv,,,0.280701756477356
CSC1=NC(c2cccc([N+](=O)[O-])c2SC)C2=C(COC2=O)N1,Non-blocker,Non-blocker,IZYKMGJBOIIZTP-UHFFFAOYSA-N,IZYKMGJBOIIZTP,eval_set_cav_70.csv,,,0.644067823886871
CC(c1cccc2ccccc12)n1c(=O)cc(O)n(CCc2cccc(Cl)c2)c1=O,Non-blocker,Non-blocker,JBYPIXVQOWQTKL-UHFFFAOYSA-N,JBYPIXVQOWQTKL,CUPID,CUPID,,0.649122834205627
CN1CCC(=C2c3ccccc3C=Cc3ccccc32)CC1,Blocker,Non-blocker,JJCFRYNCJDLXIK-UHFFFAOYSA-N,JJCFRYNCJDLXIK,CUPID,CUPID,,0.259259253740311
Cc1ccc(CNC[C@H](NC(=O)CNC(=O)c2cc(C(F)(F)F)ccc2N)C(=O)NC(C)(C)C)c(C)c1,Blocker,Blocker,JJYNUAMIRAIFBQ-NRFANRHFSA-N,JJYNUAMIRAIFBQ,eval_set_cav_60.csv,,,0.25
CSC1=NC(c2cccc([N+](=O)[O-])c2SC)C2=C(O)OCC2=N1,Non-blocker,Non-blocker,JKEUCMDAFXJKEQ-UHFFFAOYSA-N,JKEUCMDAFXJKEQ,eval_set_cav_70.csv,,,0.649999976158142
Nc1ccn([C@@H]2CS[C@H](CO)O2)c(=O)n1,Non-blocker,Non-blocker,JTEGQNOMFQHVDC-NKWVEPMBSA-N,JTEGQNOMFQHVDC,eval_set_cav_60.csv,,,0.238095238804817
COC(=O)C1=C(C)NC(C)=C(C(=O)OC)C1c1ccccc1F,Blocker,Blocker,KALSHWKRMSJLAB-UHFFFAOYSA-N,KALSHWKRMSJLAB,eval_set_cav_70.csv,,,0.692307710647583
COC(=O)C1=C(C)N=C(C)/C(=C(/O)OC)C1c1c(F)cccc1Cl,Blocker,Blocker,KBVQWNQUDGWFCF-FOWTUZBSSA-N,KBVQWNQUDGWFCF,eval_set_cav_70.csv,,,0.555555582046509
COC(=O)C1=C(C)N(C)C(C)=C(C(=O)OC)C1c1ccc(-c2ccccc2)cc1,Blocker,Blocker,KDYRDHHZIJSBLT-UHFFFAOYSA-N,KDYRDHHZIJSBLT,eval_set_cav_70.csv,,,0.604651153087616
CN(C)CCC(c1ccc(Cl)c(Cl)c1)N1CCOCC1,Non-blocker,Blocker,KEGBICCDHKITSP-UHFFFAOYSA-N,KEGBICCDHKITSP,eval_set_cav_60.csv,,,0.276315778493881
CN1C(=O)[C@@H](N2CCc3c(nn(Cc4ccccc4)c3Br)C2=O)COc2ccccc21,Non-blocker,Non-blocker,KHVVJKLNKLQLJZ-SFHVURJKSA-N,KHVVJKLNKLQLJZ,eval_set_cav_70.csv,,,0.671641767024994
Cl.O=C(c1cc(S(=O)(=O)Nc2ccccc2F)c(F)cc1Cl)N1CCN2CCC[C@@H]2C1,Non-blocker,Blocker,AGPIHNZOZNKRGT-CYBMUJFWSA-N,KZRCYRFDOFTBHY,eval_set_cav_60.csv,,,0.276315778493881
Cc1cc(C)cc(-c2cc3cc(OC(F)(F)F)ccc3n2CC(C)O)c1,Non-blocker,Blocker,LEPSNUKXKULMID-UHFFFAOYSA-N,LEPSNUKXKULMID,eval_set_cav_70.csv,,,0.586206912994385
O=C(CN1CCCC1)NN1c2ccccc2Sc2cc(Cl)ccc21,Non-blocker,Blocker,LLYYMSFSWPNTPP-UHFFFAOYSA-N,LLYYMSFSWPNTPP,eval_set_cav_60.csv,,,0.344262301921845
C#CCn1cc(CN(C)C)c2ccccc21,Non-blocker,Non-blocker,LNJFKJCYDCJTSX-UHFFFAOYSA-N,LNJFKJCYDCJTSX,eval_set_cav_70.csv,,,0.682926833629608
CS(=O)(=O)C1=C2[C@@H]([C@@H]([C@@H](C2=C(C=C1)OC3=CC(=CC(=C3)C#N)F)F)F)O,Non-blocker,Non-blocker,LOMMPXLFBTZENJ-ZACQAIPSSA-N,LOMMPXLFBTZENJ,PubChem,117947097,31282155,0.227848097681999
O=c1cc(O)n(CCc2cccc(Cl)c2)c(=O)n1C1CCNC1,Non-blocker,Non-blocker,LUTGQBXMPMFIKP-UHFFFAOYSA-N,LUTGQBXMPMFIKP,CUPID,CUPID,,0.689655184745789
COc1ccc2cc(OCC3(C(=O)O)CN(C(=O)c4ccc(F)cc4)C3)ccc2c1,Blocker,Blocker,LWJGMYMNSNVCEM-UHFFFAOYSA-N,LWJGMYMNSNVCEM,data_cav_dev,CHEMBL3286797,,0.315068483352661
CCOC(=O)CCCn1cc(CN(C)C)c2cc(Br)ccc21,Non-blocker,Non-blocker,MDDYMAUKNDPRRE-UHFFFAOYSA-N,MDDYMAUKNDPRRE,eval_set_cav_70.csv,,,0.689655184745789
Cc1ccc(C(C)C)c(O)c1,Blocker,Non-blocker,MGSRCZKZVOBKFT-UHFFFAOYSA-N,MGSRCZKZVOBKFT,eval_set_cav_60.csv,,,0.357142865657806
Brc1ccc2[nH]cc(CN3CCCCC3)c2c1,Blocker,Non-blocker,MGUTUCDTXIZGTH-UHFFFAOYSA-N,MGUTUCDTXIZGTH,eval_set_cav_70.csv,,,0.489795923233032
C1OC2=C(O1)C3=C4C(=C2)C=CN=C4C(=O)C5=CC=CC=C53,Non-blocker,Blocker,MUMCCPUVOAUBAN-UHFFFAOYSA-N,MUMCCPUVOAUBAN,PubChem,10144,,0.236111104488373
C[C@]12CC[C@H]3[C@H]([C@@H]1CC[C@@H]2O)CCC4=CC(=O)CC[C@]34C,Blocker,Blocker,MUMGGOZAMZWBJJ-DYKIIFRCSA-N,MUMGGOZAMZWBJJ,PubChem,6013,22761000,0.41818180680275
CCOC(=O)C1=C(C)NC(SC)=C(C#N)C1c1ccccc1,Blocker,Blocker,MWAFUYZPEXGPIM-UHFFFAOYSA-N,MWAFUYZPEXGPIM,eval_set_cav_70.csv,,,0.630434811115265
OC1(CCCc2ccc(-c3nn[nH]n3)cc2)CCN(C[C@H]2CN(CC3CCCCC3)C[C@@H]2c2ccccc2)CC1,Blocker,Blocker,MYTRYQKUDUGKTA-IOWSJCHKSA-N,MYTRYQKUDUGKTA,eval_set_cav_60.csv,,,0.395348846912384
CCOC(=O)N1CCC(=CC#Cc2cccc(C)n2)C1,Non-blocker,Non-blocker,NDVDBJIRXMBDOD-UHFFFAOYSA-N,NDVDBJIRXMBDOD,CUPID,CUPID,,0.328767120838165
CC(C)NC(=O)Nc1ccc2c(c1)C(=O)N([C@H](C)CO)C[C@@H](C)[C@H](CN(C)S(=O)(=O)c1ccc(Cl)cc1)O2,Blocker,Blocker,NMFHWISFZINRTB-GGUMNFRJSA-N,NMFHWISFZINRTB,eval_set_cav_60.csv,,,0.230000004172325
CCN(CC)CC(=O)Nc1c(C)cccc1C,Non-blocker,Non-blocker,NNJVILVZKWQKPM-UHFFFAOYSA-N,NNJVILVZKWQKPM,CUPID,CUPID,,0.414634138345718
C=CCOC(=O)C1=C(C)NC(SC)=C(C#N)C1c1ccc(Cl)cc1,Blocker,Blocker,NZRBLOSRZNKWLW-UHFFFAOYSA-N,NZRBLOSRZNKWLW,eval_set_cav_70.csv,,,0.553571403026581
CN(C)Cc1c[nH]c2ccccc12,Blocker,Non-blocker,OCDGBSUVYYVKQZ-UHFFFAOYSA-N,OCDGBSUVYYVKQZ,eval_set_cav_70.csv,,,0.5
COC(=O)C1=C(C)N(C)C(C)=C(C(=O)OC)C1c1cccc(Cl)c1,Blocker,Blocker,ODICPULKHOZXSO-UHFFFAOYSA-N,ODICPULKHOZXSO,eval_set_cav_70.csv,,,0.690476179122925
CCCCn1cc(CN(C)C)c2cc(Br)cnc21,Non-blocker,Non-blocker,OKZPEMQFOIRSPK-UHFFFAOYSA-N,OKZPEMQFOIRSPK,eval_set_cav_70.csv,,,0.632653057575226
CCOC(=O)C1=C(C)NC(C)=C(C(=O)OC)C1c1ccco1,Blocker,Blocker,OLXWQAXTBFSAHN-UHFFFAOYSA-N,OLXWQAXTBFSAHN,eval_set_cav_70.csv,,,0.644444465637207
C=CCOC(=O)C1=C(C)NC(C)=C(C(=O)OCC=C)C1/C=C/c1ccccc1OC,Blocker,Blocker,OSJGPDPQZVCQTN-OUKQBFOZSA-N,OSJGPDPQZVCQTN,eval_set_cav_60.csv,,,0.553571403026581
COC(c1ccccc1)(c1ccccc1)C(Oc1nc(C)cc(C)n1)C(=O)O,Non-blocker,Non-blocker,OUJTZYPIHDYQMC-UHFFFAOYSA-N,OUJTZYPIHDYQMC,CUPID,CUPID,,0.269230782985687
COC(=O)C1=CNC=C(C(=O)OC)C1c1ccccc1Cl,Blocker,Blocker,OXIGQRYDADOYEB-UHFFFAOYSA-N,OXIGQRYDADOYEB,eval_set_cav_70.csv,,,0.609756112098694
Cc1ccc2[nH]cc(CN3CCCCC3)c2c1,Blocker,Non-blocker,PHCFFMPFQZYYSC-UHFFFAOYSA-N,PHCFFMPFQZYYSC,eval_set_cav_70.csv,,,0.5
Nc1ccc2c(c1)C1c3ccccc3C2C2C(=O)NC(=O)C12,Non-blocker,Non-blocker,PLOBPQHEVIXYCK-UHFFFAOYSA-N,PLOBPQHEVIXYCK,eval_set_cav_70.csv,,,0.676470577716827
CC(=O)c1ccc2c(c1)C1c3ccccc3C2C2C(=O)NC(=O)C12,Non-blocker,Non-blocker,PXQVMOUDEVWYEZ-UHFFFAOYSA-N,PXQVMOUDEVWYEZ,eval_set_cav_70.csv,,,0.589743614196777
CCOC(=O)C1=C(C)NC(C)=C(C(=O)OCC)C1c1c(F)c(F)c(F)c(F)c1F,Non-blocker,Blocker,QABNLWXKUCMDBP-UHFFFAOYSA-N,QABNLWXKUCMDBP,eval_set_cav_70.csv,,,0.615384638309479
COc1ccccc1C1NC(=S)Nc2nc3c(c(N)c21)CCCC3,Blocker,Blocker,QBDIJKJLYFGFCQ-UHFFFAOYSA-N,QBDIJKJLYFGFCQ,eval_set_cav_70.csv,,,0.679245293140411
C1CN(CC(C1(F)F)OC2=NC3=CC=CC=C3S2)C(=O)C4=CC=CC=C4N5N=CC=N5,Blocker,Blocker,QCYLNVINPBFEFB-UHFFFAOYSA-N,QCYLNVINPBFEFB,PubChem,90286288,27818110,0.69696968793869
CC1=CC=C(O1)C2C(=C(NC(=C2C(=O)OC)C)C)C(=O)OC,Blocker,Non-blocker,QFBBWNBTECTMDL-UHFFFAOYSA-N,QFBBWNBTECTMDL,PubChem,698276,19880323,0.583333313465118
CN(C)CCN1C(=O)c2ccccc2N(C)c2ccccc21,Blocker,Non-blocker,QPGGEKPRGVJKQB-UHFFFAOYSA-N,QPGGEKPRGVJKQB,CUPID,CUPID,,0.320754706859589
CNC(=O)c1c(-c2ccc(F)cc2)oc2cc(N(C)S(C)(=O)=O)c(-c3ccc4ncn5c6cccc(F)c6cc5c4n3)cc12,Non-blocker,Non-blocker,QUQQSAYJYFXNAN-UHFFFAOYSA-N,QUQQSAYJYFXNAN,CUPID,CUPID,,0.666666686534882
Cc1ccc(C(c2ccccc2)N2CCN(C(=O)NC(c3ccccc3)c3ccccc3)CC2)c(C)c1,Non-blocker,Non-blocker,QVLIXEZADCIAGA-UHFFFAOYSA-N,QVLIXEZADCIAGA,eval_set_cav_70.csv,,,0.688888907432556
Cc1ccc(C(C)C)cc1O,Non-blocker,Non-blocker,RECUKUPTGUEGMW-UHFFFAOYSA-N,RECUKUPTGUEGMW,eval_set_cav_60.csv,,,0.28571429848671
COC(=O)C1=C(C)NC(C)=C(C(=O)OC)C1c1ccc(OC)c(Br)c1,Blocker,Blocker,RFPRKJVKJRURCT-UHFFFAOYSA-N,RFPRKJVKJRURCT,eval_set_cav_70.csv,,,0.673913061618805
N#CC1(c2ccccn2)CCN(Cc2cc(C(=O)O)c(=O)n3ccccc23)CC1,Non-blocker,Non-blocker,RJTJRVASUFIDQM-UHFFFAOYSA-N,RJTJRVASUFIDQM,data_cav_dev,CHEMBL1800285,,0.265060245990753
O=C(N1CCS(=O)(=O)CC1)N1C[C@H](c2ccc(OC(F)(F)F)cc2)C[C@H](c2nc(C3CC3)no2)C1,Blocker,Non-blocker,RNQODBQYMXYMCT-SJORKVTESA-N,RNQODBQYMXYMCT,eval_set_cav_60.csv,,,0.292134821414948
Cn1cc(C2CCN(C(=O)NC3CC3c3ccccc3)CC2)nn1,Non-blocker,Non-blocker,RQDRWTLKQRNDSG-UHFFFAOYSA-N,RQDRWTLKQRNDSG,CUPID,CUPID,,0.649122834205627
C=CCc1ccc(O)c(OC)c1,Blocker,Non-blocker,RRAFCDWBNXTKKO-UHFFFAOYSA-N,RRAFCDWBNXTKKO,eval_set_cav_60.csv,,,0.526315808296204
O=C1CCc2cc(OCCCCc3nnnn3C3CCCCC3)ccc2N1,Non-blocker,Non-blocker,RRGUKTPIGVIEKM-UHFFFAOYSA-N,RRGUKTPIGVIEKM,eval_set_cav_60.csv,,,0.256097555160522
Cl.Cl.O=c1c2cc(Cl)ccc2oc2ccc(CN3CCN(CCOCCO)CC3)cc12,Non-blocker,Blocker,LWOOQIZOYDLTJU-UHFFFAOYSA-N,RSWCRQQSEYRTAG,eval_set_cav_60.csv,,,0.309859156608582
Cc1cc(C)cc(-c2cc3cc(C(C)(C)CO)ccc3n2CC(C)O)c1,Non-blocker,Blocker,SENSSHKTWUNSLH-UHFFFAOYSA-N,SENSSHKTWUNSLH,eval_set_cav_70.csv,,,0.685185194015503
NC(=O)c1cnc(NC(C2CC2)C(F)(F)F)c2c1[nH]c1cc(-c3cnc(N)nc3)ccc12,Non-blocker,Non-blocker,SHSWWKAPCSHSHG-UHFFFAOYSA-N,SHSWWKAPCSHSHG,CUPID,CUPID,,0.226190477609634
C#CCNCc1ccc(CNC23OC4C5C6CC(C7C6C4C72)C53)cc1,Blocker,Blocker,SLBNGFUQKDAVKH-UHFFFAOYSA-N,SLBNGFUQKDAVKH,eval_set_cav_70.csv,,,0.699999988079071
C#CCNCc1ccc(CN2C3C4C5CC6C7C5C3C7C2(O)C64)cc1,Non-blocker,Non-blocker,SLRQRSNVMWWBMB-UHFFFAOYSA-N,SLRQRSNVMWWBMB,eval_set_cav_70.csv,,,0.647058844566345
CC1=NN(C(=O)Nc2ccc(F)cc2)C(c2ccc(F)cc2)C1,Blocker,Blocker,STMDEYYXKAEPPR-UHFFFAOYSA-N,STMDEYYXKAEPPR,eval_set_cav_70.csv,,,0.666666686534882
CCOC(=O)CC[C@H](NC(=O)OCc1ccccc1)C(=O)NCCC1CCN(Cc2ccccc2)CC1,Blocker,Non-blocker,TXMSSTXNRQZQDT-SANMLTNESA-N,TXMSSTXNRQZQDT,eval_set_cav_60.csv,,,0.308641970157623
CN1C(=CC(=N1)C(F)(F)F)NC(=O)CN2CCNCC2=O,Non-blocker,Non-blocker,UCKQVNPAMYQNKT-UHFFFAOYSA-N,UCKQVNPAMYQNKT,PubChem,90256814,,0.620689630508423
CC(CCCN(CC1=CC=CC=C1)CC2=CC=CC=C2)(C3=CC(=C(C=C3)O)CN4CCCCCC4)C5=CC(=C(C=C5)O)CN6CCCCCC6,Blocker,Blocker,UEIMMISDNLYGEC-UHFFFAOYSA-N,UEIMMISDNLYGEC,PubChem,23293552,10476885,0.660714268684387
CC(CCC(C1=CC=CC=C1)(C2=CC=CC=C2)O)(C3=CC(=C(C=C3)O)CN4CCCCCC4)C5=CC(=C(C=C5)O)CN6CCCCCC6,Blocker,Blocker,UFNFPRCIIMCYDD-UHFFFAOYSA-N,UFNFPRCIIMCYDD,PubChem,9875854,10476885,0.705882370471954
C1=CC(=CC=C1CCSC(=N)N)OCC2=CC=C(C=C2)[N+](=O)[O-],Blocker,Blocker,UMJUNUMSJDTYTM-UHFFFAOYSA-N,UMJUNUMSJDTYTM,PubChem,4534086,,0.290322571992874
CO/N=C(\C(=O)N[C@@H]1C(=O)N2C(C(=O)O)=C(CSc3nc(=O)c(O)nn3C)CS[C@H]12)c1csc(N)n1,Non-blocker,Non-blocker,VAAUVRVFOQPIGI-SPQHTLEESA-N,VAAUVRVFOQPIGI,eval_set_cav_60.csv,,,0.178571432828903
Cc1ncc([N+](=O)[O-])n1CCO,Non-blocker,Non-blocker,VAOCPAMSLUNLGC-UHFFFAOYSA-N,VAOCPAMSLUNLGC,eval_set_cav_70.csv,,,0.220338985323906
C1=CC=C(C=C1)C(C2=CC=CC=C2)(C3=CC=CC=C3Cl)N4C=CN=C4,Blocker,Blocker,VNFPBHJOKIVQEB-UHFFFAOYSA-N,VNFPBHJOKIVQEB,PubChem,2812,22761000,0.233333334326744
CCNC[C@]1(Cc2nnn[nH]2)C[C@H]2CC(CC)=C[C@H]21,Blocker,Blocker,VNSNLAKASFDGRH-YRGRVCCFSA-N,VNSNLAKASFDGRH,eval_set_cav_60.csv,,,0.46551725268364
CO/C(O)=C1\C(C)=Nc2ccccc2SC1c1cccc([N+](=O)[O-])c1,Blocker,Blocker,VZLQGKDGWRSDGQ-FBMGVBCBSA-N,VZLQGKDGWRSDGQ,eval_set_cav_60.csv,,,0.514705896377564
CSC1=NC2/C(=C(/O)OCCCCCSc3c2cccc3[N+](=O)[O-])C(C)=N1,Blocker,Blocker,WASSYUHVCUFIGT-VKAVYKQESA-N,WASSYUHVCUFIGT,eval_set_cav_70.csv,,,0.695652186870575
CC(C)(C)NC(=O)C(c1ccccn1)n1ccc2cc(C(C)(C)C(=O)NC(C)(C)C)ccc21,Blocker,Blocker,WBRMXFKTCZLINW-UHFFFAOYSA-N,WBRMXFKTCZLINW,eval_set_cav_60.csv,,,0.432835817337036
C[C@H](N)Cn1ncc2ccc(O)cc21,Blocker,Blocker,WBYHTZYHAFNBKW-ZETCQYMHSA-N,WBYHTZYHAFNBKW,eval_set_cav_60.csv,,,0.208955228328705
CCOC(=O)C1=C(NC(=C(C1C2=C(C(=CC=C2)[N+](=O)[O-])SC)C(=O)OCC)C)C,Blocker,Blocker,WDNUOVJKQOKDLD-UHFFFAOYSA-N,WDNUOVJKQOKDLD,PubChem,13755646,2435904,0.607142865657806
CCCCn1cc(CN2CCCCC2)c2cc(Br)cnc21,Non-blocker,Non-blocker,WJWBWUFTYRLDSL-UHFFFAOYSA-N,WJWBWUFTYRLDSL,eval_set_cav_70.csv,,,0.653846144676209
CC(=C1C([C@]2([C@]3(C[C@]4([C@@]1([C@@]2([C@@]5([C@@]3(CCC(=C)C5O)O)O4)O)C)O)C)O)OC(=O)C6=CC=CN6)C,Blocker,Blocker,WKNCDWJILGLPCR-NBNOSRFISA-N,WKNCDWJILGLPCR,PubChem,49823659,8691427,0.592592597007752
COc1cc2nc(N(C)CCCNC(=O)C3CCCO3)nc(N)c2cc1OC,Non-blocker,Non-blocker,WNMJYKCGWZFFKR-UHFFFAOYSA-N,WNMJYKCGWZFFKR,CUPID,CUPID,,0.354430377483368
Nc1cccc2c1C1c3ccccc3C2C2C(=O)NC(=O)C12,Non-blocker,Non-blocker,WROSVRBJVGVXHR-UHFFFAOYSA-N,WROSVRBJVGVXHR,eval_set_cav_70.csv,,,0.567567586898804
CCOC(=O)N1C(=O)N(C(=O)OCC)C(c2cccc([N+](=O)[O-])c2)C(C(=O)OC)=C1C,Blocker,Non-blocker,WRSFXMVDUKDKJP-UHFFFAOYSA-N,WRSFXMVDUKDKJP,CUPID,CUPID,,0.661290347576141
C#CCn1cc(CN2CCCCC2)c2cc(Br)cnc21,Non-blocker,Non-blocker,WTVJEVUUMDYBSI-UHFFFAOYSA-N,WTVJEVUUMDYBSI,eval_set_cav_70.csv,,,0.666666686534882
C[C@H]1CC[C@@]2([C@H]([C@]1(C)CCC3=CCOC3=O)CCC=C2C(=O)O)C,Blocker,Blocker,WUUOACSBQPHDQM-NCJOTSGUSA-N,WUUOACSBQPHDQM,PubChem,101321350,30049584,0.311688303947449
CCCCCCOC(=O)[C@H](CCC(=O)NCCC1CCN(Cc2ccccc2)CC1)NC(=O)c1ccccc1,Blocker,Non-blocker,XFEJPTLRXOZZDA-LJAQVGFWSA-N,XFEJPTLRXOZZDA,eval_set_cav_60.csv,,,0.294117659330368
CCN=C1NC2C(O)CC(CO)OC2S1,Non-blocker,Non-blocker,XIBRBQOZJDMOOG-UHFFFAOYSA-N,XIBRBQOZJDMOOG,CUPID,CUPID,,0.600000023841858
CC1=NOC(=N1)[C@H]2C[C@@H]2C(=O)NCC3=C4CN(CCC4=C(C=C3)C5=CC(=CC=C5)OC(F)(F)F)C(=O)NC(C)(C)C,Blocker,Blocker,XKDFZZUFCHOVRN-GOTSBHOMSA-N,XKDFZZUFCHOVRN,PubChem,118918048,26561979,0.310679614543915
CC(=O)OC1(C2=CC=CN2C3=C(S1)C(=CC=C3)Cl)C4=CC=CC=C4,Blocker,Blocker,XKYTWYHHWUGWBX-UHFFFAOYSA-N,XKYTWYHHWUGWBX,PubChem,10641958,9016337,0.699999988079071
CN(C)CCOC1=NC(=C2CNC(=O)N(C2=N1)C3=C(C=CC=C3Cl)Cl)C4=CC=CC=C4Cl,Blocker,Blocker,XOFKBZXMDGGJMM-UHFFFAOYSA-N,XOFKBZXMDGGJMM,PubChem,23647640,16750629,0.647058844566345
O=c1cc(O)n(C2CCCC2)c(=O)n1C1Cc2ccccc2C1,Non-blocker,Non-blocker,XZGGWLKYOWKOOO-UHFFFAOYSA-N,XZGGWLKYOWKOOO,CUPID,CUPID,,0.688888907432556
C1=CC=C(C=C1)CN2C=CC(=N2)NC(=O)CC3=CC(=CC=C3)Cl,Blocker,Blocker,XZTPJUXNDXSIRK-UHFFFAOYSA-N,XZTPJUXNDXSIRK,PubChem,145965046,29116786,0.517241358757019
CCOC(=O)c1c(C)nc(C)c(C(=O)OCC)c1-c1c(-c2ccccc2)noc1C,Blocker,Blocker,YAJHDFKCHQMQDM-UHFFFAOYSA-N,YAJHDFKCHQMQDM,eval_set_cav_60.csv,,,0.527272701263428
COC(=O)C1=C(C)NC(C)=C(C(=O)OC)C1c1ccc(OC)c([N+](=O)[O-])c1,Blocker,Blocker,YBQSZAUZMJPTJM-UHFFFAOYSA-N,YBQSZAUZMJPTJM,eval_set_cav_70.csv,,,0.652173936367035
Cc1ccc(Nc2nc(C(=O)N3CCCC(C)C3C)cs2)cc1,Non-blocker,Blocker,YKFSMOUFOXUQLG-UHFFFAOYSA-N,YKFSMOUFOXUQLG,data_cav_dev,CHEMBL2418806,,0.436619728803635
COC1=CC=C(C=C1)C2C3=CC=CN3C4=CC=CC=C4S2,Blocker,Blocker,YMIXJSCCOUOPPZ-UHFFFAOYSA-N,YMIXJSCCOUOPPZ,PubChem,10541761,7473567,0.5
C[C@@H]1CN([C@@H](CN1)CC2=CC=CC=C2)C(C3=CC=CC=C3)C4=CC=CC=C4,Blocker,Blocker,YMPROSRVUQJLNK-HYBUGGRVSA-N,YMPROSRVUQJLNK,PubChem,73345858,23639535,0.666666686534882
Cc1cc(C)cc(-c2cc3cc(C(C)(C)C(=O)NC(C)(C)C)ccc3n2Cc2c(C)noc2C)c1,Blocker,Blocker,YMTRVXQPSPPPID-UHFFFAOYSA-N,YMTRVXQPSPPPID,eval_set_cav_70.csv,,,0.6721311211586
CCN=C(N)NC(=O)Nc1c(CC)cc(C(=O)NC(C)C)cc1CC,Non-blocker,Non-blocker,YNLDPQYFFGLCQF-UHFFFAOYSA-N,YNLDPQYFFGLCQF,CUPID,CUPID,,0.634615361690521
CO/C(O)=C1\C(C)=NC(C)=C([N+](=O)[O-])[C@H]1c1ccccc1C(F)(F)F,Blocker,Blocker,YTMCTWONBYRCCU-UESPBHMZSA-N,YTMCTWONBYRCCU,eval_set_cav_70.csv,,,0.533333361148834
CN(CC(N)=O)[C@H](COCc1cc(C(F)(F)F)cc(C(F)(F)F)c1)c1ccccc1,Blocker,Blocker,YVLZVIUUVUBKNC-QGZVFWFLSA-N,YVLZVIUUVUBKNC,eval_set_cav_70.csv,,,0.607142865657806
CCOC(=O)C1=C(C)N=C(C)/C(=C(/O)OCC)C1c1cc([N+](=O)[O-])ccc1SC,Blocker,Blocker,YZMARTUHSZYWMA-KNTRCKAVSA-N,YZMARTUHSZYWMA,eval_set_cav_70.csv,,,0.644067823886871
CC1CC[C@@]2([C@@]3(C[C@]4([C@](C(=O)[C@]2(C1O)O4)([C@](C(C3=O)OC(=O)C5=CC=CN5)(C(C)C)O)C)O)C)O,Blocker,Blocker,ZAWQSHZZSAUOKQ-PMSKBOPRSA-N,ZAWQSHZZSAUOKQ,PubChem,49823669,8387597,0.555555582046509
C1CN(C(=O)CN1)CC(=O)NC(C2=CC=CC=N2)C(F)(F)F,Non-blocker,Non-blocker,ZBNNJWUHEXLXFB-UHFFFAOYSA-N,ZBNNJWUHEXLXFB,PubChem,90257355,,0.694915235042572
CC1=C(C(SC2=CC=CC=C2N1)C3=CC(=CC=C3)[N+](=O)[O-])C(=O)OC,Blocker,Blocker,ZFFNFBMBLAAUBL-UHFFFAOYSA-N,ZFFNFBMBLAAUBL,PubChem,13763163,2435903,0.629629611968994
CN(C)CCN1C2=CC=CC=C2CC(C(C1=O)CC=C)C3=CC=C(C=C3)OC,Non-blocker,Blocker,ZKDCTJVGBODVRR-UHFFFAOYSA-N,ZKDCTJVGBODVRR,PubChem,15612147,1311765,0.507042229175568
CCCN1CCCCC1C(=O)Nc1c(C)cccc1C,Non-blocker,Non-blocker,ZKMNUMMKYBVTFN-UHFFFAOYSA-N,ZKMNUMMKYBVTFN,CUPID,CUPID,,0.360000014305115
CCC1=C[C@@H]2[C@H](C1)C[C@]2(CN)Cc1nc(=O)o[nH]1,Blocker,Blocker,ZTKAJVXFDWQBSJ-GIPNMCIBSA-N,ZTKAJVXFDWQBSJ,eval_set_cav_60.csv,,,0.545454561710358
CCOC(=O)C1=C(C)NC(C)=C(C(=O)OCC)C1c1ccc(OC)cc1OC,Blocker,Blocker,ZUSRJOLABHKRGS-UHFFFAOYSA-N,ZUSRJOLABHKRGS,eval_set_cav_70.csv,,,0.659090936183929
COC(=O)C1=C(C)NC(C)=C(C(=O)OC)C1c1ccc(-c2ccc(Cl)c(Cl)c2)o1,Blocker,Blocker,ZYMSFAMMMKTLJR-UHFFFAOYSA-N,ZYMSFAMMMKTLJR,eval_set_cav_70.csv,,,0.641509413719177
