Query_smiles,Query_label,Query_InChIKey,Query_InChIKey_14,Query_Source,Query_Compound_ID,Query_PMID,Query_Source file,Query_Nav1.5,Query_Nav1.5_confidence,Max_Tanimoto_Similarity
NC1=N[C@@]23[C@H]([C@H]4N=C(N)N2C[C@](OS(=O)(=O)O)(C[C@H]2[C@@H](CO)CON2C4=O)C3(O)O)N1COC(=O)NO,1,BJJIKPMJNDTIHW-FGWFJEOOSA-N,BJJIKPMJNDTIHW,PubChem,,21589240,eval_set_nav_60,0,57.2%,0.165137618780136
N=C1N[C@H]2[C@H](COC(N)=O)NC(=N)N3CCC(O)(O)[C@]23N1,1,RPQXVSUAYFXFJA-HGRQIUPRSA-N,RPQXVSUAYFXFJA,ChEMBL,CHEMBL501134,,eval_set_nav_60,0,61.2%,0.182795703411102
CC(=O)OC[C@@H]1N=C(N)N2CCC(O)(O)[C@@]23NC(N)=N[C@@H]13,1,FYMGGEYPNDYSSU-HFJPGXAFSA-N,FYMGGEYPNDYSSU,PubChem,,146683623,eval_set_nav_60,0,63.2%,0.200000002980232
CC(C)(C)CCCCNCCCN1CCCCC1,1,NWFIZDUHNMOFRW-UHFFFAOYSA-N,NWFIZDUHNMOFRW,ChEMBL,CHEMBL4225258,,eval_set_nav_60,0,58.5%,0.200000002980232
C[C@@]12C[C@@H]3CN=C(N[C@@]3([C@@](O1)(CC2=O)O)C)N,0,FHGWEHGBCSMDMW-LFRFXUESSA-N,FHGWEHGBCSMDMW,PubChem,162660578,32896120,nav_test.csv,0,60.9%,0.203125
CC(C)[C@H](C[C@H](O)[C@@H](N)CN1CC(=O)N(c2ccccc2Cl)CC1(C)C)C(=O)NCC(C)(C)C.O=C(O)/C=C/C(=O)O,1,NEQDILQJMJOEBZ-VCOUNFBDSA-N,FTDWVSJHXBNDIK,ChEMBL,CHEMBL2387446,,eval_set_nav_60,0,64.9%,0.204301074147224
NCc1noc(-c2c3ccccc3nn2Cc2ccccc2)n1,1,WAKOOJIYVSJBBE-UHFFFAOYSA-N,WAKOOJIYVSJBBE,ChEMBL,CHEMBL466715,,eval_set_nav_70,1,50.7%,0.216216221451759
NCc1noc(-c2nn(Cc3ccccc3)c3ccccc23)n1,1,VUXLKOATKUTQHW-UHFFFAOYSA-N,VUXLKOATKUTQHW,ChEMBL,CHEMBL512079,,eval_set_nav_70,1,54.5%,0.219178080558777
O=C(NCc1noc(-c2nn(CCn3ccnc3)c3ccccc23)n1)c1ccccc1,0,PYIJFQHNPPKBFX-UHFFFAOYSA-N,PYIJFQHNPPKBFX,ChEMBL,CHEMBL3236343,,eval_set_nav_60,0,52.5%,0.221052631735802
C1=C2C(=CC(=C1Cl)Cl)N=C(N2)CNC(=O)CN,0,PUOWNSGONWNIDT-UHFFFAOYSA-N,PUOWNSGONWNIDT,PubChem,90256571,6331,nav_test.csv,0,61.4%,0.225806444883347
CS(=O)(=O)NC1=CC=CC(=N1)[C@H](C2=CC=C(C=C2)F)C(C3=CN=CC=C3)C4=CN=CC=C4,0,QPWKXYZJANVPLF-DEOSSOPVSA-N,QPWKXYZJANVPLF,PubChem,11525190,28131713,nav_test.csv,0,63.0%,0.243902444839478
O=C1N=C(O)NC1(c1ccccc1)c1ccccc1,0,CXOFVDLJLONNDW-UHFFFAOYSA-N,CXOFVDLJLONNDW,ChEMBL,CHEMBL16,,eval_set_nav_60,0,52.4%,0.244444444775581
CNC(=O)Nc1ccc2c(c1)CC[C@@]21OC(=O)N(CC(=O)N(Cc2ccc(F)cc2)[C@@H](C)C(F)(F)F)C1=O,1,VRVJKILQRBSEAG-LFPIHBKWSA-N,VRVJKILQRBSEAG,ChEMBL,CHEMBL4282264,,eval_set_nav_60,1,56.2%,0.25
C[C@H]1C[C@H](CCO1)N2C(=O)C[C@@](N=C2N)(C)C3=C(C(=CC=C3)NC4=CN=C(C=C4)C5CC5)Cl,1,NRQARCCHBBGTDO-LCAJTWGOSA-N,NRQARCCHBBGTDO,PubChem,156198318,36216349,nav_test.csv,1,52.2%,0.252427190542221
O=C1N(Cc2ccc(C(F)(F)F)o2)c2ccccc2[C@]12COc1cc3c(cc12)OCO3,1,NEBUOXBYNAHKFV-NRFANRHFSA-N,NEBUOXBYNAHKFV,PubChem,,49836093,eval_set_nav_70,1,63.2%,0.253164559602737
CN1C2=C(C=CC(=C2)C3=C(C(=CC=C3)F)OCC(C(F)(F)F)(F)F)C(=N1)N,0,KKHUHDWUJQBCCS-UHFFFAOYSA-N,KKHUHDWUJQBCCS,PubChem,122574532,6331,nav_test.csv,1,59.2%,0.276315778493881
C[C@@H]1CN(CCN1[C@H](C)C2=CC(=CC(=C2)Cl)Cl)CC3=CC(=C(C=C3C4CC4)C(=O)N)F,1,JZQURVBEWWCEHW-HUUCEWRRSA-N,JZQURVBEWWCEHW,PubChem,118120731,6331,nav_test.csv,1,57.0%,0.277108430862427
CCCCNC1=CC=C(C=C1)C(=O)OCCN(C)C,1,GKCBAIGFKIBETG-UHFFFAOYSA-N,GKCBAIGFKIBETG,PubChem,5411,29037948,nav_test.csv,1,54.2%,0.28125
CC1=C(C(=C(C=C1N(C)[C@H]2CCN(C2)CC3=CC=CC=C3)F)S(=O)(=O)NC4=NSC=C4)F,0,FJOZGGJMUOMTMA-KRWDZBQOSA-N,FJOZGGJMUOMTMA,PubChem,132141415,6331,nav_test.csv,1,57.0%,0.287234038114548
O=C(c1ccccc1-n1nccn1)N1CCC(F)(F)[C@@H](Oc2ccc3ccccc3n2)C1,1,VCYRJXZNOOUBSE-FQEVSTJZSA-N,VCYRJXZNOOUBSE,ChEMBL,CHEMBL3394848,,eval_set_nav_60,1,59.8%,0.295454531908035
O=C(NCc1noc(-c2c3ccccc3nn2CCn2ccnc2)n1)c1cccc(OC(F)(F)F)c1,1,IWCGRJRLSWGIIP-UHFFFAOYSA-N,IWCGRJRLSWGIIP,ChEMBL,CHEMBL3236329,,eval_set_nav_60,1,57.2%,0.300000011920929
CC1C(=O)NC2=C(O1)C=CC(=C2)OCCCCN3CCN(CC3)C4=CC=CC=C4C5=CC=C(C=C5)OC,1,YWHVBZKUIRBJHI-UHFFFAOYSA-N,YWHVBZKUIRBJHI,PubChem,162676611,32442850,nav_test.csv,1,76.5%,0.300000011920929
O=C(COc1cccc2cccnc12)Nc1ccccc1N1CCOCC1,1,ZJRDHGFMVANNGO-UHFFFAOYSA-N,ZJRDHGFMVANNGO,ChEMBL,CHEMBL1480490,,eval_set_nav_60,1,79.2%,0.308641970157623
C1C[C@H]2CC(C[C@@H]1N2CC3=CC(=C(C=C3C4CC4)C(=O)N)F)OC5=C(C=C(C=N5)C(F)(F)F)Cl,1,YENVCDVPWRTJND-SJPCQFCGSA-N,YENVCDVPWRTJND,PubChem,118120643,6331,nav_test.csv,1,61.3%,0.311111122369766
Cc1ccc(C(=O)N=C(N)N2CCc3ccccc32)cc1,0,YPVISEZUMCHVIE-UHFFFAOYSA-N,YPVISEZUMCHVIE,PubChem,,11780892,eval_set_nav_60,1,66.8%,0.316666662693024
Cc1cc(NS(C)(=O)=O)ccc1-c1ccc(Oc2ccccc2)cc1,1,RUHAKAZZMOIMAP-UHFFFAOYSA-N,RUHAKAZZMOIMAP,ChEMBL,CHEMBL3809761,,eval_set_nav_60,1,55.0%,0.321428567171097
COC1=CC=CC=C1N2C=NC(=C2N)C(=O)NC3=CC=C(C=C3)Cl,0,QRHWRVOGYSGMTL-UHFFFAOYSA-N,QRHWRVOGYSGMTL,PubChem,139268656,6331,nav_test.csv,0,53.8%,0.328125
C1CC1C2=CC(=C(C=C2CN3CCN(CC3)S(=O)(=O)C4=CC(=CC(=C4)Cl)Cl)F)C(=O)N,1,ZHOVMQJWRQDRFQ-UHFFFAOYSA-N,ZHOVMQJWRQDRFQ,PubChem,118120677,6331,nav_test.csv,1,67.2%,0.329113930463791
COC1=NC=CC(=C1)C2=CC=CC=C2N3C(=C(C=N3)C(=O)NC4=NC=C(C=C4)Cl)N,0,YOSGDVIVCBOVNI-UHFFFAOYSA-N,YOSGDVIVCBOVNI,PubChem,122640624,6331,nav_test.csv,0,67.8%,0.333333343267441
CC1=NC(=C(C=C1)F)CN2CC[C@@H](C2)N(C)C3=C(C(=C(C=C3)S(=O)(=O)NC4=CSC=N4)F)C,0,OMRSEARSOZVCNM-INIZCTEOSA-N,OMRSEARSOZVCNM,PubChem,132141525,6331,nav_test.csv,1,50.2%,0.336842119693756
O=C1CCN([C@H]2CCCC[C@@H]2OCCc2cccc3ccccc23)C1,0,OCJAMRRVVABJIC-VXKWHMMOSA-N,OCJAMRRVVABJIC,ChEMBL,CHEMBL375475,,eval_set_nav_70,1,97.2%,0.338235288858414
C1=CC(=CN=C1)C(C2=CN=CC=C2)[C@H](C3=C(N=CC=C3)C4=CC(=CC(=C4)Cl)Cl)O,0,ZRXWXSZEIJIKNS-QHCPKHFHSA-N,ZRXWXSZEIJIKNS,PubChem,16722295,28131713,nav_test.csv,1,52.8%,0.342857152223587
C[C@H](C1=CC=CC=C1)N2CCC(CC2)OC3=C(C=C(C=C3)S(=O)(=O)NC4=NC=C(C=N4)F)Cl,0,OSDNUBHAHGVCFG-MRXNPFEDSA-N,OSDNUBHAHGVCFG,PubChem,132141644,6331,nav_test.csv,1,65.5%,0.344444453716278
c1ccc2c(CCO[C@@H]3CCCC[C@H]3N3CCOCC3)cccc2c1,1,JQQLXARPNNPHPC-FGZHOGPDSA-N,JQQLXARPNNPHPC,PubChem,,9927877,eval_set_nav_70,1,95.8%,0.348484843969345
O=C(NC1CC(O)C1)c1ccc2cc(Oc3ccc(C(F)(F)F)cn3)ccc2n1,0,RSNYWHWFBAPIII-UHFFFAOYSA-N,RSNYWHWFBAPIII,CUPID,CUPID,,nav_test.csv,1,51.0%,0.348837196826935
CC(C)(C)N1CCC[C@H](C1)OC2=CC(=C(C=C2C3CC3)C(=O)N)F,1,QUPHWLXFBKJNLP-CYBMUJFWSA-N,QUPHWLXFBKJNLP,PubChem,118120697,6331,nav_test.csv,0,54.9%,0.363636374473572
CNCCN(C)C1=C(C=CC(=C1)F)NC2=CC(=C(C=C2Cl)S(=O)(=O)NC3=CC=CC=N3)F,0,WKMYZURBBBOQKI-UHFFFAOYSA-N,WKMYZURBBBOQKI,PubChem,129135889,6331,nav_test.csv,1,53.2%,0.364705890417099
Nc1nc(N)c(-c2cc(Cl)cc(Cl)c2Cl)c(CF)n1,1,QEDNOUAODRFJQN-UHFFFAOYSA-N,QEDNOUAODRFJQN,ChEMBL,CHEMBL448556,,eval_set_nav_60,0,52.8%,0.365384608507156
CC1=CC(=C(C=C1N(C)[C@H]2CCN(C2)CC3=NN(C=C3)CC(F)F)F)S(=O)(=O)NC4=CSC=N4,0,FOWVCVFRPKIDJL-INIZCTEOSA-N,FOWVCVFRPKIDJL,PubChem,132141704,6331,nav_test.csv,0,53.5%,0.375
CC1=CC(=C(C=C1N(C)[C@H]2CCN(C2)CC3=NC(=CN3C)C)F)S(=O)(=O)NC4=CSC=N4,0,CGAZMXTTWBQTDZ-INIZCTEOSA-N,CGAZMXTTWBQTDZ,PubChem,132141806,6331,nav_test.csv,0,57.4%,0.376344084739685
N=C(N)NC(=O)c1nc(Cl)c(N)nc1N,0,XSDQTOBWRPYKKA-UHFFFAOYSA-N,XSDQTOBWRPYKKA,ChEMBL,CHEMBL945,,eval_set_nav_60,0,69.5%,0.379310339689255
CC1=NC(=C(C=C1)F)CN2CC[C@@H](C2)N(C)C3=CC(=C(C=C3C)S(=O)(=O)NC4=CSC=N4)F,0,GQBIUYQZBTXKCI-INIZCTEOSA-N,GQBIUYQZBTXKCI,PubChem,132141490,6331,nav_test.csv,0,52.8%,0.380434781312943
CC1=CC(=C(C=C1N(C)[C@H]2CCN(C2)CC3=NN(C=C3)C(F)F)F)S(=O)(=O)NC4=CSC=N4,0,SVIQCPQXOGYORQ-HNNXBMFYSA-N,SVIQCPQXOGYORQ,PubChem,132141336,6331,nav_test.csv,1,50.6%,0.382978737354279
C1CC1C2=CC(=C(C=C2CN3CCC(CC3)OC4=C(C=C(C=C4)F)Cl)F)C(=O)NS(C5CC5)(O)O,1,WMRODYVLAXKAFG-UHFFFAOYSA-N,WMRODYVLAXKAFG,PubChem,132274448,6331,nav_test.csv,1,66.7%,0.383720934391022
CCN([C@H]1CCN(C1)CC2=CC=CC(=C2)C)C3=C(C=C(C=C3)S(=O)(=O)NC4=NC=NS4)Cl,0,UPJXEWCQPSMPFR-SFHVURJKSA-N,UPJXEWCQPSMPFR,PubChem,132141425,6331,nav_test.csv,1,61.2%,0.390243887901306
CC1=CC(=C(C=C1N(C)[C@H]2CCN(C2)[C@H]3CCC4=CC=CC=C34)F)S(=O)(=O)NC5=CSC=N5,0,VAEWPQNDVJTFSB-RXVVDRJESA-N,VAEWPQNDVJTFSB,PubChem,132142147,6331,nav_test.csv,1,55.7%,0.391304343938828
CN1CCN(c2ncc(-c3cc(Cl)cc(Cl)c3Cl)c(N)n2)CC1,1,PDOCBJADCWMDGL-UHFFFAOYSA-N,PDOCBJADCWMDGL,ChEMBL,CHEMBL28854,,eval_set_nav_60,1,51.2%,0.392857134342194
C1C[C@H]2CC(C[C@@H]1N2CC3=CC=CC=C3)OC4=C(C=C(C=C4)S(=O)(=O)NC5=CSC=N5)Cl,0,LFPMMIRLNLKUDE-DFNIBXOVSA-N,LFPMMIRLNLKUDE,PubChem,132141360,6331,nav_test.csv,1,61.0%,0.393617033958435
CC1=CC(=C(C=C1N(C)C2CCN(CC2)[C@H](C)C3=CC=CC=C3)F)S(=O)(=O)NC4=CSC=N4,0,SUUGGLCRMKIDCF-GOSISDBHSA-N,SUUGGLCRMKIDCF,PubChem,132141689,6331,nav_test.csv,1,61.5%,0.397727280855179
CC1=C(C(=C(C=C1N(C)[C@H]2CCN(C2)CC3=C(C=CC(=C3)F)F)F)S(=O)(=O)NC4=CSC=N4)F,1,JPGBAAWAHJVFTN-INIZCTEOSA-N,JPGBAAWAHJVFTN,PubChem,132141718,6331,nav_test.csv,1,63.5%,0.397727280855179
CC1=CC(=C(C=C1N(C)[C@H]2CCN(C2)CC3=CC=CC=C3OC)F)S(=O)(=O)NC4=CSC=N4,0,BDTNKVDLIDNNMC-SFHVURJKSA-N,BDTNKVDLIDNNMC,PubChem,132141514,6331,nav_test.csv,1,57.2%,0.397849470376968
CC1=CC=CC=C1CN2CC[C@@H](C2)N(C)C3=CC(=C(C=C3C)S(=O)(=O)NC4=CSC=N4)F,0,FSJFIKLZMJAZHH-IBGZPJMESA-N,FSJFIKLZMJAZHH,PubChem,132141789,6331,nav_test.csv,1,55.6%,0.400000005960465
CN[C@@H]1CCCN(C1)C2=C(C=CC(=C2)F)NC3=C(C=C(C=C3)S(=O)(=O)NC4=CSC=N4)Cl,0,HWVPSCMQPQCOFC-OAHLLOKOSA-N,HWVPSCMQPQCOFC,PubChem,135325359,6331,nav_test.csv,1,62.7%,0.402298837900162
Fc1ccc(CCCCNCCCN2CCCCC2)cc1,1,QJFRFNMLVHWXGJ-UHFFFAOYSA-N,QJFRFNMLVHWXGJ,PubChem,,71521280,eval_set_nav_70,1,65.0%,0.404255330562592
CC1=CC(=C(C=C1N(C)[C@H]2CCN(C2)CC3=C(C=CC=N3)OC)F)S(=O)(=O)NC4=CSC=N4,0,HWFLCKQPRJNKEP-INIZCTEOSA-N,HWFLCKQPRJNKEP,PubChem,132141598,6331,nav_test.csv,1,50.2%,0.404255330562592
CC1=C(C(=C(C=C1OC2(CCN(C2)CC3=CC=CC=C3)C)F)S(=O)(=O)NC4=NC=CS4)F,0,DBDVMPBQLFTNNJ-UHFFFAOYSA-N,DBDVMPBQLFTNNJ,PubChem,132142229,6331,nav_test.csv,1,60.2%,0.404761910438538
CC1=CC(=C(C=C1N(C)[C@H]2CCN(C2)CC3=CC=CC=C3O)F)S(=O)(=O)NC4=CSC=N4,0,WNLZKQSUQRXEPA-KRWDZBQOSA-N,WNLZKQSUQRXEPA,PubChem,132141886,6331,nav_test.csv,1,54.8%,0.406593412160873
CC1=CC(=C(C=C1N(C)[C@H]2CCN(C2)CC3=CC=CC=C3)F)S(=O)(=O)NC4=NC(=CC=C4)F,0,IKTNKGPVFJEKTJ-IBGZPJMESA-N,IKTNKGPVFJEKTJ,PubChem,132141871,6331,nav_test.csv,1,58.8%,0.409638553857803
O=S(=O)(Nc1ccncn1)c1cc2c(cc1F)[C@@H](N1CC[C@H](C(F)(F)F)C[C@@H]1c1ccccn1)CCO2,1,XQUOWYVEKSXNET-RYGJVYDSSA-N,XQUOWYVEKSXNET,ChEMBL,CHEMBL4464990,,eval_set_nav_60,1,88.5%,0.410526305437088
COc1ccc(CCN(C)CCCOc2nsc(-c3ccccc3)n2)cc1OC,1,RHJGWXNLFGHPHA-UHFFFAOYSA-N,RHJGWXNLFGHPHA,ChEMBL,CHEMBL452043,,eval_set_nav_60,1,79.0%,0.411764711141586
CNC1CCN(C1)C2=C(C=CC(=C2)C(F)(F)F)NC3=CC(=C(C=C3)S(=O)(=O)NC4=CSC=N4)F,0,YZHSBAJGLZIGBN-UHFFFAOYSA-N,YZHSBAJGLZIGBN,PubChem,135325200,6331,nav_test.csv,1,74.0%,0.413793116807938
CN=C(N)NC(=O)Nc1c(C)cccc1C,0,RRHJHSBDJDZUGL-UHFFFAOYSA-N,RRHJHSBDJDZUGL,CUPID,CUPID,,nav_test.csv,0,58.7%,0.414634138345718
Cc1nn([C@@H]2CCN([C@H](C)c3cc(Cl)cc(Cl)c3)C2)c2cc(F)c(C(=O)NS(=O)(=O)C3CC3)cc12,1,KQQXPTRMUYKUIC-RDTXWAMCSA-N,KQQXPTRMUYKUIC,PubChem,,129177689,eval_set_nav_60,1,53.5%,0.417721509933472
CN([C@H]1CCN(C1)CC2=NC(=CC=C2)Br)C3=CC(=C(C=C3Cl)S(=O)(=O)NC4=CSC=N4)F,0,MRCDRWKJKXYPPV-AWEZNQCLSA-N,MRCDRWKJKXYPPV,PubChem,132141591,6331,nav_test.csv,1,59.8%,0.420454531908035
C1C[C@H]2CC(C[C@@H]1N2CC3=C(C=CC(=C3)Cl)F)OC4=C(C=C(C=C4)S(=O)(=O)NC5=CSC=N5)Cl,1,SSSNYOKSRVVKFL-JWTNVVGKSA-N,SSSNYOKSRVVKFL,PubChem,132141788,6331,nav_test.csv,1,61.3%,0.420454531908035
O=C(Nc1ccc(S(=O)(=O)Nc2nccs2)cc1)C(c1ccccc1)c1ccccc1,1,URSQNPPONHUJDL-UHFFFAOYSA-N,URSQNPPONHUJDL,ChEMBL,CHEMBL3617053,,eval_set_nav_60,0,52.5%,0.424242436885834
CN([C@H]1CCN(C1)CC2=CC(=NC=C2)C(F)(F)F)C3=CC(=C(C=C3Cl)S(=O)(=O)NC4=CSC=N4)F,0,OTONOMQCZOPDOY-AWEZNQCLSA-N,OTONOMQCZOPDOY,PubChem,132141480,6331,nav_test.csv,1,73.8%,0.425287365913391
CC1=NC(=C(C=C1)F)CN2CC[C@@H](C2)N(C)C3=CC(=C(C=C3Cl)S(=O)(=O)NC4=CSC=N4)F,0,YLUTWCUFBMBBBY-AWEZNQCLSA-N,YLUTWCUFBMBBBY,PubChem,132141445,6331,nav_test.csv,1,58.2%,0.430232554674149
CN1C=CC=C1CN2CC[C@@H](C2)N(C)C3=CC(=C(C=C3Cl)S(=O)(=O)NC4=CSC=N4)F,0,OIZLNPMPHGORJB-HNNXBMFYSA-N,OIZLNPMPHGORJB,PubChem,132141757,6331,nav_test.csv,1,52.3%,0.430232554674149
Cc1ccc(C(=O)NC(=N)Nc2ccc(C(C)C)cc2)cc1,0,WDPXCMSDLIQGSR-UHFFFAOYSA-N,WDPXCMSDLIQGSR,ChEMBL,CHEMBL107394,,eval_set_nav_60,1,75.4%,0.431372553110123
CC(C)(C1=CC=CC=C1)N2CC[C@@H](C2)N(C)C3=CC(=C(C=C3Cl)S(=O)(=O)NC4=CSC=N4)F,0,HBGSYDPAKUXTJO-KRWDZBQOSA-N,HBGSYDPAKUXTJO,PubChem,132141680,6331,nav_test.csv,1,57.2%,0.433734953403473
CN([C@H]1CCN(C1)CC2=CC=CS2)C3=CC(=C(C=C3Cl)S(=O)(=O)NC4=CSC=N4)F,0,DDDSFCBWEZZPCQ-ZDUSSCGKSA-N,DDDSFCBWEZZPCQ,PubChem,132141750,6331,nav_test.csv,1,60.0%,0.43529412150383
C1CN(C[C@@H]1OC2=C(C=C(C=C2)S(=O)(=O)NC3=NC=NS3)Cl)CC4=CC=CC=C4,0,RZHKVIUTGVNHNH-OAHLLOKOSA-N,RZHKVIUTGVNHNH,PubChem,145866026,6331,nav_test.csv,1,68.2%,0.438356161117554
CN([C@@H]1CCN(C1)CC2=CC=CC=C2)C3=C(C=C(C=C3)S(=O)(=O)NC4=NC=NS4)Cl,0,HWZPSRQCMSIPIQ-MRXNPFEDSA-N,HWZPSRQCMSIPIQ,PubChem,132142372,6331,nav_test.csv,1,67.1%,0.439024388790131
CC1=CC=CC=C1CN2CCC(CC2)OC3=C(C=C(C=C3)S(=O)(=O)NC4=NC=CS4)Cl,1,GLZPATOXLOANPL-UHFFFAOYSA-N,GLZPATOXLOANPL,PubChem,132141434,6331,nav_test.csv,1,68.5%,0.439024388790131
FC(F)(F)Oc1ccc(-c2ccn3nccc3c2)cc1,1,FHOXJMONASWIJU-UHFFFAOYSA-N,FHOXJMONASWIJU,PubChem,,127044563,eval_set_nav_60,1,72.0%,0.439999997615814
CCCC1=CC=C(C=C1)CN2CC[C@@H](C2)N(C)C3=CC(=C(C=C3Cl)S(=O)(=O)NC4=CSC=N4)F,1,HHNFXOYVWYCPDX-IBGZPJMESA-N,HHNFXOYVWYCPDX,PubChem,132141426,6331,nav_test.csv,1,55.0%,0.440860211849213
COC1=CC=C(C=C1)C2=CC=CC=C2N3CCN(CC3)C[C@H](COC4=CC=C(C=C4)C5=CN6C=CC=CC6=N5)O,1,UMIUFZIZERXHBB-HHHXNRCGSA-N,UMIUFZIZERXHBB,PubChem,162674732,32442850,nav_test.csv,1,72.2%,0.441558450460434
CCC(Nc1ccc(S(=O)(=O)Nc2nccs2)cc1Cl)c1ccccc1,0,SDPRTZGVTOHKRX-UHFFFAOYSA-N,SDPRTZGVTOHKRX,PubChem,,134585934,eval_set_nav_60,1,61.7%,0.444444447755814
CN([C@H]1CCN(C1)CC2=CC=C(C=C2)Br)C3=CC(=C(C=C3Cl)S(=O)(=O)NC4=CSC=N4)F,1,MUZRKCPDAHUGSX-INIZCTEOSA-N,MUZRKCPDAHUGSX,PubChem,132141725,6331,nav_test.csv,1,62.0%,0.445783138275147
CS(=O)(=O)NC(=O)C1=C(C=C(C(=C1)C2CC2)CN3CCC(CC3)OC4=CC(=C(C=C4)Cl)C(F)(F)F)F,1,NNHKHFSPYFNKEK-UHFFFAOYSA-N,NNHKHFSPYFNKEK,PubChem,118353644,6331,nav_test.csv,1,74.5%,0.447368413209915
C1CN(CCC1OC2=C(C=C(C=C2)S(=O)(=O)NC3=NC=CS3)Cl)CC4=CC=CC=N4,0,LMSYMVSTHZPGCN-UHFFFAOYSA-N,LMSYMVSTHZPGCN,PubChem,132141599,6331,nav_test.csv,1,67.2%,0.448717951774597
O=c1[nH]nc2ccc(-c3ccc(Oc4ccc(F)cc4)cc3)cn12,0,GBFWACWSCPFMSP-UHFFFAOYSA-N,GBFWACWSCPFMSP,CUPID,CUPID,,nav_test.csv,1,55.8%,0.449999988079071
CN([C@H]1CCN(C1)CC2=CC(=CC=C2)C(F)(F)F)C3=CC(=C(C=C3Cl)S(=O)(=O)NC4=CSC=N4)F,1,BSMGQIYCOMFQNZ-INIZCTEOSA-N,BSMGQIYCOMFQNZ,PubChem,132142096,6331,nav_test.csv,1,77.5%,0.450549453496933
CC1(C)CCc2cc(OCc3cc(F)c(C(=O)NS(=O)(=O)N4CCC4)cc3Cl)ccc2O1,1,BTKIGPLGDZHMLE-UHFFFAOYSA-N,BTKIGPLGDZHMLE,ChEMBL,CHEMBL3657848,,eval_set_nav_60,1,69.8%,0.453333348035812
C1CC1C2=CC(=C(C=C2CN3CCC(CC3)OC4=CC(=C(C=C4)Cl)Cl)F)C(=O)NS(=O)(=O)C5CC5,1,ODTVLWVECQNUSX-UHFFFAOYSA-N,ODTVLWVECQNUSX,PubChem,118110887,6331,nav_test.csv,1,68.2%,0.454545468091965
COc1cc(NC(=N)NC(=O)c2ccc(C)cc2)cc(OC)c1OC,0,OERUPTYNADMLHW-UHFFFAOYSA-N,OERUPTYNADMLHW,ChEMBL,CHEMBL105782,,eval_set_nav_60,0,53.2%,0.456140339374542
CCN=C1N[C@@H]2C[C@H](O)[C@@H](CO)O[C@@H]2S1,0,WYAROEYZBMXNIZ-ULAWRXDQSA-N,WYAROEYZBMXNIZ,PubChem,,136416802,eval_set_nav_60,0,87.2%,0.458333343267441
N=C(N)NCCC[C@@H]1NC(=O)[C@H]2CSSC[C@@H]3NC(=O)[C@@H](N)CSSC[C@H](NC(=O)[C@H](CCCNC(=N)N)NC(=O)[C@H](CO)NC(=O)[C@H](Cc4c[nH]cn4)NC(=O)[C@H](CC(=O)O)NC1=O)C(=O)N[C@H](C(=O)O)CSSC[C@H](NC(=O)[C@H](CC(N)=O)NC3=O)C(=O)N[C@@H](CO)C(=O)N[C@@H](CO)C(=O)N[C@@H](CCCCN)C(=O)N[C@@H](Cc1c[nH]c3ccccc13)C(=O)N2,0,RBQRPVYHDUYUMZ-HXUJBDNLSA-N,RBQRPVYHDUYUMZ,ChEMBL,CHEMBL4524078,,eval_set_nav_60,1,60.8%,0.458333343267441
Nc1nc2c(s1)C[C@@H](NCc1ccc[nH]1)CC2,0,FSDSCIFVFZAKMK-QMMMGPOBSA-N,FSDSCIFVFZAKMK,PubChem,,76320733,eval_set_nav_60,1,57.0%,0.460317462682724
Cc1ccc(C(=O)NC(N)=Nc2ccc(OC(C)C)cc2)cc1,1,ADQMCDSJZCPRNK-UHFFFAOYSA-N,ADQMCDSJZCPRNK,PubChem,,135568535,eval_set_nav_60,1,60.8%,0.462962955236435
CS(=O)(=O)NC(=O)C1=C(C=C(C(=C1)C2CC2)O[C@@H]3CCCN(C3)CC4=CC(=C(C=C4)C(F)(F)F)Cl)F,1,QJCLEBMUIYIWPM-MRXNPFEDSA-N,QJCLEBMUIYIWPM,PubChem,118120493,6331,nav_test.csv,1,66.2%,0.468354433774948
C1CC1C2=CC(=C(C=C2CN3CCC(CC3)(CF)C4=CC=C(C=C4)F)F)C(=O)NS(=O)(=O)C5CC5,1,JNHAPOOUQJCAFX-UHFFFAOYSA-N,JNHAPOOUQJCAFX,PubChem,118353791,6331,nav_test.csv,1,76.4%,0.472972959280014
Clc1ccc(CCO[C@@H]2CCCC[C@H]2N2CCOCC2)cc1Cl,0,XYNMOULGJNGXPD-QZTJIDSGSA-N,XYNMOULGJNGXPD,PubChem,,10406083,eval_set_nav_60,1,72.8%,0.474576264619827
CN1CCN(CC1)C2=C(C=CC(=C2)OC(F)(F)F)NC3=CC(=C(C=C3Cl)S(=O)(=O)NC4=CSC=N4)F,0,FNPORSLWKWJIJE-UHFFFAOYSA-N,FNPORSLWKWJIJE,PubChem,135325368,6331,nav_test.csv,1,69.3%,0.475609749555588
O=c1oc2cc(S(=O)(=O)Nc3ncns3)ccc2n1Cc1ccccc1,0,HMJMQGPOPAKICS-UHFFFAOYSA-N,HMJMQGPOPAKICS,PubChem,,71555980,eval_set_nav_70,1,57.8%,0.477611929178238
C1CN(C[C@@H]([C@H]1OC2=CC(=C(C=C2F)S(=O)(=O)NC3=NC=CC(=C3)F)F)C4=CC=CC=C4)CC(F)(F)F,1,COJIFWFNKQDYFM-XLIONFOSSA-N,COJIFWFNKQDYFM,PubChem,164624292,34044121,nav_test.csv,1,71.4%,0.477777779102325
C1CC1C2=CC(=C(C=C2CN3CCC(CC3)OC4=CC=C(C=C4)F)F)C(=O)NS(=O)(=O)C5CC5,1,PIAMDGSWBSJLFZ-UHFFFAOYSA-N,PIAMDGSWBSJLFZ,PubChem,118353776,6331,nav_test.csv,1,70.0%,0.479452043771744
COc1ncc(-c2nc(C(=O)N=C(N)N)c(N)nc2N)cn1,0,XFGYFQDKMRBURI-UHFFFAOYSA-N,XFGYFQDKMRBURI,CUPID,CUPID,,nav_test.csv,0,73.0%,0.481481492519379
O=C(c1ccc(C(F)(F)F)cc1)N1CCC2(CCc3ccccc3O2)CC1,1,QYZZTCYPDDNZDI-UHFFFAOYSA-N,QYZZTCYPDDNZDI,ChEMBL,CHEMBL524992,,eval_set_nav_70,1,87.2%,0.483333319425583
O=c1sc2cc(S(=O)(=O)Nc3ncns3)ccc2n1Cc1ccccc1,0,GTHCYFOABKSWFV-UHFFFAOYSA-N,GTHCYFOABKSWFV,PubChem,,137638536,eval_set_nav_70,1,58.5%,0.484848499298096
C1C[C@H](CN(C1)CC2=C(C=C(C=C2)F)F)OC3=CC(=C(C=C3C4CC4)C(=O)NS(=O)(=O)C5CC5)F,1,YUKHSCCDWXOWBQ-GOSISDBHSA-N,YUKHSCCDWXOWBQ,PubChem,118120261,6331,nav_test.csv,1,72.2%,0.486842095851898
CS(=O)(=O)NC(=O)C1=C(C=C(C(=C1)C2CC2)O[C@@H]3CCCN(C3)CC4=CC(=CC=C4)C5=CC=CC=C5)F,1,FMFYHAKGBTVJEQ-XMMPIXPASA-N,FMFYHAKGBTVJEQ,PubChem,118110830,6331,nav_test.csv,1,57.0%,0.486842095851898
O=C(NS(=O)(=O)C1CC1)c1cc(Cl)c(OCCC2CCC3(CCN(Cc4ccsc4)CC3)C2)cc1F,0,KCYQMNUPNUZCDA-UHFFFAOYSA-N,KCYQMNUPNUZCDA,CUPID,CUPID,,nav_test.csv,1,64.9%,0.487804889678955
C1CN(C[C@@H]([C@H]1OC2=CC(=C(C=C2F)S(=O)(=O)NC3=NC(=CC=C3)Cl)F)C4=CC=CC=C4)CC(F)(F)F,1,RBRGBOMUILERAC-APWZRJJASA-N,RBRGBOMUILERAC,PubChem,164620968,34044121,nav_test.csv,1,72.2%,0.488888889551163
C1CC1S(=O)(=O)NC(=O)C2=CC(=C(C=C2F)OCC3CCN(CC3)CC4=CC(=CC(=C4)Cl)OC(F)(F)F)Cl,1,VOGXZTHYVIFHTJ-UHFFFAOYSA-N,VOGXZTHYVIFHTJ,PubChem,118120497,6331,nav_test.csv,1,72.0%,0.493506491184235
CS(=O)(=O)NC(=O)C1=C(C=C(C(=C1)C2CC2)OCC3(CCN(CC3)CC4=C(C(=CC(=C4)C(F)(F)F)Cl)F)C#N)F,1,PXIOSRRDENCWDU-UHFFFAOYSA-N,PXIOSRRDENCWDU,PubChem,118120602,6331,nav_test.csv,1,66.1%,0.5
C[C@H](Nc1cc(F)c(S(=O)(=O)Nc2cscn2)cc1Cl)c1cc(F)ccc1F,0,KLWKJFRXLGLTIH-VIFPVBQESA-N,KLWKJFRXLGLTIH,ChEMBL,CHEMBL4580996,,eval_set_nav_60,1,53.2%,0.5
COc1ccccc1OCC(Cn1nc2ccc(-c3ccc(OC(F)(F)F)cc3)cn2c1=O)OC,1,CFZZBGFEIPOQTD-UHFFFAOYSA-N,CFZZBGFEIPOQTD,ChEMBL,CHEMBL2147048,,eval_set_nav_60,1,79.0%,0.5
Cc1ccc(C(=O)NC(N)=Nc2ccccc2C(C)C)cc1,1,HAZYNDYPJCTQNO-UHFFFAOYSA-N,HAZYNDYPJCTQNO,PubChem,,135568488,eval_set_nav_60,1,65.1%,0.5
CS(=O)(=O)c1ccc2c(c1)CCC1(CCN(C(=O)Cc3ccc(Cl)cc3Cl)CC1)O2,1,RTSHWIRSEUIDML-UHFFFAOYSA-N,RTSHWIRSEUIDML,ChEMBL,CHEMBL497829,,eval_set_nav_60,1,74.5%,0.50684928894043
O=C(NCc1ccccc1Br)c1c2ccccc2c(O)n1CCc1ccccn1,0,NTMXMLPHBPWTAG-UHFFFAOYSA-N,NTMXMLPHBPWTAG,CUPID,CUPID,,nav_test.csv,0,60.2%,0.507462680339813
COc1ccc2[nH]cc(CC/N=C(/N)NC(=O)c3ccc(C)cc3)c2c1,1,MWVDXILYDYYTKX-UHFFFAOYSA-N,MWVDXILYDYYTKX,ChEMBL,CHEMBL421032,,eval_set_nav_70,1,51.0%,0.508474588394165
CC(C)C[C@H](N)Cc1nc(-c2ccc(Cl)cc2)c[nH]1,0,KWHWTZDVUUPSGW-ZDUSSCGKSA-N,KWHWTZDVUUPSGW,ChEMBL,CHEMBL4070372,,eval_set_nav_60,1,74.0%,0.510204076766968
CC(C)(C)OC(=O)N1CCn2cc(C(=O)N3CCOc4ccc(-c5ccc(C(F)(F)F)cc5)cc4C3)nc2C1,1,ULOASPGLPYXCSB-UHFFFAOYSA-N,ULOASPGLPYXCSB,ChEMBL,CHEMBL3963242,,eval_set_nav_60,1,77.5%,0.513157904148102
CNCCN(C)C1=C(C=CC(=C1)F)NC2=CC(=C(C=C2Cl)S(=O)(=O)NC3=NC=CS3)F,0,JYSKKAYROUXYED-UHFFFAOYSA-N,JYSKKAYROUXYED,PubChem,129136370,6331,nav_test.csv,1,54.6%,0.513513505458832
O=C1COc2cc(S(=O)(=O)Nc3nncs3)ccc2N1c1cccc(Cl)c1,1,JINAKERWLWJBCQ-UHFFFAOYSA-N,JINAKERWLWJBCQ,PubChem,,71711364,eval_set_nav_60,1,72.5%,0.513888895511627
CC1(CN(C1)CC2=CC=CC=C2)NC3=C(C=C(C=C3)S(=O)(=O)NC4=NC=CS4)Cl,0,UZOSWFKJNJAJQE-UHFFFAOYSA-N,UZOSWFKJNJAJQE,PubChem,132141444,6331,nav_test.csv,1,62.7%,0.513888895511627
CC1(c2ccccc2)CCCN(C(=O)NCc2ccc(Cl)cc2Cl)C1,1,MBEXSEUYYAPDIQ-UHFFFAOYSA-N,MBEXSEUYYAPDIQ,ChEMBL,CHEMBL1080973,,eval_set_nav_70,1,86.0%,0.517241358757019
CCS(=O)(=O)NC(=O)C1=C(C=C(C(=C1)C2CC2)OCC3CCN(CC3)CC4=NC(=CC(=C4)C(F)(F)F)C5CC5)F,1,QMRDOUTXSQARSD-UHFFFAOYSA-N,QMRDOUTXSQARSD,PubChem,118120567,6331,nav_test.csv,1,66.5%,0.518987357616425
C1CN(C[C@@H]([C@H]1OC2=CC(=C(C=C2F)S(=O)(=O)NC3=NC=C(S3)F)F)C4=CC=CC=C4)CC(F)(F)F,1,GHQYWTKNXLWZCO-PBHICJAKSA-N,GHQYWTKNXLWZCO,PubChem,164609386,34044121,nav_test.csv,1,65.8%,0.522727251052856
FC(F)(F)Oc1ccc(-c2ccc3ncnn3c2)cc1,1,WPGPHZLRUDISOQ-UHFFFAOYSA-N,WPGPHZLRUDISOQ,ChEMBL,CHEMBL3809877,,eval_set_nav_60,1,73.0%,0.522727251052856
FC(F)(F)Oc1ccc(-c2ccc3nccn3c2)cc1,1,RMBCZKTYFLIFNY-UHFFFAOYSA-N,RMBCZKTYFLIFNY,ChEMBL,CHEMBL3809092,,eval_set_nav_70,1,72.5%,0.522727251052856
CC1(c2ccccc2)CCCN(C(=O)NCc2ccc(-c3ccc4[nH]ccc4c3)cc2)C1,1,HIQKQNMARNQIET-UHFFFAOYSA-N,HIQKQNMARNQIET,ChEMBL,CHEMBL1078264,,eval_set_nav_70,1,93.2%,0.523809552192688
CC1(c2ccccc2)CCCN(C(=O)NCc2ccc(-c3ccccc3C(F)(F)F)cc2)C1,1,JAJFLSQZGKSQFF-UHFFFAOYSA-N,JAJFLSQZGKSQFF,ChEMBL,CHEMBL1080974,,eval_set_nav_70,1,78.5%,0.524590134620667
CC1(CCN(CC1)CC2=CC(=CC(=C2)Cl)C(F)(F)F)COC3=CC(=C(C=C3C4CC4)C(=O)NS(=O)(=O)C)F,1,QZFIAUDHZFQMKI-UHFFFAOYSA-N,QZFIAUDHZFQMKI,PubChem,118110575,6331,nav_test.csv,1,69.1%,0.525641024112701
CS(=O)(=O)c1ccc2c(c1)CCC1(CCN(C(=O)c3ccc(C(F)(F)F)cc3)CC1)O2,1,TXDIMDCQMFKIQP-UHFFFAOYSA-N,TXDIMDCQMFKIQP,PubChem,,44583354,eval_set_nav_70,1,75.5%,0.528571426868439
C1CN(CCC1OC2=CC(=C(C=C2Cl)S(=O)(=O)NC3=NC=CS3)F)CC4=CC=CC=C4,0,GLMLTBONXAXOHT-UHFFFAOYSA-N,GLMLTBONXAXOHT,PubChem,132141636,6331,nav_test.csv,1,72.6%,0.530120491981506
Cl.Cl.Nc1nc2c(s1)C[C@@H](NC(=O)[C@@H]1CCCN1)CC2,0,AQKZGIDASMHCKF-CBAPKCEASA-N,QTKCIOLFYDHNAJ,ChEMBL,CHEMBL3085868,,eval_set_nav_70,0,76.3%,0.532258093357086
CC1(CCN(CC1)CC2=C(C=C(C=C2)F)C(F)(F)F)COC3=CC(=C(C=C3C4CC4)C(=O)NS(=O)(=O)C)F,1,OHBBONZPZRTSGV-UHFFFAOYSA-N,OHBBONZPZRTSGV,PubChem,118111137,6331,nav_test.csv,1,65.8%,0.532467544078827
FC(F)(F)Oc1ccc(-c2ccc3nc(C(F)(F)F)nn3c2)cc1,1,HTDIUSNAZRHFAD-UHFFFAOYSA-N,HTDIUSNAZRHFAD,ChEMBL,CHEMBL3809153,,eval_set_nav_60,1,85.0%,0.533333361148834
COc1cccc2[nH]cc(CC/N=C(/N)NC(=O)c3ccc(C)cc3)c12,1,XEAYYEPMPLLWAA-UHFFFAOYSA-N,XEAYYEPMPLLWAA,ChEMBL,CHEMBL320314,,eval_set_nav_70,1,53.0%,0.534482777118683
COc1ccc(CNC(=O)c2c3ccccc3c(O)n2CCc2ccccn2)cc1,0,MLUUGSGOUWMXGU-UHFFFAOYSA-N,MLUUGSGOUWMXGU,CUPID,CUPID,,nav_test.csv,0,53.0%,0.536231875419617
C1CC1C2=CC(=C(C=C2OC3CC4(C3)CN(C4)CC5=C(C=C(C=C5)F)Cl)F)C(=O)NS(=O)(=O)N6CC(C6)F,1,PJROXNYIBSIPGN-UHFFFAOYSA-N,PJROXNYIBSIPGN,PubChem,118120287,6331,nav_test.csv,1,73.5%,0.53658539056778
CS(=O)(=O)Nc1nnc2cc(COc3cc(Cl)cc(Cl)c3)c(C3CC3)cn12,1,DPIPLAYFRAXNRK-UHFFFAOYSA-N,DPIPLAYFRAXNRK,PubChem,,117608566,eval_set_nav_60,1,52.7%,0.537313461303711
CCS(=O)(=O)NC(=O)C1=C(C=C(C(=C1)C2CC2)OCC3CCN(CC3)[C@@H](C4=CC(=CC(=C4)Cl)Cl)C(C)(C)OC)F,1,QMIHBNPMTMLUMI-MHZLTWQESA-N,QMIHBNPMTMLUMI,PubChem,118111078,6331,nav_test.csv,1,59.9%,0.538461565971375
CC1(c2ccccc2)CN(c2cccc3cc(S(=O)(=O)Nc4ncns4)ccc23)CCO1,1,UIHBPMLKWAVTGJ-UHFFFAOYSA-N,UIHBPMLKWAVTGJ,PubChem,,71585933,eval_set_nav_70,1,66.0%,0.539473712444305
C1C[C@H](CN(C1)CC2=CC(=C(C=C2)Cl)Cl)OC3=CC(=C(C=C3C4CC4)C(=O)NS(=O)(=O)N5CCC5)F,1,SNRRDPDZYDUBBS-GOSISDBHSA-N,SNRRDPDZYDUBBS,PubChem,118120458,6331,nav_test.csv,1,70.0%,0.539473712444305
CC1(c2ccccc2)CCCN(C(=O)NCc2ccc(-c3ccccn3)cc2)C1,1,JQJWBTBQHCLTMC-UHFFFAOYSA-N,JQJWBTBQHCLTMC,PubChem,,46883510,eval_set_nav_70,1,97.5%,0.54237288236618
CS(=O)(=O)NC(=O)C1=C(C=C(C(=C1)C2CC2)CN3CCC(CC3)OC4=CC(=C(C=C4)Cl)Cl)F,1,VTXQPYBQEIOMKD-UHFFFAOYSA-N,VTXQPYBQEIOMKD,PubChem,118110725,6331,nav_test.csv,1,57.9%,0.544117629528046
CN(C)S(=O)(=O)NC(=O)c1cc(Cl)c(OC2CC3CC2C2CCCC32)cc1F,1,RASHHQCIWFZESH-UHFFFAOYSA-N,RASHHQCIWFZESH,ChEMBL,CHEMBL3657921,,eval_set_nav_60,1,75.1%,0.544117629528046
Fc1ccc(C(CCCNCCCN2CCCCC2)c2ccc(F)cc2)cc1,1,YHDCQGYFBMAZSX-UHFFFAOYSA-N,YHDCQGYFBMAZSX,PubChem,,71521279,eval_set_nav_70,1,97.0%,0.545454561710358
FC(F)(F)Oc1ccc(-c2ccc3nc(C(F)(F)F)cn3c2)cc1,1,FCGKHXGDDHEBGB-UHFFFAOYSA-N,FCGKHXGDDHEBGB,ChEMBL,CHEMBL3808489,,eval_set_nav_60,1,84.8%,0.545454561710358
C1CN(C[C@H](C1C2=CC(=C(C=C2)F)F)COC3=CC(=C(C=C3F)S(=O)(=O)NC4=NC=C(S4)Cl)F)C(=O)N,0,DCTXGZORGKDRBN-UEWDXFNNSA-N,DCTXGZORGKDRBN,PubChem,117625334,6331,nav_test.csv,1,75.5%,0.551724135875702
C[C@H](Nc1cc(F)c(S(=O)(=O)Nc2cscn2)c(F)c1)c1ccccc1F,0,KTUKIQYULOKPOV-JTQLQIEISA-N,KTUKIQYULOKPOV,PubChem,,134585678,eval_set_nav_60,1,52.0%,0.552238821983337
Cl.Cl.Nc1nc2c(s1)CC(CNC(=O)[C@@H]1CCCN1)CC2,0,LLEHSPCMDVAZAD-HTLJXXAVSA-N,VUAHISPVYZJISX,PubChem,,76313502,eval_set_nav_70,0,73.3%,0.553846180438995
CC(C)Oc1ncc(Oc2cc(F)c(C(=O)NS(=O)(=O)N3CCC3)cc2C2CC2)cc1Cl,1,FTFVFAHJHJQWBC-UHFFFAOYSA-N,FTFVFAHJHJQWBC,ChEMBL,CHEMBL3341984,,eval_set_nav_60,1,56.2%,0.554054081439972
O=S(=O)(Nc1ncns1)c1ccc2c(N3CCOC(c4ccccc4)C3)cccc2c1,0,PRMPMEPZCSZBOP-UHFFFAOYSA-N,PRMPMEPZCSZBOP,CUPID,CUPID,,nav_test.csv,1,69.8%,0.554054081439972
O=c1[nH]nc2ccc(-c3ccc(OC(F)(F)F)cc3)cn12,1,WCKSPUOMUKLNAH-UHFFFAOYSA-N,WCKSPUOMUKLNAH,PubChem,,58044589,eval_set_nav_70,1,73.8%,0.555555582046509
CC1(CN(C1)C2=C(C=NC=C2)C(F)(F)F)COC3=CC(=C(C=C3C4CC4)C(=O)NS(=O)(=O)C5CC5)F,1,WDENVSHHVGKVLV-UHFFFAOYSA-N,WDENVSHHVGKVLV,PubChem,118120562,6331,nav_test.csv,1,68.2%,0.556962013244629
FC(F)(F)c1nnc2ccc(-c3ccc(Cl)cc3Cl)cn12,1,VPHPSGABKOYERE-UHFFFAOYSA-N,VPHPSGABKOYERE,ChEMBL,CHEMBL3809139,,eval_set_nav_60,1,74.9%,0.558139562606812
FC(F)(F)Oc1ccc(-c2ccc3nncn3c2)cc1,1,WZVPHJFWDKUPJJ-UHFFFAOYSA-N,WZVPHJFWDKUPJJ,PubChem,,66849415,eval_set_nav_70,1,75.8%,0.558139562606812
O=S(=O)(Nc1ncns1)c1ccc2c(c1)OCC(c1ccccc1)N2c1ccc(C(F)(F)F)cc1,1,RPOHHODXGPCIOK-UHFFFAOYSA-N,RPOHHODXGPCIOK,PubChem,,71712048,eval_set_nav_60,1,88.5%,0.558441579341888
CNS(=O)(=O)NC(=O)c1cc(Cl)c(Oc2cnc(OCC(C)C)c(Cl)c2)cc1F,1,JUNVHJRBBDXQAH-UHFFFAOYSA-N,JUNVHJRBBDXQAH,ChEMBL,CHEMBL3617065,,eval_set_nav_60,0,52.0%,0.558823525905609
Cc1ccc(C(=O)NC(N)=NCc2cccc3ccccc23)cc1,1,VPWXWSXUPGZSLH-UHFFFAOYSA-N,VPWXWSXUPGZSLH,PubChem,,22149230,eval_set_nav_60,1,75.2%,0.560000002384186
C1CC1C2=CC(=C(C=C2OCC3(CCN(CC3)CC4=C(C(=CC(=C4)C(F)(F)F)Cl)F)F)F)C(=O)NS(=O)(=O)C5CC5,1,QIQDHFDWFWPFKT-UHFFFAOYSA-N,QIQDHFDWFWPFKT,PubChem,118120449,6331,nav_test.csv,1,73.1%,0.5625
CC(C)(C)c1ccc(CSc2nc(N)cc(O)n2)cc1,1,ASEDNWCJVUADNB-UHFFFAOYSA-N,ASEDNWCJVUADNB,ChEMBL,CHEMBL1313991,,eval_set_nav_60,1,66.8%,0.5625
CC1(CCN(CC1)C2=NC=C(C(=C2)C(F)(F)F)Cl)COC3=CC(=C(C=C3C4CC4)C(=O)NS(=O)(=O)C5CC5)F,1,DBQDFEJHUOPISY-UHFFFAOYSA-N,DBQDFEJHUOPISY,PubChem,118120529,6331,nav_test.csv,1,74.8%,0.5625
CCS(=O)(=O)NC(=O)C1=C(C=C(C(=C1)C2CC2)OCC3CCN(CC3)[C@@H](COC)C4=C(C=C(C=C4)Cl)Cl)F,1,IKDXHRATCNECAM-VWLOTQADSA-N,IKDXHRATCNECAM,PubChem,118110749,6331,nav_test.csv,1,53.8%,0.564102590084076
O=C(Oc1ccc([N+](=O)[O-])cc1)N1CCOc2cc(S(=O)(=O)Nc3nccs3)ccc21,1,DRRSLMJDRWFTEP-UHFFFAOYSA-N,DRRSLMJDRWFTEP,PubChem,,89761937,eval_set_nav_60,1,75.0%,0.565789461135864
CC1(c2ccccc2)CCCN(C(=O)N[C@H]2C[C@@H]2c2ccccc2)C1,1,UUJAMNFWDAPMSE-MFCMXAAESA-N,UUJAMNFWDAPMSE,ChEMBL,CHEMBL1077780,,eval_set_nav_60,1,95.8%,0.566037714481354
C1CN(CCC1C(=O)NC2=CC=CC=C2)CC(COC3=CC=C(C=C3)C(F)(F)F)O,1,MQDHWFBAOKEPSN-UHFFFAOYSA-N,MQDHWFBAOKEPSN,PubChem,122194676,26358159,nav_test.csv,1,80.7%,0.567164182662964
C[Si](C)(C)CCS(=O)(=O)NC(=O)C1=C(C=C(C(=C1)C2CC2)OCC3CN(C3)C(C4=CC=CC=C4)C5=CC=CC=C5)F,1,AGYHSBIECCQIMW-UHFFFAOYSA-N,AGYHSBIECCQIMW,PubChem,123359639,6331,nav_test.csv,1,58.8%,0.567567586898804
C1C[C@@H](CN(C1)CC2=CC=CC=C2)OC3=CC(=C(C=C3C4CC4)C(=O)NS(=O)(=O)N5CCC5)F,1,NVDJRUZWJVKEIQ-FQEVSTJZSA-N,NVDJRUZWJVKEIQ,PubChem,118120769,6331,nav_test.csv,1,75.0%,0.569444417953491
O=C(CCc1ccccc1)N1CCC2(CCc3cc(F)ccc3O2)CC1,1,DZCNPAGZPPBTBP-UHFFFAOYSA-N,DZCNPAGZPPBTBP,ChEMBL,CHEMBL447085,,eval_set_nav_60,1,95.0%,0.571428596973419
Cl.Nc1nc(-c2ccc(NC(=O)[C@@H]3CCCN3)cc2)c[nH]1,0,URZADAGEOXVIMR-NSHDSACASA-N,AFQZUHZFTSLCLV,ChEMBL,CHEMBL3113260,,eval_set_nav_70,0,79.2%,0.573770463466644
Cn1cccc1C(=O)N[C@H]1CCc2nc(N)sc2C1,0,JNFQGNNJCPRLFH-QMMMGPOBSA-N,JNFQGNNJCPRLFH,PubChem,,76309796,eval_set_nav_70,0,71.4%,0.573770463466644
O=C(NC1CCN(CC(O)COc2ccc(C(F)(F)F)cc2)CC1)c1ccccc1,1,LSHATFQUHCHGOI-UHFFFAOYSA-N,LSHATFQUHCHGOI,PubChem,,122194675,eval_set_nav_70,1,76.7%,0.575757563114166
N=C(NCCCCc1ccccc1)NC(=O)c1cccs1,1,UAHRZSFLMXMQQA-UHFFFAOYSA-N,UAHRZSFLMXMQQA,ChEMBL,CHEMBL108361,,eval_set_nav_70,1,79.2%,0.576923072338104
CC[C@H](C1=CC(=C(C=C1)F)C)OC2=C(C=C(C=N2)C3=CC(=C(C=C3C)C(=O)NS(=O)(=O)C)F)Cl,0,FYANUSCVICVUOC-JOCHJYFZSA-N,FYANUSCVICVUOC,PubChem,122422586,6331,nav_test.csv,0,52.0%,0.577464759349823
Cc1nc(C(F)(F)F)n2cc(-c3ccc(OC(F)(F)F)cc3)ccc12,1,IVXSNVZBSOJWTN-UHFFFAOYSA-N,IVXSNVZBSOJWTN,ChEMBL,CHEMBL3809647,,eval_set_nav_60,1,83.2%,0.577777802944183
O=C(NCc1ccc(OCC(F)(F)F)nc1)c1c2ccccc2c(O)n1CCc1ccccn1,0,ZFHSQCIITNKBHR-UHFFFAOYSA-N,ZFHSQCIITNKBHR,CUPID,CUPID,,nav_test.csv,1,55.8%,0.578947365283966
COc1cccc2c(O)n(CCc3ccccn3)c(C(=O)NCc3ccc(OC(F)(F)F)cc3)c12,0,JLAYXQRVAFRROJ-UHFFFAOYSA-N,JLAYXQRVAFRROJ,CUPID,CUPID,,nav_test.csv,0,52.8%,0.580246925354004
O=C1c2cc(-c3ccc(C(F)(F)F)cc3)ccc2-n2ccnc2CN1Cc1ccccc1,1,BAUSMXBDXMYSIS-UHFFFAOYSA-N,BAUSMXBDXMYSIS,ChEMBL,CHEMBL3906856,,eval_set_nav_70,1,86.8%,0.580645143985748
CS(=O)(=O)Nc1nnc2ccc(-c3ccc(OC(F)(F)F)cc3)cn12,1,VKHYTRQRNNNOEX-UHFFFAOYSA-N,VKHYTRQRNNNOEX,ChEMBL,CHEMBL3808591,,eval_set_nav_70,1,51.2%,0.583333313465118
Cn1cncc1C(=O)N1CCOc2ccc(-c3ccc(C(F)(F)F)cc3)cc2C1,1,HKWQSDHEZUENQF-UHFFFAOYSA-N,HKWQSDHEZUENQF,ChEMBL,CHEMBL3953488,,eval_set_nav_70,1,93.5%,0.584615409374237
O=C(COc1nn(-c2ccccc2F)c2ccc(F)cc12)N1CCOCC1,1,FFXBKKBNWGBOAE-UHFFFAOYSA-N,FFXBKKBNWGBOAE,PubChem,,127047643,eval_set_nav_60,1,66.5%,0.584615409374237
CC1(CCCN(C1)C(=O)NCC2=CC=C(C=C2)C3=CC(=CC=C3)Cl)C4=CC=CC=C4,1,SFAHBRRRIPXYTB-UHFFFAOYSA-N,SFAHBRRRIPXYTB,PubChem,46883509,19682899,nav_test.csv,1,96.5%,0.586206912994385
FC(F)(F)Oc1ccc(-c2ccn3nccc3n2)cc1,1,AJTLZXBEQAQOBC-UHFFFAOYSA-N,AJTLZXBEQAQOBC,ChEMBL,CHEMBL3808625,,eval_set_nav_60,1,72.5%,0.58695650100708
N=C(NCCCCc1ccccc1)NC(=O)c1c(Cl)cccc1Cl,1,JWJQGUNULCBYAL-UHFFFAOYSA-N,JWJQGUNULCBYAL,ChEMBL,CHEMBL110352,,eval_set_nav_70,1,79.5%,0.588235318660736
Cc1ccc(NC(=O)C2c3ccccc3C(=O)N2CCc2ccccn2)cc1C,1,OMNRGNMKVRPIKA-UHFFFAOYSA-N,OMNRGNMKVRPIKA,PubChem,,60200914,eval_set_nav_60,1,50.7%,0.590909063816071
O=C(Nc1cccc(C(F)(F)F)c1N1CCOCC1)c1cccc(-c2ccccn2)c1,1,AFULOBBVYHAEMW-UHFFFAOYSA-N,AFULOBBVYHAEMW,PubChem,,137649075,eval_set_nav_60,1,74.2%,0.59375
CC1(C)[C@H]2CC[C@H](COc3cc(F)c(C(=O)NS(C)(=O)=O)cc3Cl)[C@@H]1C2,1,PFDGMDBCUUBXKJ-MDZLAQPJSA-N,PFDGMDBCUUBXKJ,PubChem,,86702830,eval_set_nav_70,1,66.5%,0.59375
COc1cc(C(=O)NS(C)(=O)=O)ccc1-c1cnc(Sc2cccc(C)c2)c(Cl)c1,1,QVFAODGDCYHYFO-UHFFFAOYSA-N,QVFAODGDCYHYFO,PubChem,,155545889,eval_set_nav_60,0,70.5%,0.594202876091003
FC(F)(F)Oc1ccc(-c2ccn3ncc(C(F)(F)F)c3c2)cc1,1,YOUNPEUJZBBMQQ-UHFFFAOYSA-N,YOUNPEUJZBBMQQ,PubChem,,127044564,eval_set_nav_60,1,88.0%,0.595744669437408
COc1cc(-c2ccc(F)c(F)c2)ccc1-c1cccc2c1CCN(S(=O)(=O)Nc1nncs1)C2,1,DRFLHOUHDJPQKF-UHFFFAOYSA-N,DRFLHOUHDJPQKF,PubChem,,71737517,eval_set_nav_60,1,77.2%,0.597402572631836
CS(=O)(=O)NC(=O)C1=C(C=C(C(=C1)C2CC2)OCC3CN(C3)[C@H](C4=CC=CC=C4)C5=CC=CC=N5)F,1,UTAOYMGDFRTJNO-AREMUKBSSA-N,UTAOYMGDFRTJNO,PubChem,118120686,6331,nav_test.csv,0,55.2%,0.600000023841858
N=C(NCCCCc1ccccc1)NC(=O)c1ccco1,1,OQXAFBFLDYTRFF-UHFFFAOYSA-N,OQXAFBFLDYTRFF,ChEMBL,CHEMBL109127,,eval_set_nav_70,1,76.8%,0.600000023841858
CC1(c2ccccc2)CCCN(C(=O)Nc2noc3ccccc23)C1,1,RECUJGQMLDHPOK-UHFFFAOYSA-N,RECUJGQMLDHPOK,PubChem,,42646450,eval_set_nav_60,1,81.5%,0.600000023841858
O=C1COc2cc(S(=O)(=O)Nc3ncns3)ccc2N1Cc1ccccc1,0,ZLQDTAHLXHGBGM-UHFFFAOYSA-N,ZLQDTAHLXHGBGM,ChEMBL,CHEMBL4060266,,eval_set_nav_60,1,85.5%,0.600000023841858
CC(C)(C)OC(=O)N1CCN(c2cccc3c2cnn3-c2ccccc2F)C1=O,1,WGXUOYQUTHHSEZ-UHFFFAOYSA-N,WGXUOYQUTHHSEZ,ChEMBL,CHEMBL3798258,,eval_set_nav_70,0,65.8%,0.60317462682724
Nc1nc2c(s1)C[C@@H](NC(=O)c1ccco1)CC2,0,BQXCSESDVDALSV-ZETCQYMHSA-N,BQXCSESDVDALSV,ChEMBL,CHEMBL3085870,,eval_set_nav_70,0,72.8%,0.603448271751404
FC(F)(F)Oc1ccc(-c2ccc3nnc(C(F)(F)F)n3n2)cc1,1,PHUZESTUSFSONE-UHFFFAOYSA-N,PHUZESTUSFSONE,ChEMBL,CHEMBL3810347,,eval_set_nav_70,1,84.2%,0.604651153087616
FC(F)(F)Oc1ccc(-c2ccc3ncc(C(F)(F)F)n3c2)cc1,1,WIBWEQRTGVQDDM-UHFFFAOYSA-N,WIBWEQRTGVQDDM,PubChem,,127044897,eval_set_nav_70,1,92.2%,0.604651153087616
FC(F)(F)Oc1ccc(-c2ccc3cnc(C(F)(F)F)n3c2)cc1,1,VXUJOFHIKATQFY-UHFFFAOYSA-N,VXUJOFHIKATQFY,PubChem,,58118918,eval_set_nav_70,1,89.5%,0.604651153087616
Cn1nccc1CCOc1cc(F)c(S(=O)(=O)Nc2ncns2)cc1F,0,RUZRQWYTSWEZCR-UHFFFAOYSA-N,RUZRQWYTSWEZCR,ChEMBL,CHEMBL4644497,,eval_set_nav_70,0,55.2%,0.605633795261383
CS(=O)(=O)NC(=O)c1cc(C2CC2)c(OCC2CCN(Cc3cc(C(F)(F)F)ccc3Cl)CC2)cc1F,1,KYBPOTYVFWNSGS-UHFFFAOYSA-N,KYBPOTYVFWNSGS,PubChem,,118120545,eval_set_nav_70,1,73.0%,0.605633795261383
O=C(c1ccccc1)c1ccccc1OCC(O)CN1CCC(C(=O)Nc2ccccc2)CC1,1,DFHYYUOTBAUYHX-UHFFFAOYSA-N,DFHYYUOTBAUYHX,PubChem,,122196018,eval_set_nav_70,1,71.8%,0.60606062412262
Cc1ccc(O)c(C)c1OCC(C)N,0,LBHCZYGJQAXJSW-UHFFFAOYSA-N,LBHCZYGJQAXJSW,ChEMBL,CHEMBL2018453,,eval_set_nav_70,0,61.0%,0.60606062412262
CS(=O)(=O)NC(=O)c1cc(Cl)c(OCC2CC3C4CCC(C4)C3C2)cc1F,1,YTSQUJOXQNTPEU-UHFFFAOYSA-N,YTSQUJOXQNTPEU,ChEMBL,CHEMBL3657929,,eval_set_nav_70,1,74.6%,0.606557369232178
O=C1NCCOc2ccc(-c3ccc(OC(F)(F)F)cc3)cc21,1,UNKDYGGGKXYGKX-UHFFFAOYSA-N,UNKDYGGGKXYGKX,ChEMBL,CHEMBL3891035,,eval_set_nav_70,1,83.2%,0.607843160629273
CS(=O)(=O)NC(=O)C1=C(C=C(C(=C1)C2CC2)OCC3CN(C3)[C@@H](C4=CC=CC=C4)C5=CC(=CC(=C5)Cl)Cl)F,1,AGUMLPYUAXPZOR-MHZLTWQESA-N,AGUMLPYUAXPZOR,PubChem,118110748,6331,nav_test.csv,1,57.5%,0.60869562625885
O=C(c1nc[nH]n1)N1CCOc2ccc(-c3ccc(C(F)(F)F)cc3)cc2C1,1,ZLSAZKQEVNWYQT-UHFFFAOYSA-N,ZLSAZKQEVNWYQT,ChEMBL,CHEMBL3913750,,eval_set_nav_70,1,89.5%,0.609375
