Compound_CID,Name,SMILES,Kav_Prediction_class,Cav_Prediction_class,Nav_Prediction_class,Cardiotoxicity
4943,Propofol,CC(C)C1=C(C(=CC=C1)C(C)C)O,Non-blocker,Blocker,Blocker,Low
5206,Sevoflurane,C(OC(C(F)(F)F)C(F)(F)F)F,Non-blocker,Non-Blocker,Non-blocker,Lowest
2351,Bepridil,CC(C)COCC(CN(CC1=CC=CC=C1)C2=CC=CC=C2)N3CCCC3,Blocker,Blocker,Blocker,Low
2157,Amiodarone,CCCCC1=C(C2=CC=CC=C2O1)C(=O)C3=CC(=C(C(=C3)I)OCCN(CC)CC)I,Blocker,Non-Blocker,Blocker,Moderate
3114,Disopyramide,CC(C)N(CCC(C1=CC=CC=C1)(C2=CC=CC=N2)C(=O)N)C(C)C,Blocker,Non-Blocker,Blocker,Moderate
71329,Dofetilide,CN(CCC1=CC=C(C=C1)NS(=O)(=O)C)CCOC2=CC=C(C=C2)NS(=O)(=O)C,Blocker,Non-Blocker,Non-blocker,High
208898,Dronedarone,CCCCC1=C(C2=C(O1)C=CC(=C2)NS(=O)(=O)C)C(=O)C3=CC=C(C=C3)OCCCN(CCCC)CCCC,Blocker,Non-Blocker,Non-blocker,High
3356,Flecainide,C1CCNC(C1)CNC(=O)C2=C(C=CC(=C2)OCC(F)(F)F)OCC(F)(F)F,Blocker,Non-Blocker,Blocker,Moderate
91503,Hydroquinidine,CC[C@H]1CN2CC[C@H]1C[C@@H]2[C@H](C3=C4C=C(C=CC4=NC=C3)OC)O,Blocker,Non-Blocker,Blocker,Moderate
60753,Ibutilide,CCCCCCCN(CC)CCCC(C1=CC=C(C=C1)NS(=O)(=O)C)O,Blocker,Non-Blocker,Non-blocker,High
4486,Nifekalant,CN1C(=CC(=O)N(C1=O)C)NCCN(CCCC2=CC=C(C=C2)[N+](=O)[O-])CCO,Blocker,Non-Blocker,Non-blocker,High
4913,Procainamide,CCN(CC)CCNC(=O)C1=CC=C(C=C1)N,Non-blocker,Non-Blocker,Non-blocker,Lowest
441074,Quinidine,COC1=CC2=C(C=CN=C2C=C1)[C@@H]([C@H]3C[C@@H]4CCN3C[C@@H]4C=C)O,Non-blocker,Blocker,Blocker,Low
5253,Sotalol,CC(C)NCC(C1=CC=C(C=C1)NS(=O)(=O)C)O,Blocker,Non-Blocker,Non-blocker,High
447043,Azithromycin,CC[C@@H]1[C@@]([C@@H]([C@H](N(C[C@@H](C[C@@]([C@@H]([C@H]([C@@H]([C@H](C(=O)O1)C)O[C@H]2C[C@@]([C@H]([C@@H](O2)C)O)(C)OC)C)O[C@H]3[C@@H]([C@H](C[C@H](O3)C)N(C)C)O)(C)O)C)C)C)O)(C)O,Non-blocker,Non-Blocker,Blocker,Low
2764,Ciprofloxacin,C1CC1N2C=C(C(=O)C3=CC(=C(C=C32)N4CCNCC4)F)C(=O)O,Non-blocker,Non-Blocker,Blocker,Low
84029,Clarithromycin,CC[C@@H]1[C@@]([C@@H]([C@H](C(=O)[C@@H](C[C@@]([C@@H]([C@H]([C@@H]([C@H](C(=O)O1)C)O[C@H]2C[C@@]([C@H]([C@@H](O2)C)O)(C)OC)C)O[C@H]3[C@@H]([C@H](C[C@H](O3)C)N(C)C)O)(C)OC)C)C)O)(C)O,Non-blocker,Non-Blocker,Blocker,Low
12560,Erythromycin,CC[C@@H]1[C@@]([C@@H]([C@H](C(=O)[C@@H](C[C@@]([C@@H]([C@H]([C@@H]([C@H](C(=O)O1)C)O[C@H]2C[C@@]([C@H]([C@@H](O2)C)O)(C)OC)C)O[C@H]3[C@@H]([C@H](C[C@H](O3)C)N(C)C)O)(C)O)C)C)O)(C)O,Non-blocker,Non-Blocker,Blocker,Low
5379,Gatifloxacin,CC1CN(CCN1)C2=C(C=C3C(=C2OC)N(C=C(C3=O)C(=O)O)C4CC4)F,Non-blocker,Non-Blocker,Non-blocker,Lowest
72474,Grepafloxacin,CC1CN(CCN1)C2=C(C(=C3C(=C2)N(C=C(C3=O)C(=O)O)C4CC4)C)F,Non-blocker,Non-Blocker,Non-blocker,Lowest
149096,Levofloxacin,C[C@H]1COC2=C3N1C=C(C(=O)C3=CC(=C2N4CCN(CC4)C)F)C(=O)O,Non-blocker,Non-Blocker,Blocker,Low
152946,Moxifloxacin,COC1=C2C(=CC(=C1N3C[C@@H]4CCCN[C@@H]4C3)F)C(=O)C(=CN2C5CC5)C(=O)O,Non-blocker,Non-Blocker,Blocker,Low
6915744,Roxithromycin,CC[C@@H]1[C@@]([C@@H]([C@H](/C(=N/OCOCCOC)/[C@@H](C[C@@]([C@@H]([C@H]([C@@H]([C@H](C(=O)O1)C)O[C@H]2C[C@@]([C@H]([C@@H](O2)C)O)(C)OC)C)O[C@H]3[C@@H]([C@H](C[C@H](O3)C)N(C)C)O)(C)O)C)C)O)(C)O,Non-blocker,Non-Blocker,Blocker,Low
60464,Sparfloxacin,C[C@@H]1CN(C[C@@H](N1)C)C2=C(C(=C3C(=C2F)N(C=C(C3=O)C(=O)O)C4CC4)N)F,Non-blocker,Non-Blocker,Blocker,Low
451415,Aclarubicin,CC[C@]1(C[C@@H](C2=C(C3=C(C=C2[C@H]1C(=O)OC)C(=O)C4=C(C3=O)C(=CC=C4)O)O)O[C@H]5C[C@@H]([C@@H]([C@@H](O5)C)O[C@H]6C[C@@H]([C@@H]([C@@H](O6)C)O[C@H]7CCC(=O)[C@@H](O7)C)O)N(C)C)O,Blocker,Blocker,Blocker,Low
261004,Arsenic(III)oxide,O=[As]O[As]=O,Non-blocker,Non-Blocker,Non-blocker,Lowest
6857599,Oxaliplatin,C1CC[C@H]([C@@H](C1)N)N.C(=O)(C(=O)O)O.[Pt+2],Blocker,Non-Blocker,Non-blocker,High
3081361,Vandetanib,CN1CCC(CC1)COC2=C(C=C3C(=C2)N=CN=C3NC4=C(C=C(C=C4)Br)F)OC,Non-blocker,Non-Blocker,Non-blocker,Lowest
2771,Citalopram,CN(C)CCCC1(C2=C(CO1)C=C(C=C2)C#N)C3=CC=C(C=C3)F,Blocker,Non-Blocker,Non-blocker,High
146570,Escitalopram,CN(C)CCC[C@@]1(C2=C(CO1)C=C(C=C2)C#N)C3=CC=C(C=C3)F,Blocker,Non-Blocker,Non-blocker,High
3151,Domperidone,C1CN(CCC1N2C3=C(C=C(C=C3)Cl)NC2=O)CCCN4C5=CC=CC=C5NC4=O,Blocker,Non-Blocker,Blocker,Moderate
4595,Ondansetron,CC1=NC=CN1CC2CCC3=C(C2=O)C4=CC=CC=C4N3C,Blocker,Non-Blocker,Non-blocker,High
3365,Fluconazole,C1=CC(=C(C=C1F)F)C(CN2C=NC=N2)(CN3C=NC=N3)O,Non-blocker,Non-Blocker,Non-blocker,Lowest
4735,Pentamidine,C1=CC(=CC=C1C(=N)N)OCCCCCOC2=CC=C(C=C2)C(=N)N,Blocker,Blocker,Blocker,Low
2247,Astemizole,COC1=CC=C(C=C1)CCN2CCC(CC2)NC3=NC4=CC=CC=C4N3CC5=CC=C(C=C5)F,Blocker,Blocker,Blocker,Low
5405,Terfenadine,CC(C)(C)C1=CC=C(C=C1)C(CCCN2CCC(CC2)C(C3=CC=CC=C3)(C4=CC=CC=C4)O)O,Blocker,Blocker,Blocker,Low
4912,Probucol,CC(C)(C)C1=CC(=CC(=C1O)C(C)(C)C)SC(C)(C)SC2=CC(=C(C(=C2)C(C)(C)C)O)C(C)(C)C,Non-blocker,Blocker,Blocker,Low
2719,Chloroquine,CCN(CC)CCCC(C)NC1=C2C=CC(=CC2=NC=C1)Cl,Blocker,Non-Blocker,Non-blocker,High
37393,Halofantrine,CCCCN(CCCC)CCC(C1=C2C=CC(=CC2=C3C=C(C=C(C3=C1)Cl)Cl)C(F)(F)F)O,Blocker,Non-Blocker,Non-blocker,High
3652,Hydroxychloroquine,CCN(CCCC(C)NC1=C2C=CC(=CC2=NC=C1)Cl)CCO,Blocker,Non-Blocker,Non-blocker,High
64953,Meglumine Antimoniate,CNC[C@@H]([C@H]([C@@H]([C@@H](CO)O)O)O)O.O[Sb](=O)=O,Blocker,Non-Blocker,Blocker,Moderate
667466,Chlorprothixene,CN(C)CC/C=C/1\C2=CC=CC=C2SC3=C1C=C(C=C3)Cl,Blocker,Blocker,Blocker,Low
3559,Haloperidol,C1CN(CCC1(C2=CC=C(C=C2)Cl)O)CCCC(=O)C3=CC=C(C=C3)F,Blocker,Blocker,Blocker,Low
72287,Levomepromazine,C[C@@H](CN1C2=CC=CC=C2SC3=C1C=C(C=C3)OC)CN(C)C,Blocker,Blocker,Blocker,Low
688272,Levosulpiride,CCN1CCC[C@H]1CNC(=O)C2=C(C=CC(=C2)S(=O)(=O)N)OC,Non-blocker,Blocker,Blocker,Low
4078,Mesoridazine,CN1CCCCC1CCN2C3=CC=CC=C3SC4=C2C=C(C=C4)S(=O)C,Non-blocker,Non-Blocker,Blocker,Low
16362,Pimozide,C1CN(CCC1N2C3=CC=CC=C3NC2=O)CCCC(C4=CC=C(C=C4)F)C5=CC=C(C=C5)F,Blocker,Blocker,Blocker,Low
5452,Thioridazine,CN1CCCCC1CCN2C3=CC=CC=C3SC4=C2C=C(C=C4)SC,Blocker,Blocker,Blocker,Low
2726,Chlorpromazine,CN(C)CCCN1C2=CC=CC=C2SC3=C1C=C(C=C3)Cl,Blocker,Non-Blocker,Blocker,Moderate
3168,Droperidol,C1CN(CC=C1N2C3=CC=CC=C3NC2=O)CCCC(=O)C4=CC=C(C=C4)F,Blocker,Non-Blocker,Blocker,Moderate
60149,Sertindole,C1CN(CCC1C2=CN(C3=C2C=C(C=C3)Cl)C4=CC=C(C=C4)F)CCN5CCNC5=O,Blocker,Non-Blocker,Blocker,Moderate
5355,Sulpiride,CCN1CCCC1CNC(=O)C2=C(C=CC(=C2)S(=O)(=O)N)OC,Non-blocker,Non-Blocker,Non-blocker,Lowest
5357,Sultopride,CCN1CCCC1CNC(=O)C2=C(C=CC(=C2)S(=O)(=O)CC)OC,Non-blocker,Non-Blocker,Non-blocker,Lowest
3152,Donepezil,COC1=C(C=C2C(=C1)CC(C2=O)CC3CCN(CC3)CC4=CC=CC=C4)OC,Blocker,Non-Blocker,Non-blocker,High
6917698,Cisapride,CO[C@H]1CN(CC[C@H]1NC(=O)C2=CC(=C(C=C2OC)N)Cl)CCCOC3=CC=C(C=C3)F,Blocker,Non-Blocker,Blocker,Moderate
446220,Cocaine,CN1[C@H]2CC[C@@H]1[C@H]([C@H](C2)OC(=O)C3=CC=CC=C3)C(=O)OC,Blocker,Non-Blocker,Blocker,Moderate
23480,Terodiline,CC(CC(C1=CC=CC=C1)C2=CC=CC=C2)NC(C)(C)C,Blocker,Blocker,Blocker,Low
15130,Levomethadyl Acetate,CC[C@@H](C(C[C@H](C)N(C)C)(C1=CC=CC=C1)C2=CC=CC=C2)OC(=O)C,Blocker,Blocker,Blocker,Low
4095,Methadone,CCC(=O)C(CC(C)N(C)C)(C1=CC=CC=C1)C2=CC=CC=C2,Non-blocker,Non-Blocker,Blocker,Low
2754,Cilostazol,C1CCC(CC1)N2C(=NN=N2)CCCCOC3=CC4=C(C=C3)NC(=O)CC4,Non-blocker,Non-Blocker,Non-blocker,Lowest
197060,Ibogaine,CC[C@H]1C[C@@H]2C[C@@H]3[C@H]1N(C2)CCC4=C3NC5=C4C=C(C=C5)OC,Blocker,Blocker,Blocker,Low
24293,Cesium Chloride,[Cl-].[Cs+],Non-blocker,Non-Blocker,Non-blocker,Lowest
118607832,Mobocertinib,CC(C)OC(=O)C1=CN=C(N=C1C2=CN(C3=CC=CC=C32)C)NC4=C(C=C(C(=C4)NC(=O)C=C)N(C)CCN(C)C)OC,Blocker,Non-Blocker,Non-blocker,High
24889392,Quizartinib,CC(C)(C)C1=CC(=NO1)NC(=O)NC2=CC=C(C=C2)C3=CN4C5=C(C=C(C=C5)OCCN6CCOCC6)SC4=N3,Blocker,Non-Blocker,Blocker,Moderate
72081,Terlipressin,C1C[C@H](N(C1)C(=O)[C@@H]2CSSC[C@@H](C(=O)N[C@H](C(=O)N[C@H](C(=O)N[C@H](C(=O)N[C@H](C(=O)N2)CC(=O)N)CCC(=O)N)CC3=CC=CC=C3)CC4=CC=C(C=C4)O)NC(=O)CNC(=O)CNC(=O)CN)C(=O)N[C@@H](CCCCN)C(=O)NCC(=O)N,Non-blocker,Blocker,Blocker,Low
6084,Papaverine Hydrochloride,COC1=C(C=C(C=C1)CC2=NC=CC3=CC(=C(C=C32)OC)OC)OC.Cl,Blocker,Blocker,Non-blocker,Moderate
